ISO-10303-21;
HEADER;
FILE_DESCRIPTION(('FreeCAD Model'),'2;1');
FILE_NAME('Open CASCADE Shape Model','2026-10-10T08:46:23',('FreeCAD'),(
    'FreeCAD'),'Open CASCADE STEP processor 7.8','FreeCAD','Unknown');
FILE_SCHEMA(('AUTOMOTIVE_DESIGN { 1 0 10303 214 1 1 1 1 }'));
ENDSEC;
DATA;
#1 = APPLICATION_PROTOCOL_DEFINITION('international standard',
  'automotive_design',2000,#2);
#2 = APPLICATION_CONTEXT(
  'core data for automotive mechanical design processes');
#3 = SHAPE_DEFINITION_REPRESENTATION(#4,#10);
#4 = PRODUCT_DEFINITION_SHAPE('','',#5);
#5 = PRODUCT_DEFINITION('design','',#6,#9);
#6 = PRODUCT_DEFINITION_FORMATION('','',#7);
#7 = PRODUCT('Open CASCADE STEP translator 7.8 1',
  'Open CASCADE STEP translator 7.8 1','',(#8));
#8 = PRODUCT_CONTEXT('',#2,'mechanical');
#9 = PRODUCT_DEFINITION_CONTEXT('part definition',#2,'design');
#10 = SHAPE_REPRESENTATION('',(#11,#15,#2887),#4029);
#11 = AXIS2_PLACEMENT_3D('',#12,#13,#14);
#12 = CARTESIAN_POINT('',(0.,0.,0.));
#13 = DIRECTION('',(0.,0.,1.));
#14 = DIRECTION('',(1.,0.,-0.));
#15 = MANIFOLD_SOLID_BREP('',#16);
#16 = CLOSED_SHELL('',(#17,#169,#178,#206,#399,#470,#605,#666,#683,#712,
    #724,#1039,#1071,#1095,#1120,#1162,#1357,#1389,#1413,#1437,#1455,
    #1472,#1503,#1527,#1551,#1568,#1580,#1608,#1649,#1663,#1876,#1886,
    #1896,#1908,#1920,#1932,#1986,#2010,#2066,#2083,#2107,#2164,#2228,
    #2252,#2309,#2326,#2343,#2406,#2430,#2454,#2503,#2538,#2573,#2597,
    #2621,#2638,#2662,#2686,#2703,#2720,#2737,#2754,#2771,#2783,#2800,
    #2817,#2834,#2851,#2863,#2875));
#17 = ADVANCED_FACE('',(#18),#164,.T.);
#18 = FACE_BOUND('',#19,.F.);
#19 = EDGE_LOOP('',(#20,#29,#37,#149,#157,#163));
#20 = ORIENTED_EDGE('',*,*,#21,.F.);
#21 = EDGE_CURVE('',#22,#22,#24,.T.);
#22 = VERTEX_POINT('',#23);
#23 = CARTESIAN_POINT('',(6.4125,-2.E-15,-4.5));
#24 = CIRCLE('',#25,6.4125);
#25 = AXIS2_PLACEMENT_3D('',#26,#27,#28);
#26 = CARTESIAN_POINT('',(0.,0.,-4.5));
#27 = DIRECTION('',(0.,0.,1.));
#28 = DIRECTION('',(1.,0.,0.));
#29 = ORIENTED_EDGE('',*,*,#30,.T.);
#30 = EDGE_CURVE('',#22,#31,#33,.T.);
#31 = VERTEX_POINT('',#32);
#32 = CARTESIAN_POINT('',(6.4125,1.E-15,-4.439655172414));
#33 = LINE('',#34,#35);
#34 = CARTESIAN_POINT('',(6.4125,-1.57E-15,-4.5));
#35 = VECTOR('',#36,1.);
#36 = DIRECTION('',(0.,0.,1.));
#37 = ORIENTED_EDGE('',*,*,#38,.T.);
#38 = EDGE_CURVE('',#31,#39,#41,.T.);
#39 = VERTEX_POINT('',#40);
#40 = CARTESIAN_POINT('',(6.4125,-2.E-15,-2.130576737844));
#41 = B_SPLINE_CURVE_WITH_KNOTS('',8,(#42,#43,#44,#45,#46,#47,#48,#49,
    #50,#51,#52,#53,#54,#55,#56,#57,#58,#59,#60,#61,#62,#63,#64,#65,#66,
    #67,#68,#69,#70,#71,#72,#73,#74,#75,#76,#77,#78,#79,#80,#81,#82,#83,
    #84,#85,#86,#87,#88,#89,#90,#91,#92,#93,#94,#95,#96,#97,#98,#99,#100
    ,#101,#102,#103,#104,#105,#106,#107,#108,#109,#110,#111,#112,#113,
    #114,#115,#116,#117,#118,#119,#120,#121,#122,#123,#124,#125,#126,
    #127,#128,#129,#130,#131,#132,#133,#134,#135,#136,#137,#138,#139,
    #140,#141,#142,#143,#144,#145,#146,#147,#148),.UNSPECIFIED.,.F.,.F.,
  (9,7,7,7,7,7,7,7,7,7,7,7,7,7,7,9),(0.,4.198742260197E-02,
    0.110570545258,0.160642249067,0.263967328831,0.369435034996,
    0.49777315272,0.600468479451,0.650150945018,0.714787878305,
    0.740997723121,0.762905705,0.802319131581,0.870082184664,
    0.918522906382,1.),.UNSPECIFIED.);
#42 = CARTESIAN_POINT('',(6.4125,6.22E-15,-4.439655172414));
#43 = CARTESIAN_POINT('',(6.4125,0.21144837521,-4.427536971812));
#44 = CARTESIAN_POINT('',(6.404531453689,0.42289841827,-4.415416943392)
  );
#45 = CARTESIAN_POINT('',(6.388594482851,0.633997422642,-4.403296460536)
  );
#46 = CARTESIAN_POINT('',(6.364707586053,0.844394863996,-4.391176245765)
  );
#47 = CARTESIAN_POINT('',(6.332907622632,1.053742524997,-4.37905656586)
  );
#48 = CARTESIAN_POINT('',(6.29324979668,1.261694620094,-4.366937426987)
  );
#49 = CARTESIAN_POINT('',(6.245807641025,1.467907920317,-4.354818769821)
  );
#50 = CARTESIAN_POINT('',(6.100614942635,2.005478497758,-4.322906701607)
  );
#51 = CARTESIAN_POINT('',(5.990026824454,2.333390633857,-4.303112821292)
  );
#52 = CARTESIAN_POINT('',(5.859310401885,2.654274964734,-4.283320149646)
  );
#53 = CARTESIAN_POINT('',(5.7089963878,2.966692027892,-4.263528032455));
#54 = CARTESIAN_POINT('',(5.539731522132,3.269261179695,-4.243735262373)
  );
#55 = CARTESIAN_POINT('',(5.352273869092,3.560659693791,-4.223941039632)
  );
#56 = CARTESIAN_POINT('',(5.147496342203,3.839625998213,-4.204145666452)
  );
#57 = CARTESIAN_POINT('',(4.764977580098,4.298689327099,-4.169899111777)
  );
#58 = CARTESIAN_POINT('',(4.59484772194,4.485160230854,-4.155446765419)
  );
#59 = CARTESIAN_POINT('',(4.416393216171,4.663919015574,-4.140994370214)
  );
#60 = CARTESIAN_POINT('',(4.230023525975,4.834532759072,-4.126542079534)
  );
#61 = CARTESIAN_POINT('',(4.036172990983,4.996596559354,-4.112089897976)
  );
#62 = CARTESIAN_POINT('',(3.835300574002,5.149733730141,-4.097637813341)
  );
#63 = CARTESIAN_POINT('',(3.627889607748,5.293595996402,-4.083185928616)
  );
#64 = CARTESIAN_POINT('',(2.974000805504,5.704930757341,-4.038913653308)
  );
#65 = CARTESIAN_POINT('',(2.507730654235,5.941232095374,-4.009085625574)
  );
#66 = CARTESIAN_POINT('',(2.02022761964,6.13382640836,-3.979263187507));
#67 = CARTESIAN_POINT('',(1.516303798107,6.280558142742,-3.94944668042)
  );
#68 = CARTESIAN_POINT('',(1.000941400481,6.379910851839,-3.91963023535)
  );
#69 = CARTESIAN_POINT('',(0.479265642798,6.430960741996,-3.889807902832)
  );
#70 = CARTESIAN_POINT('',(-4.345802216587E-02,6.433430400075,
    -3.859979787285));
#71 = CARTESIAN_POINT('',(-1.09089541959,6.341309663779,-3.799718181585)
  );
#72 = CARTESIAN_POINT('',(-1.61574950743,6.244677142386,-3.769266525795)
  );
#73 = CARTESIAN_POINT('',(-2.130577407492,6.098402199093,-3.738817626665
    ));
#74 = CARTESIAN_POINT('',(-2.629914308688,5.90377351603,-3.708371458062)
  );
#75 = CARTESIAN_POINT('',(-3.108578854613,5.662738461159,-3.67792499673)
  );
#76 = CARTESIAN_POINT('',(-3.561657898038,5.377846420076,-3.647475316924
    ));
#77 = CARTESIAN_POINT('',(-3.984538388706,5.052297994678,-3.617022648978
    ));
#78 = CARTESIAN_POINT('',(-4.845720388939,4.249337361475,-3.549539724478
    ));
#79 = CARTESIAN_POINT('',(-5.267983718316,3.753834205443,-3.512475764936
    ));
#80 = CARTESIAN_POINT('',(-5.631856821863,3.210744954166,-3.475429572423
    ));
#81 = CARTESIAN_POINT('',(-5.931324853738,2.628242259252,-3.438396158077
    ));
#82 = CARTESIAN_POINT('',(-6.161660214554,2.015104571035,-3.401362724309
    ));
#83 = CARTESIAN_POINT('',(-6.319534583708,1.380730673667,-3.364316532222
    ));
#84 = CARTESIAN_POINT('',(-6.402932202569,0.735069065435,-3.327253011626
    ));
#85 = CARTESIAN_POINT('',(-6.419048556369,-0.428294643046,
    -3.260573058988));
#86 = CARTESIAN_POINT('',(-6.378549929517,-0.946221927093,
    -3.230923665692));
#87 = CARTESIAN_POINT('',(-6.290271163626,-1.459607844524,
    -3.201276482197));
#88 = CARTESIAN_POINT('',(-6.154860425497,-1.963317063427,
    -3.171633402881));
#89 = CARTESIAN_POINT('',(-5.973585152936,-2.452396243264,
    -3.141990969092));
#90 = CARTESIAN_POINT('',(-5.748280206124,-2.9220729802,-3.112345372431)
  );
#91 = CARTESIAN_POINT('',(-5.481390792065,-3.367785019278,
    -3.082697621849));
#92 = CARTESIAN_POINT('',(-5.028419951968,-3.987198090489,
    -3.038720091198));
#93 = CARTESIAN_POINT('',(-4.871721709409,-4.182573596106,
    -3.024381278152));
#94 = CARTESIAN_POINT('',(-4.706361532861,-4.370893564813,
    -3.010042683257));
#95 = CARTESIAN_POINT('',(-4.532711576519,-4.551710571619,-2.99570422389
    ));
#96 = CARTESIAN_POINT('',(-4.35116983358,-4.724602676298,-2.981365655377
    ));
#97 = CARTESIAN_POINT('',(-4.162159919483,-4.889173647671,
    -2.967026739409));
#98 = CARTESIAN_POINT('',(-3.966130855144,-5.045053187878,
    -2.952687412457));
#99 = CARTESIAN_POINT('',(-3.500007883892,-5.38294129478,-2.919692305829
    ));
#100 = CARTESIAN_POINT('',(-3.225363861031,-5.558704756722,
    -2.901035209161));
#101 = CARTESIAN_POINT('',(-2.940675557364,-5.718422255701,
    -2.882377823973));
#102 = CARTESIAN_POINT('',(-2.647041757059,-5.861430237215,
    -2.86372027813));
#103 = CARTESIAN_POINT('',(-2.34560435464,-5.98715842918,-2.845062446676
    ));
#104 = CARTESIAN_POINT('',(-2.037546147121,-6.095127271512,
    -2.826404509764));
#105 = CARTESIAN_POINT('',(-1.724091316315,-6.184951225167,
    -2.807747289407));
#106 = CARTESIAN_POINT('',(-1.277730931156,-6.285298860077,
    -2.781527917806));
#107 = CARTESIAN_POINT('',(-1.148271876639,-6.311220458237,
    -2.773963689341));
#108 = CARTESIAN_POINT('',(-1.018214873945,-6.334093995603,
    -2.766399725539));
#109 = CARTESIAN_POINT('',(-0.887643739605,-6.353903498826,
    -2.758836042531));
#110 = CARTESIAN_POINT('',(-0.756642670516,-6.370635780699,
    -2.751272626695));
#111 = CARTESIAN_POINT('',(-0.625296243943,-6.384280440167,
    -2.743709434662));
#112 = CARTESIAN_POINT('',(-0.49368941752,-6.394829862319,
    -2.736146393314));
#113 = CARTESIAN_POINT('',(-0.251755208983,-6.408505899972,
    -2.722261732244));
#114 = CARTESIAN_POINT('',(-0.14148038829,-6.412566653504,
    -2.715940027093));
#115 = CARTESIAN_POINT('',(-3.113283831339E-02,-6.414458662971,
    -2.709618380536));
#116 = CARTESIAN_POINT('',(7.923763673415E-02,-6.414180488655,
    -2.703296622853));
#117 = CARTESIAN_POINT('',(0.189581230113,-6.411732064942,
    -2.696974481245));
#118 = CARTESIAN_POINT('',(0.299848163093,-6.40711469813,-2.690651742682
    ));
#119 = CARTESIAN_POINT('',(0.409988715487,-6.40033106423,-2.684328416746
    ));
#120 = CARTESIAN_POINT('',(0.71778431956,-6.375291214276,-2.666628609939
    ));
#121 = CARTESIAN_POINT('',(0.915047242381,-6.352198858908,
    -2.655251427943));
#122 = CARTESIAN_POINT('',(1.111451512637,-6.322131863102,
    -2.643874209614));
#123 = CARTESIAN_POINT('',(1.306709358972,-6.285128044851,
    -2.632497381413));
#124 = CARTESIAN_POINT('',(1.500535836775,-6.241239303422,-2.62112107151
    ));
#125 = CARTESIAN_POINT('',(1.692648914284,-6.190531605079,
    -2.609745242169));
#126 = CARTESIAN_POINT('',(1.882769558673,-6.133084968787,
    -2.598369822118));
#127 = CARTESIAN_POINT('',(2.393594068063,-5.958801640784,
    -2.567437960564));
#128 = CARTESIAN_POINT('',(2.709882202918,-5.828960875856,
    -2.547881096593));
#129 = CARTESIAN_POINT('',(3.018065050839,-5.679951981822,-2.52832524184
    ));
#130 = CARTESIAN_POINT('',(3.31678983413,-5.512374335202,-2.508769795543
    ));
#131 = CARTESIAN_POINT('',(3.604766660729,-5.326934216667,
    -2.489213667047));
#132 = CARTESIAN_POINT('',(3.880767401044,-5.124440490867,
    -2.469656147221));
#133 = CARTESIAN_POINT('',(4.143628954156,-4.905807613797,
    -2.450097545613));
#134 = CARTESIAN_POINT('',(4.569996564884,-4.504974706037,
    -2.416558503626));
#135 = CARTESIAN_POINT('',(4.740469914535,-4.330153577308,
    -2.402577011946));
#136 = CARTESIAN_POINT('',(4.90328568022,-4.147974579829,-2.388595489808
    ));
#137 = CARTESIAN_POINT('',(5.05807408864,-3.958830340915,-2.374614070391
    ));
#138 = CARTESIAN_POINT('',(5.204491028171,-3.763133908194,
    -2.360632760952));
#139 = CARTESIAN_POINT('',(5.342218211716,-3.561318540932,
    -2.346651555251));
#140 = CARTESIAN_POINT('',(5.470963339543,-3.353837501365,
    -2.332670545968));
#141 = CARTESIAN_POINT('',(5.79145359178,-2.783447637175,-2.295174879056
    ));
#142 = CARTESIAN_POINT('',(5.966310730249,-2.4109923682,-2.271657962156)
  );
#143 = CARTESIAN_POINT('',(6.113733659684,-2.026084943674,-2.24814326178
    ));
#144 = CARTESIAN_POINT('',(6.232708909839,-1.631094518596,
    -2.224630908523));
#145 = CARTESIAN_POINT('',(6.322471647155,-1.228459174746,
    -2.201119017457));
#146 = CARTESIAN_POINT('',(6.382494340001,-0.820679077276,
    -2.177605563393));
#147 = CARTESIAN_POINT('',(6.412500000081,-0.410316111513,
    -2.154090302149));
#148 = CARTESIAN_POINT('',(6.4125,0.,-2.130576737844));
#149 = ORIENTED_EDGE('',*,*,#150,.F.);
#150 = EDGE_CURVE('',#151,#39,#153,.T.);
#151 = VERTEX_POINT('',#152);
#152 = CARTESIAN_POINT('',(6.4125,2.E-15,-2.560344827586));
#153 = LINE('',#154,#155);
#154 = CARTESIAN_POINT('',(6.4125,-1.57E-15,-4.5));
#155 = VECTOR('',#156,1.);
#156 = DIRECTION('',(0.,0.,1.));
#157 = ORIENTED_EDGE('',*,*,#158,.F.);
#158 = EDGE_CURVE('',#31,#151,#159,.T.);
#159 = LINE('',#160,#161);
#160 = CARTESIAN_POINT('',(6.4125,-1.57E-15,-4.5));
#161 = VECTOR('',#162,1.);
#162 = DIRECTION('',(0.,0.,1.));
#163 = ORIENTED_EDGE('',*,*,#30,.F.);
#164 = CYLINDRICAL_SURFACE('',#165,6.4125);
#165 = AXIS2_PLACEMENT_3D('',#166,#167,#168);
#166 = CARTESIAN_POINT('',(0.,0.,-4.5));
#167 = DIRECTION('',(-0.,-0.,-1.));
#168 = DIRECTION('',(1.,0.,0.));
#169 = ADVANCED_FACE('',(#170),#173,.F.);
#170 = FACE_BOUND('',#171,.T.);
#171 = EDGE_LOOP('',(#172));
#172 = ORIENTED_EDGE('',*,*,#21,.F.);
#173 = PLANE('',#174);
#174 = AXIS2_PLACEMENT_3D('',#175,#176,#177);
#175 = CARTESIAN_POINT('',(0.,0.,-4.5));
#176 = DIRECTION('',(0.,0.,1.));
#177 = DIRECTION('',(1.,0.,0.));
#178 = ADVANCED_FACE('',(#179),#201,.T.);
#179 = FACE_BOUND('',#180,.T.);
#180 = EDGE_LOOP('',(#181,#182,#189,#196));
#181 = ORIENTED_EDGE('',*,*,#158,.F.);
#182 = ORIENTED_EDGE('',*,*,#183,.T.);
#183 = EDGE_CURVE('',#31,#184,#186,.T.);
#184 = VERTEX_POINT('',#185);
#185 = CARTESIAN_POINT('',(7.7625,0.,-3.625));
#186 = B_SPLINE_CURVE_WITH_KNOTS('',1,(#187,#188),.UNSPECIFIED.,.F.,.F.,
  (2,2),(0.,1.693553955444),.PIECEWISE_BEZIER_KNOTS.);
#187 = CARTESIAN_POINT('',(6.3125,3.55E-15,-4.5));
#188 = CARTESIAN_POINT('',(7.7625,0.,-3.625));
#189 = ORIENTED_EDGE('',*,*,#190,.T.);
#190 = EDGE_CURVE('',#184,#191,#193,.T.);
#191 = VERTEX_POINT('',#192);
#192 = CARTESIAN_POINT('',(7.7625,-1.E-15,-3.375));
#193 = B_SPLINE_CURVE_WITH_KNOTS('',1,(#194,#195),.UNSPECIFIED.,.F.,.F.,
  (2,2),(0.,0.25),.PIECEWISE_BEZIER_KNOTS.);
#194 = CARTESIAN_POINT('',(7.7625,0.,-3.625));
#195 = CARTESIAN_POINT('',(7.7625,1.78E-15,-3.375));
#196 = ORIENTED_EDGE('',*,*,#197,.T.);
#197 = EDGE_CURVE('',#191,#151,#198,.T.);
#198 = B_SPLINE_CURVE_WITH_KNOTS('',1,(#199,#200),.UNSPECIFIED.,.F.,.F.,
  (2,2),(0.,1.693553955444),.PIECEWISE_BEZIER_KNOTS.);
#199 = CARTESIAN_POINT('',(7.7625,-8.9E-16,-3.375));
#200 = CARTESIAN_POINT('',(6.3125,6.22E-15,-2.5));
#201 = PLANE('',#202);
#202 = AXIS2_PLACEMENT_3D('',#203,#204,#205);
#203 = CARTESIAN_POINT('',(6.812428913894,1.85E-15,-3.5));
#204 = DIRECTION('',(-2.23E-15,-1.,3.5E-16));
#205 = DIRECTION('',(-1.,2.23E-15,0.));
#206 = ADVANCED_FACE('',(#207),#394,.T.);
#207 = FACE_BOUND('',#208,.F.);
#208 = EDGE_LOOP('',(#209,#314,#315,#371,#379,#388));
#209 = ORIENTED_EDGE('',*,*,#210,.F.);
#210 = EDGE_CURVE('',#151,#211,#213,.T.);
#211 = VERTEX_POINT('',#212);
#212 = CARTESIAN_POINT('',(6.4125,-2.E-15,-0.251243572048));
#213 = B_SPLINE_CURVE_WITH_KNOTS('',8,(#214,#215,#216,#217,#218,#219,
    #220,#221,#222,#223,#224,#225,#226,#227,#228,#229,#230,#231,#232,
    #233,#234,#235,#236,#237,#238,#239,#240,#241,#242,#243,#244,#245,
    #246,#247,#248,#249,#250,#251,#252,#253,#254,#255,#256,#257,#258,
    #259,#260,#261,#262,#263,#264,#265,#266,#267,#268,#269,#270,#271,
    #272,#273,#274,#275,#276,#277,#278,#279,#280,#281,#282,#283,#284,
    #285,#286,#287,#288,#289,#290,#291,#292,#293,#294,#295,#296,#297,
    #298,#299,#300,#301,#302,#303,#304,#305,#306,#307,#308,#309,#310,
    #311,#312,#313),.UNSPECIFIED.,.F.,.F.,(9,7,7,7,7,7,7,7,7,7,7,7,7,7,9
    ),(0.,4.388838878763E-02,0.109053951209,0.163246913532,
    0.261538859182,0.380577781911,0.495640480023,0.598846504189,
    0.648826439138,0.718038172931,0.759341190487,0.801288671798,
    0.867208693439,0.918161659289,1.),.UNSPECIFIED.);
#214 = CARTESIAN_POINT('',(6.4125,7.99E-15,-2.560344827586));
#215 = CARTESIAN_POINT('',(6.4125,0.221021712524,-2.547677974758));
#216 = CARTESIAN_POINT('',(6.403793540194,0.442045922143,-2.535013408021
    ));
#217 = CARTESIAN_POINT('',(6.386380734686,0.66266927693,-2.522349641865)
  );
#218 = CARTESIAN_POINT('',(6.360283664074,0.882491261911,-2.509685713506
    ));
#219 = CARTESIAN_POINT('',(6.325546341128,1.101114324143,-2.497021094643
    ));
#220 = CARTESIAN_POINT('',(6.282234676469,1.318143997789,-2.484355603195
    ));
#221 = CARTESIAN_POINT('',(6.230436444238,1.533189029197,-2.471689315057
    ));
#222 = CARTESIAN_POINT('',(6.080913002633,2.061637990542,-2.440214729086
    ));
#223 = CARTESIAN_POINT('',(5.97309135108,2.372203481747,-2.42140463437)
  );
#224 = CARTESIAN_POINT('',(5.847156158147,2.676274932509,-2.402593871766
    ));
#225 = CARTESIAN_POINT('',(5.70357136731,2.972621384399,-2.383783292894)
  );
#226 = CARTESIAN_POINT('',(5.542895492631,3.260060114546,-2.364973059967
    ));
#227 = CARTESIAN_POINT('',(5.365778134865,3.537455923879,-2.346163010384
    ));
#228 = CARTESIAN_POINT('',(5.172962521541,3.803723562694,-2.327353246851
    ));
#229 = CARTESIAN_POINT('',(4.792592906524,4.269155939435,-2.292903606289
    ));
#230 = CARTESIAN_POINT('',(4.609609015574,4.4720833078,-2.277262316096)
  );
#231 = CARTESIAN_POINT('',(4.416823982813,4.666024449455,-2.261621535154
    ));
#232 = CARTESIAN_POINT('',(4.214755574395,4.850428961132,-2.245981170888
    ));
#233 = CARTESIAN_POINT('',(4.003955233305,5.024784662667,-2.230340868074
    ));
#234 = CARTESIAN_POINT('',(3.785007068422,5.188616976075,-2.214700280304
    ));
#235 = CARTESIAN_POINT('',(3.558528337326,5.341490006497,-2.199059330278
    ));
#236 = CARTESIAN_POINT('',(2.901922643473,5.739688579552,-2.155049984348
    ));
#237 = CARTESIAN_POINT('',(2.455928137785,5.959089667934,-2.126673989554
    ));
#238 = CARTESIAN_POINT('',(1.991166864709,6.138759951696,-2.098299577546
    ));
#239 = CARTESIAN_POINT('',(1.511793928717,6.276881212557,-2.069927731769
    ));
#240 = CARTESIAN_POINT('',(1.022102491424,6.372160169352,-2.041555518868
    ));
#241 = CARTESIAN_POINT('',(0.526503713696,6.423793734802,-2.013180211812
    ));
#242 = CARTESIAN_POINT('',(2.952472827348E-02,6.431509012189,
    -1.984803333408));
#243 = CARTESIAN_POINT('',(-1.062083211357,6.352284025774,
    -1.922077979539));
#244 = CARTESIAN_POINT('',(-1.655659369923,6.244986544912,
    -1.887706143462));
#245 = CARTESIAN_POINT('',(-2.236462477605,6.074284239785,
    -1.853346411666));
#246 = CARTESIAN_POINT('',(-2.796640589095,5.842110004128,
    -1.818996141862));
#247 = CARTESIAN_POINT('',(-3.328789471177,5.55138309155,-1.784646146963
    ));
#248 = CARTESIAN_POINT('',(-3.825991775519,5.206040154534,-1.75028704714
    ));
#249 = CARTESIAN_POINT('',(-4.281817756337,4.810984235542,
    -1.715915666074));
#250 = CARTESIAN_POINT('',(-5.085696581945,3.948621982402,
    -1.648349943858));
#251 = CARTESIAN_POINT('',(-5.437211973445,3.483771591979,
    -1.615123465846));
#252 = CARTESIAN_POINT('',(-5.739875311978,2.983429476672,
    -1.581902216087));
#253 = CARTESIAN_POINT('',(-5.989636615891,2.45366629684,-1.548685481722
    ));
#254 = CARTESIAN_POINT('',(-6.183322539626,1.900931812381,
    -1.515468812222));
#255 = CARTESIAN_POINT('',(-6.318669599431,1.332048467663,-1.48224776215
    ));
#256 = CARTESIAN_POINT('',(-6.394304744566,0.754183132891,
    -1.449021467133));
#257 = CARTESIAN_POINT('',(-6.424292665341,-0.344609264709,
    -1.386025417075));
#258 = CARTESIAN_POINT('',(-6.390349088919,-0.865625586136,
    -1.356231964705));
#259 = CARTESIAN_POINT('',(-6.308089239964,-1.382677188828,
    -1.326444200441));
#260 = CARTESIAN_POINT('',(-6.178105133843,-1.890543062159,
    -1.29666217869));
#261 = CARTESIAN_POINT('',(-6.001622498362,-2.384180163985,
    -1.266879968275));
#262 = CARTESIAN_POINT('',(-5.780447385646,-2.858723171871,
    -1.23709175166));
#263 = CARTESIAN_POINT('',(-5.517010928271,-3.309513847134,
    -1.207297929485));
#264 = CARTESIAN_POINT('',(-5.068020163196,-3.936836317939,
    -1.163086323591));
#265 = CARTESIAN_POINT('',(-4.912343953966,-4.134944358839,
    -1.148660856082));
#266 = CARTESIAN_POINT('',(-4.747831167736,-4.325999087586,
    -1.134235197176));
#267 = CARTESIAN_POINT('',(-4.574856270567,-4.509541178636,
    -1.119809464225));
#268 = CARTESIAN_POINT('',(-4.39382040055,-4.685137236417,
    -1.105383652578));
#269 = CARTESIAN_POINT('',(-4.205151129555,-4.852380004044,
    -1.09095776552));
#270 = CARTESIAN_POINT('',(-4.009302224991,-5.010888572039,
    -1.076531944207));
#271 = CARTESIAN_POINT('',(-3.526265760487,-5.367223988447,
    -1.042130516195));
#272 = CARTESIAN_POINT('',(-3.232907862673,-5.556727842322,
    -1.022153757368));
#273 = CARTESIAN_POINT('',(-2.927964534921,-5.727866949086,
    -1.002178196076));
#274 = CARTESIAN_POINT('',(-2.612783872489,-5.879823461239,
    -0.982204118503));
#275 = CARTESIAN_POINT('',(-2.288770086756,-6.011902197835,
    -0.96223064759));
#276 = CARTESIAN_POINT('',(-1.957380256374,-6.123526814585,
    -0.942256476778));
#277 = CARTESIAN_POINT('',(-1.620124991908,-6.21424482959,
    -0.922280911965));
#278 = CARTESIAN_POINT('',(-1.074747353661,-6.325214564764,
    -0.890384464285));
#279 = CARTESIAN_POINT('',(-0.869382694514,-6.359131946314,
    -0.878463170541));
#280 = CARTESIAN_POINT('',(-0.662808121807,-6.385426504869,
    -0.866541333138));
#281 = CARTESIAN_POINT('',(-0.455354000436,-6.404048932467,
    -0.854619013178));
#282 = CARTESIAN_POINT('',(-0.247352056873,-6.414967114615,
    -0.842696295675));
#283 = CARTESIAN_POINT('',(-3.913532269657E-02,-6.418165916637,
    -0.830773418282));
#284 = CARTESIAN_POINT('',(0.168962060329,-6.413647399392,
    -0.818851073261));
#285 = CARTESIAN_POINT('',(0.587488206597,-6.389024920365,
    -0.794824697658));
#286 = CARTESIAN_POINT('',(0.797906389653,-6.368678543051,
    -0.782720299051));
#287 = CARTESIAN_POINT('',(1.007508217275,-6.34041306644,-0.770616491811
    ));
#288 = CARTESIAN_POINT('',(1.215945597503,-6.304267428899,
    -0.758512495529));
#289 = CARTESIAN_POINT('',(1.422873941468,-6.260298722331,
    -0.746407876136));
#290 = CARTESIAN_POINT('',(1.627952252937,-6.208582141343,
    -0.734302477631));
#291 = CARTESIAN_POINT('',(1.830843217865,-6.149210932409,
    -0.722196353804));
#292 = CARTESIAN_POINT('',(2.346092741718,-5.977140776086,
    -0.691064221931));
#293 = CARTESIAN_POINT('',(2.654766081173,-5.85335001656,-0.67203629319)
  );
#294 = CARTESIAN_POINT('',(2.955923414178,-5.711358061893,
    -0.653007667066));
#295 = CARTESIAN_POINT('',(3.248314694185,-5.551705322045,
    -0.633979233044));
#296 = CARTESIAN_POINT('',(3.530745139837,-5.375028625438,
    -0.614951154594));
#297 = CARTESIAN_POINT('',(3.802074294768,-5.182057530043,
    -0.595923251576));
#298 = CARTESIAN_POINT('',(4.061218733615,-4.973616939652,
    -0.576895627234));
#299 = CARTESIAN_POINT('',(4.497257807924,-4.578282639606,
    -0.543163300862));
#300 = CARTESIAN_POINT('',(4.679478589946,-4.397232467881,
    -0.528457162078));
#301 = CARTESIAN_POINT('',(4.853351486555,-4.207909984387,
    -0.513751451192));
#302 = CARTESIAN_POINT('',(5.018439883987,-4.010766393486,
    -0.499046091191));
#303 = CARTESIAN_POINT('',(5.174338147546,-3.806277958574,
    -0.484340807903));
#304 = CARTESIAN_POINT('',(5.32067116214,-3.594945312394,-0.469635330032
    ));
#305 = CARTESIAN_POINT('',(5.457095094263,-3.377293748759,
    -0.454929581563));
#306 = CARTESIAN_POINT('',(5.786002962715,-2.795028633572,
    -0.416604214708));
#307 = CARTESIAN_POINT('',(5.962371593307,-2.421252136941,
    -0.392981310873));
#308 = CARTESIAN_POINT('',(6.111084229361,-2.034859983042,
    -0.369358733261));
#309 = CARTESIAN_POINT('',(6.231109660616,-1.63825136977,-0.34573677775)
  );
#310 = CARTESIAN_POINT('',(6.321669609799,-1.233895891332,
    -0.322114228936));
#311 = CARTESIAN_POINT('',(6.382227088015,-0.824326505329,
    -0.298490066205));
#312 = CARTESIAN_POINT('',(6.412500000107,-0.412139291192,
    -0.274865104822));
#313 = CARTESIAN_POINT('',(6.4125,-2.66E-15,-0.251243572048));
#314 = ORIENTED_EDGE('',*,*,#150,.T.);
#315 = ORIENTED_EDGE('',*,*,#316,.T.);
#316 = EDGE_CURVE('',#39,#317,#319,.T.);
#317 = VERTEX_POINT('',#318);
#318 = CARTESIAN_POINT('',(-6.381134276938,-0.633467907386,
    -0.939655172415));
#319 = B_SPLINE_CURVE_WITH_KNOTS('',8,(#320,#321,#322,#323,#324,#325,
    #326,#327,#328,#329,#330,#331,#332,#333,#334,#335,#336,#337,#338,
    #339,#340,#341,#342,#343,#344,#345,#346,#347,#348,#349,#350,#351,
    #352,#353,#354,#355,#356,#357,#358,#359,#360,#361,#362,#363,#364,
    #365,#366,#367,#368,#369,#370),.UNSPECIFIED.,.F.,.F.,(9,7,7,7,7,7,7,
    9),(0.,5.040769448379E-02,0.247316054041,0.49758267418,
    0.693408246142,0.791295571645,0.917863831507,1.),.UNSPECIFIED.);
#320 = CARTESIAN_POINT('',(6.4125,5.6E-16,-2.130576737844));
#321 = CARTESIAN_POINT('',(6.4125,0.130919914014,-2.123074244705));
#322 = CARTESIAN_POINT('',(6.409445237156,0.261840075977,-2.115571647069
    ));
#323 = CARTESIAN_POINT('',(6.403335720624,0.392677026412,-2.108068938583
    ));
#324 = CARTESIAN_POINT('',(6.394174169196,0.523347545798,-2.100566114174
    ));
#325 = CARTESIAN_POINT('',(6.381966011301,0.653768654577,-2.09306317006)
  );
#326 = CARTESIAN_POINT('',(6.366719385006,0.783857613146,-2.08556010374)
  );
#327 = CARTESIAN_POINT('',(6.348445138013,0.91353192186,-2.078056914));
#328 = CARTESIAN_POINT('',(6.243997970431,1.547317000944,-2.041243292499
    ));
#329 = CARTESIAN_POINT('',(6.114823052573,2.04448196587,-2.011923278996)
  );
#330 = CARTESIAN_POINT('',(5.940432171983,2.529098214659,-1.982604791001
    ));
#331 = CARTESIAN_POINT('',(5.722308899951,2.996386488801,-1.953289409712
    ));
#332 = CARTESIAN_POINT('',(5.462490110714,3.441841669534,-1.923973914963
    ));
#333 = CARTESIAN_POINT('',(5.1635183277,3.861223394869,-1.894655125458)
  );
#334 = CARTESIAN_POINT('',(4.828476586467,4.25058989652,-1.865334731193)
  );
#335 = CARTESIAN_POINT('',(3.994184848197,5.058570939877,-1.798770910045
    ));
#336 = CARTESIAN_POINT('',(3.474552208205,5.456993233847,-1.76149491218)
  );
#337 = CARTESIAN_POINT('',(2.909902835742,5.793934255402,-1.724237109247
    ));
#338 = CARTESIAN_POINT('',(2.308860793936,6.063717782193,-1.68699234027)
  );
#339 = CARTESIAN_POINT('',(1.680597699622,6.26201275715,-1.64974750865)
  );
#340 = CARTESIAN_POINT('',(1.034842898877,6.385952820946,-1.61248962936)
  );
#341 = CARTESIAN_POINT('',(0.381812986888,6.434039796892,-1.575213963608
    ));
#342 = CARTESIAN_POINT('',(-0.77577211877,6.38568772286,-1.508813488337)
  );
#343 = CARTESIAN_POINT('',(-1.282140006542,6.318394391506,
    -1.479655848245));
#344 = CARTESIAN_POINT('',(-1.781640837712,6.205205821683,
    -1.450500217792));
#345 = CARTESIAN_POINT('',(-2.269431169871,6.04699601831,-1.421348370565
    ));
#346 = CARTESIAN_POINT('',(-2.740867238921,5.84520921204,-1.392197145623
    ));
#347 = CARTESIAN_POINT('',(-3.191501619478,5.601812991846,
    -1.363043055218));
#348 = CARTESIAN_POINT('',(-3.617111603913,5.319335852261,
    -1.333887042434));
#349 = CARTESIAN_POINT('',(-4.212031577516,4.841857197003,
    -1.290169351575));
#350 = CARTESIAN_POINT('',(-4.403096890246,4.673738732073,-1.27559926808
    ));
#351 = CARTESIAN_POINT('',(-4.586474989571,4.497018343015,
    -1.261029421601));
#352 = CARTESIAN_POINT('',(-4.761715407548,4.312108230993,
    -1.246459733355));
#353 = CARTESIAN_POINT('',(-4.928395970981,4.119446548309,
    -1.231889940607));
#354 = CARTESIAN_POINT('',(-5.086122413906,3.919496725507,
    -1.217319781468));
#355 = CARTESIAN_POINT('',(-5.234529088539,3.712747793106,
    -1.202749186327));
#356 = CARTESIAN_POINT('',(-5.552686631138,3.224265312095,
    -1.169338555078));
#357 = CARTESIAN_POINT('',(-5.715963384262,2.938291119902,
    -1.150497125356));
#358 = CARTESIAN_POINT('',(-5.862377477887,2.642913701642,-1.13165541094
    ));
#359 = CARTESIAN_POINT('',(-5.991303792596,2.339298105926,
    -1.112813548675));
#360 = CARTESIAN_POINT('',(-6.102216422219,2.028649115618,
    -1.093971409092));
#361 = CARTESIAN_POINT('',(-6.194685822025,1.712209047987,
    -1.075129180201));
#362 = CARTESIAN_POINT('',(-6.268382328578,1.391258089082,
    -1.056287714022));
#363 = CARTESIAN_POINT('',(-6.35858590084,0.856766685818,-1.025223061325
    ));
#364 = CARTESIAN_POINT('',(-6.386088531731,0.645064636742,
    -1.012998030288));
#365 = CARTESIAN_POINT('',(-6.405533774859,0.43236825884,-1.000773742975
    ));
#366 = CARTESIAN_POINT('',(-6.416880605852,0.219035694861,-0.98855024223
    ));
#367 = CARTESIAN_POINT('',(-6.42010716096,5.425882892105E-03,
    -0.976327337073));
#368 = CARTESIAN_POINT('',(-6.415210752967,-0.208101547325,
    -0.964104526244));
#369 = CARTESIAN_POINT('',(-6.4022078871,-0.421186378082,-0.951880921752
    ));
#370 = CARTESIAN_POINT('',(-6.381134276938,-0.633467907386,
    -0.939655172415));
#371 = ORIENTED_EDGE('',*,*,#372,.F.);
#372 = EDGE_CURVE('',#373,#317,#375,.T.);
#373 = VERTEX_POINT('',#374);
#374 = CARTESIAN_POINT('',(-6.381134276938,-0.633467907385,0.));
#375 = LINE('',#376,#377);
#376 = CARTESIAN_POINT('',(-6.381134276938,-0.633467907385,-4.5));
#377 = VECTOR('',#378,1.);
#378 = DIRECTION('',(-0.,-0.,-1.));
#379 = ORIENTED_EDGE('',*,*,#380,.F.);
#380 = EDGE_CURVE('',#381,#373,#383,.T.);
#381 = VERTEX_POINT('',#382);
#382 = CARTESIAN_POINT('',(6.4125,-2.E-15,0.));
#383 = CIRCLE('',#384,6.4125);
#384 = AXIS2_PLACEMENT_3D('',#385,#386,#387);
#385 = CARTESIAN_POINT('',(0.,0.,0.));
#386 = DIRECTION('',(0.,0.,-1.));
#387 = DIRECTION('',(1.,0.,0.));
#388 = ORIENTED_EDGE('',*,*,#389,.F.);
#389 = EDGE_CURVE('',#211,#381,#390,.T.);
#390 = LINE('',#391,#392);
#391 = CARTESIAN_POINT('',(6.4125,-1.57E-15,-4.5));
#392 = VECTOR('',#393,1.);
#393 = DIRECTION('',(0.,0.,1.));
#394 = CYLINDRICAL_SURFACE('',#395,6.4125);
#395 = AXIS2_PLACEMENT_3D('',#396,#397,#398);
#396 = CARTESIAN_POINT('',(0.,0.,-4.5));
#397 = DIRECTION('',(-0.,-0.,-1.));
#398 = DIRECTION('',(1.,0.,0.));
#399 = ADVANCED_FACE('',(#400),#433,.F.);
#400 = FACE_BOUND('',#401,.F.);
#401 = EDGE_LOOP('',(#402,#403,#404,#427,#432));
#402 = ORIENTED_EDGE('',*,*,#38,.F.);
#403 = ORIENTED_EDGE('',*,*,#183,.T.);
#404 = ORIENTED_EDGE('',*,*,#405,.T.);
#405 = EDGE_CURVE('',#184,#406,#408,.T.);
#406 = VERTEX_POINT('',#407);
#407 = CARTESIAN_POINT('',(-7.72453096682,-0.766829572097,
    -0.124999999997));
#408 = B_SPLINE_CURVE_WITH_KNOTS('',9,(#409,#410,#411,#412,#413,#414,
    #415,#416,#417,#418,#419,#420,#421,#422,#423,#424,#425,#426),
  .UNSPECIFIED.,.F.,.F.,(10,8,10),(0.,4.788041153971,9.576082307943),
  .UNSPECIFIED.);
#409 = CARTESIAN_POINT('',(7.7625,0.,-3.625));
#410 = CARTESIAN_POINT('',(7.762499999985,4.107106734337,-3.430555555684
    ));
#411 = CARTESIAN_POINT('',(5.316803024922,8.215533669791,-3.236111110638
    ));
#412 = CARTESIAN_POINT('',(0.433659559487,10.65068596134,-3.041666667693
    ));
#413 = CARTESIAN_POINT('',(-5.599052183888,9.799924764581,
    -2.847222220819));
#414 = CARTESIAN_POINT('',(-10.06482769395,5.107558539849,
    -2.652777779098));
#415 = CARTESIAN_POINT('',(-10.61620787644,-0.959844981271,
    -2.458333332509));
#416 = CARTESIAN_POINT('',(-7.942545588224,-5.716586172002,
    -2.263888889234));
#417 = CARTESIAN_POINT('',(-3.718196844265,-7.956113637004,
    -2.069444444369));
#418 = CARTESIAN_POINT('',(4.485965846063,-7.549890224721,
    -1.680555555657));
#419 = CARTESIAN_POINT('',(8.468416963569,-4.904008769821,
    -1.486111110714));
#420 = CARTESIAN_POINT('',(10.659100033284,9.358709984292E-02,
    -1.291666667482));
#421 = CARTESIAN_POINT('',(9.511039776797,6.076844008946,-1.097222221235
    ));
#422 = CARTESIAN_POINT('',(4.603565844309,10.305100303579,
    -0.902777778548));
#423 = CARTESIAN_POINT('',(-1.483681501502,10.555750151673,
    -0.708333332983));
#424 = CARTESIAN_POINT('',(-6.102379874861,7.650120766806,-0.51388888897
    ));
#425 = CARTESIAN_POINT('',(-8.130257330703,3.320187903403,
    -0.319444444458));
#426 = CARTESIAN_POINT('',(-7.72453096682,-0.766829572097,
    -0.124999999997));
#427 = ORIENTED_EDGE('',*,*,#428,.F.);
#428 = EDGE_CURVE('',#317,#406,#429,.T.);
#429 = B_SPLINE_CURVE_WITH_KNOTS('',1,(#430,#431),.UNSPECIFIED.,.F.,.F.,
  (2,2),(0.,1.693553955444),.PIECEWISE_BEZIER_KNOTS.);
#430 = CARTESIAN_POINT('',(-6.281623411023,-0.623589265555,-1.));
#431 = CARTESIAN_POINT('',(-7.72453096682,-0.766829572097,
    -0.124999999997));
#432 = ORIENTED_EDGE('',*,*,#316,.F.);
#433 = B_SPLINE_SURFACE_WITH_KNOTS('',1,9,(
    (#434,#435,#436,#437,#438,#439,#440,#441,#442,#443,#444,#445,#446
      ,#447,#448,#449,#450,#451)
    ,(#452,#453,#454,#455,#456,#457,#458,#459,#460,#461,#462,#463,#464
      ,#465,#466,#467,#468,#469
    )),.UNSPECIFIED.,.F.,.F.,.F.,(2,2),(10,8,10),(0.,1.693553955444),(0.
    ,4.788041153971,9.576082307943),.UNSPECIFIED.);
#434 = CARTESIAN_POINT('',(6.3125,3.55E-15,-4.5));
#435 = CARTESIAN_POINT('',(6.312499999909,3.339917714746,-4.305555555556
    ));
#436 = CARTESIAN_POINT('',(4.323648192829,6.68090902281,-4.11111111111)
  );
#437 = CARTESIAN_POINT('',(0.352653908601,8.661185846482,-3.916666666669
    ));
#438 = CARTESIAN_POINT('',(-4.55317448072,7.969343004519,-3.722222222219
    ));
#439 = CARTESIAN_POINT('',(-8.184763261957,4.153489634378,
    -3.527777777781));
#440 = CARTESIAN_POINT('',(-8.633148111941,-0.780550266959,
    -3.333333333332));
#441 = CARTESIAN_POINT('',(-6.458913884155,-4.648753650155,
    -3.138888888889));
#442 = CARTESIAN_POINT('',(-3.023654438578,-6.469947482635,
    -2.944444444444));
#443 = CARTESIAN_POINT('',(3.648007652601,-6.139604772052,
    -2.555555555556));
#444 = CARTESIAN_POINT('',(6.886554857621,-3.987962043319,
    -2.361111111111));
#445 = CARTESIAN_POINT('',(8.668028207484,7.610545198335E-02,
    -2.166666666668));
#446 = CARTESIAN_POINT('',(7.734420430301,4.941716947253,-1.972222222218
    ));
#447 = CARTESIAN_POINT('',(3.743640501509,8.380154031344,-1.777777777784
    ));
#448 = CARTESIAN_POINT('',(-1.206536486793,8.583983617653,
    -1.583333333328));
#449 = CARTESIAN_POINT('',(-4.962482828973,6.221112700825,
    -1.388888888892));
#450 = CARTESIAN_POINT('',(-6.611561919487,2.699991773318,
    -1.194444444444));
#451 = CARTESIAN_POINT('',(-6.281623411023,-0.623589265555,-1.));
#452 = CARTESIAN_POINT('',(7.7625,0.,-3.625));
#453 = CARTESIAN_POINT('',(7.762499999985,4.107106734337,-3.430555555684
    ));
#454 = CARTESIAN_POINT('',(5.316803024922,8.215533669791,-3.236111110638
    ));
#455 = CARTESIAN_POINT('',(0.433659559487,10.65068596134,-3.041666667693
    ));
#456 = CARTESIAN_POINT('',(-5.599052183888,9.799924764581,
    -2.847222220819));
#457 = CARTESIAN_POINT('',(-10.06482769395,5.107558539849,
    -2.652777779098));
#458 = CARTESIAN_POINT('',(-10.61620787644,-0.959844981271,
    -2.458333332509));
#459 = CARTESIAN_POINT('',(-7.942545588224,-5.716586172002,
    -2.263888889234));
#460 = CARTESIAN_POINT('',(-3.718196844265,-7.956113637004,
    -2.069444444369));
#461 = CARTESIAN_POINT('',(4.485965846063,-7.549890224721,
    -1.680555555657));
#462 = CARTESIAN_POINT('',(8.468416963569,-4.904008769821,
    -1.486111110714));
#463 = CARTESIAN_POINT('',(10.659100033284,9.358709984292E-02,
    -1.291666667482));
#464 = CARTESIAN_POINT('',(9.511039776797,6.076844008946,-1.097222221235
    ));
#465 = CARTESIAN_POINT('',(4.603565844309,10.305100303579,
    -0.902777778548));
#466 = CARTESIAN_POINT('',(-1.483681501502,10.555750151673,
    -0.708333332983));
#467 = CARTESIAN_POINT('',(-6.102379874861,7.650120766806,-0.51388888897
    ));
#468 = CARTESIAN_POINT('',(-8.130257330703,3.320187903403,
    -0.319444444458));
#469 = CARTESIAN_POINT('',(-7.72453096682,-0.766829572097,
    -0.124999999997));
#470 = ADVANCED_FACE('',(#471),#568,.F.);
#471 = FACE_BOUND('',#472,.F.);
#472 = EDGE_LOOP('',(#473,#496,#497,#498,#533));
#473 = ORIENTED_EDGE('',*,*,#474,.F.);
#474 = EDGE_CURVE('',#191,#475,#477,.T.);
#475 = VERTEX_POINT('',#476);
#476 = CARTESIAN_POINT('',(-7.537787835749,1.854145722889,0.));
#477 = B_SPLINE_CURVE_WITH_KNOTS('',9,(#478,#479,#480,#481,#482,#483,
    #484,#485,#486,#487,#488,#489,#490,#491,#492,#493,#494,#495),
  .UNSPECIFIED.,.F.,.F.,(10,8,10),(0.,4.788041153971,9.576082307943),
  .UNSPECIFIED.);
#478 = CARTESIAN_POINT('',(7.7625,1.78E-15,-3.375));
#479 = CARTESIAN_POINT('',(7.762500000007,4.107106734337,-3.180555555684
    ));
#480 = CARTESIAN_POINT('',(5.316803024849,8.215533669799,-2.986111110638
    ));
#481 = CARTESIAN_POINT('',(0.433659559628,10.650685961307,
    -2.791666667693));
#482 = CARTESIAN_POINT('',(-5.599052184055,9.799924764657,
    -2.597222220819));
#483 = CARTESIAN_POINT('',(-10.06482769382,5.107558539749,
    -2.402777779098));
#484 = CARTESIAN_POINT('',(-10.6162078765,-0.959844981185,
    -2.208333332509));
#485 = CARTESIAN_POINT('',(-7.942545588212,-5.716586172049,
    -2.013888889234));
#486 = CARTESIAN_POINT('',(-3.718196844266,-7.956113636991,
    -1.819444444369));
#487 = CARTESIAN_POINT('',(4.485965846064,-7.549890224738,
    -1.430555555657));
#488 = CARTESIAN_POINT('',(8.468416963568,-4.904008769754,
    -1.236111110714));
#489 = CARTESIAN_POINT('',(10.659100033287,9.358709971198E-02,
    -1.041666667482));
#490 = CARTESIAN_POINT('',(9.511039776799,6.076844009102,-0.847222221235
    ));
#491 = CARTESIAN_POINT('',(4.603565844303,10.305100303464,
    -0.652777778548));
#492 = CARTESIAN_POINT('',(-1.483681501497,10.555750151726,
    -0.458333332983));
#493 = CARTESIAN_POINT('',(-6.102379874864,7.650120766797,-0.26388888897
    ));
#494 = CARTESIAN_POINT('',(-8.130257330705,3.320187903403,
    -6.944444445844E-02));
#495 = CARTESIAN_POINT('',(-7.72453096682,-0.766829572097,0.125000000003
    ));
#496 = ORIENTED_EDGE('',*,*,#197,.T.);
#497 = ORIENTED_EDGE('',*,*,#210,.T.);
#498 = ORIENTED_EDGE('',*,*,#499,.T.);
#499 = EDGE_CURVE('',#211,#500,#502,.T.);
#500 = VERTEX_POINT('',#501);
#501 = CARTESIAN_POINT('',(4.971180751966,4.05061948257,-1.20075E-09));
#502 = B_SPLINE_CURVE_WITH_KNOTS('',8,(#503,#504,#505,#506,#507,#508,
    #509,#510,#511,#512,#513,#514,#515,#516,#517,#518,#519,#520,#521,
    #522,#523,#524,#525,#526,#527,#528,#529,#530,#531,#532),
  .UNSPECIFIED.,.F.,.F.,(9,7,7,7,9),(0.,6.677586304375E-02,
    0.423034364888,0.778221153618,1.),.UNSPECIFIED.);
#503 = CARTESIAN_POINT('',(6.4125,1.15E-15,-0.251243572048));
#504 = CARTESIAN_POINT('',(6.4125,0.109428556993,-0.244971735539));
#505 = CARTESIAN_POINT('',(6.410365843868,0.218857220767,-0.23869994681)
  );
#506 = CARTESIAN_POINT('',(6.406097529821,0.328237330978,-0.232428213191
    ));
#507 = CARTESIAN_POINT('',(6.39969638169,0.437520311959,-0.22615654143)
  );
#508 = CARTESIAN_POINT('',(6.39116504892,0.546657672731,-0.219884937691)
  );
#509 = CARTESIAN_POINT('',(6.380507506569,0.655601006995,-0.213613407555
    ));
#510 = CARTESIAN_POINT('',(6.367729055313,0.764301993134,-0.207341956017
    ));
#511 = CARTESIAN_POINT('',(6.273381518209,1.451096937864,-0.167611965557
    ));
#512 = CARTESIAN_POINT('',(6.133709416442,2.021479937695,-0.134140197507
    ));
#513 = CARTESIAN_POINT('',(5.934783391965,2.576133863503,-0.100679115307
    ));
#514 = CARTESIAN_POINT('',(5.678809330412,3.10792728451,
    -6.722645074567E-02));
#515 = CARTESIAN_POINT('',(5.368863803282,3.610182994967,
    -3.377397374885E-02));
#516 = CARTESIAN_POINT('',(5.008912588755,4.076710372803,
    -3.133000789765E-04));
#517 = CARTESIAN_POINT('',(4.603773286266,4.501807391816,
    3.315822034814E-02));
#518 = CARTESIAN_POINT('',(3.716434388098,5.258047747473,
    9.997528617151E-02));
#519 = CARTESIAN_POINT('',(3.234066976539,5.589813593493,0.133351249228)
  );
#520 = CARTESIAN_POINT('',(2.718142159428,5.870718904521,0.166721860436)
  );
#521 = CARTESIAN_POINT('',(2.174993518053,6.096941793912,0.200087894418)
  );
#522 = CARTESIAN_POINT('',(1.611298475212,6.265568880145,0.233453921985)
  );
#523 = CARTESIAN_POINT('',(1.034070845924,6.374629739703,0.266824465608)
  );
#524 = CARTESIAN_POINT('',(0.450632042931,6.423074112527,0.300200453813)
  );
#525 = CARTESIAN_POINT('',(-0.494668612525,6.403713525761,0.35438775977)
  );
#526 = CARTESIAN_POINT('',(-0.857574429311,6.372734818632,0.375217182738
    ));
#527 = CARTESIAN_POINT('',(-1.218207319324,6.318251031686,0.396045028559
    ));
#528 = CARTESIAN_POINT('',(-1.574790805517,6.240467199694,0.416871335501
    ));
#529 = CARTESIAN_POINT('',(-1.925585559966,6.139743206931,0.437697228314
    ));
#530 = CARTESIAN_POINT('',(-2.26888968664,6.016587377977,0.458523894459)
  );
#531 = CARTESIAN_POINT('',(-2.603041881337,5.871662200532,0.479351521408
    ));
#532 = CARTESIAN_POINT('',(-2.926427468793,5.705802180228,0.500178195023
    ));
#533 = ORIENTED_EDGE('',*,*,#534,.T.);
#534 = EDGE_CURVE('',#500,#475,#535,.T.);
#535 = B_SPLINE_CURVE_WITH_KNOTS('',7,(#536,#537,#538,#539,#540,#541,
    #542,#543,#544,#545,#546,#547,#548,#549,#550,#551,#552,#553,#554,
    #555,#556,#557,#558,#559,#560,#561,#562,#563,#564,#565,#566,#567),
  .UNSPECIFIED.,.F.,.F.,(8,6,6,6,6,8),(0.,0.199195008399,0.428389622466,
    0.691616103549,0.839464855515,1.),.UNSPECIFIED.);
#536 = CARTESIAN_POINT('',(5.479746230877,3.133682818369,0.));
#537 = CARTESIAN_POINT('',(5.283820627303,3.568538622669,0.));
#538 = CARTESIAN_POINT('',(5.049309112539,3.98621837917,0.));
#539 = CARTESIAN_POINT('',(4.778439539783,4.382692368375,0.));
#540 = CARTESIAN_POINT('',(4.473888924193,4.754455704185,0.));
#541 = CARTESIAN_POINT('',(4.138660158335,5.098443100887,0.));
#542 = CARTESIAN_POINT('',(3.776042677943,5.412007632074,0.));
#543 = CARTESIAN_POINT('',(2.945080182383,6.016232462972,0.));
#544 = CARTESIAN_POINT('',(2.468894451146,6.296433569041,0.));
#545 = CARTESIAN_POINT('',(1.966565821689,6.530202386538,0.));
#546 = CARTESIAN_POINT('',(1.443754778074,6.71522708673,0.));
#547 = CARTESIAN_POINT('',(0.906208872753,6.850011826164,0.));
#548 = CARTESIAN_POINT('',(0.35972584111,6.93381872937,0.));
#549 = CARTESIAN_POINT('',(-0.820949224018,7.004653673207,0.));
#550 = CARTESIAN_POINT('',(-1.456407362168,6.975480515242,0.));
#551 = CARTESIAN_POINT('',(-2.087323186544,6.879376640597,0.));
#552 = CARTESIAN_POINT('',(-2.705461226666,6.717985475416,0.));
#553 = CARTESIAN_POINT('',(-3.303149671262,6.493994225288,0.));
#554 = CARTESIAN_POINT('',(-3.873263961659,6.211088445323,0.));
#555 = CARTESIAN_POINT('',(-4.710412246317,5.684858622994,0.));
#556 = CARTESIAN_POINT('',(-5.000820540585,5.478500117021,0.));
#557 = CARTESIAN_POINT('',(-5.279427380743,5.255873374911,0.));
#558 = CARTESIAN_POINT('',(-5.545215641733,5.017879611989,0.));
#559 = CARTESIAN_POINT('',(-5.797259898341,4.765485097315,0.));
#560 = CARTESIAN_POINT('',(-6.03472336528,4.499716770883,0.));
#561 = CARTESIAN_POINT('',(-6.498059561449,3.919754611505,0.));
#562 = CARTESIAN_POINT('',(-6.721202265124,3.603346091202,0.));
#563 = CARTESIAN_POINT('',(-6.925332654839,3.27383183489,0.));
#564 = CARTESIAN_POINT('',(-7.109650542361,2.932654493566,0.));
#565 = CARTESIAN_POINT('',(-7.273494713525,2.581296314354,0.));
#566 = CARTESIAN_POINT('',(-7.416337012834,2.221274944721,0.));
#567 = CARTESIAN_POINT('',(-7.537787835749,1.854145722889,0.));
#568 = B_SPLINE_SURFACE_WITH_KNOTS('',1,9,(
    (#569,#570,#571,#572,#573,#574,#575,#576,#577,#578,#579,#580,#581
      ,#582,#583,#584,#585,#586)
    ,(#587,#588,#589,#590,#591,#592,#593,#594,#595,#596,#597,#598,#599
      ,#600,#601,#602,#603,#604
    )),.UNSPECIFIED.,.F.,.F.,.F.,(2,2),(10,8,10),(0.,1.693553955444),(0.
    ,4.788041153971,9.576082307943),.UNSPECIFIED.);
#569 = CARTESIAN_POINT('',(7.7625,-8.9E-16,-3.375));
#570 = CARTESIAN_POINT('',(7.762500000007,4.107106734337,-3.180555555684
    ));
#571 = CARTESIAN_POINT('',(5.316803024849,8.2155336698,-2.986111110638)
  );
#572 = CARTESIAN_POINT('',(0.433659559629,10.650685961307,
    -2.791666667693));
#573 = CARTESIAN_POINT('',(-5.599052184055,9.799924764657,
    -2.597222220819));
#574 = CARTESIAN_POINT('',(-10.06482769382,5.107558539749,
    -2.402777779098));
#575 = CARTESIAN_POINT('',(-10.6162078765,-0.959844981185,
    -2.208333332509));
#576 = CARTESIAN_POINT('',(-7.942545588212,-5.716586172049,
    -2.013888889234));
#577 = CARTESIAN_POINT('',(-3.718196844266,-7.956113636991,
    -1.819444444369));
#578 = CARTESIAN_POINT('',(4.485965846064,-7.549890224738,
    -1.430555555657));
#579 = CARTESIAN_POINT('',(8.468416963568,-4.904008769754,
    -1.236111110714));
#580 = CARTESIAN_POINT('',(10.659100033287,9.358709971215E-02,
    -1.041666667482));
#581 = CARTESIAN_POINT('',(9.511039776799,6.076844009102,-0.847222221235
    ));
#582 = CARTESIAN_POINT('',(4.603565844303,10.305100303464,
    -0.652777778548));
#583 = CARTESIAN_POINT('',(-1.483681501496,10.555750151726,
    -0.458333332983));
#584 = CARTESIAN_POINT('',(-6.102379874864,7.650120766797,-0.26388888897
    ));
#585 = CARTESIAN_POINT('',(-8.130257330705,3.320187903403,
    -6.944444445844E-02));
#586 = CARTESIAN_POINT('',(-7.72453096682,-0.766829572097,0.125000000003
    ));
#587 = CARTESIAN_POINT('',(6.3125,6.22E-15,-2.5));
#588 = CARTESIAN_POINT('',(6.312500000084,3.339917714748,-2.305555555556
    ));
#589 = CARTESIAN_POINT('',(4.323648192237,6.680909022879,-2.11111111111)
  );
#590 = CARTESIAN_POINT('',(0.352653909733,8.661185846218,-1.916666666669
    ));
#591 = CARTESIAN_POINT('',(-4.553174482061,7.969343005131,
    -1.722222222219));
#592 = CARTESIAN_POINT('',(-8.184763260959,4.153489633577,
    -1.527777777781));
#593 = CARTESIAN_POINT('',(-8.633148112416,-0.78055026627,
    -1.333333333332));
#594 = CARTESIAN_POINT('',(-6.458913884051,-4.64875365053,
    -1.138888888889));
#595 = CARTESIAN_POINT('',(-3.023654438586,-6.469947482531,
    -0.944444444444));
#596 = CARTESIAN_POINT('',(3.648007652612,-6.139604772192,
    -0.555555555556));
#597 = CARTESIAN_POINT('',(6.886554857607,-3.987962042787,
    -0.361111111111));
#598 = CARTESIAN_POINT('',(8.668028207517,7.610545093894E-02,
    -0.166666666668));
#599 = CARTESIAN_POINT('',(7.734420430316,4.941716948496,
    2.777777778224E-02));
#600 = CARTESIAN_POINT('',(3.743640501467,8.380154030427,0.222222222216)
  );
#601 = CARTESIAN_POINT('',(-1.20653648675,8.583983618075,0.416666666672)
  );
#602 = CARTESIAN_POINT('',(-4.962482828989,6.221112700749,0.611111111108
    ));
#603 = CARTESIAN_POINT('',(-6.611561919506,2.699991773318,0.805555555556
    ));
#604 = CARTESIAN_POINT('',(-6.281623411019,-0.623589265555,1.));
#605 = ADVANCED_FACE('',(#606),#629,.F.);
#606 = FACE_BOUND('',#607,.F.);
#607 = EDGE_LOOP('',(#608,#609,#610,#611,#624));
#608 = ORIENTED_EDGE('',*,*,#405,.F.);
#609 = ORIENTED_EDGE('',*,*,#190,.T.);
#610 = ORIENTED_EDGE('',*,*,#474,.T.);
#611 = ORIENTED_EDGE('',*,*,#612,.T.);
#612 = EDGE_CURVE('',#475,#613,#615,.T.);
#613 = VERTEX_POINT('',#614);
#614 = CARTESIAN_POINT('',(-7.72453096682,-0.766829572097,0.));
#615 = B_SPLINE_CURVE_WITH_KNOTS('',4,(#616,#617,#618,#619,#620,#621,
    #622,#623),.UNSPECIFIED.,.F.,.F.,(5,3,5),(0.,0.499997368615,1.),
  .UNSPECIFIED.);
#616 = CARTESIAN_POINT('',(-7.537787835749,1.854145722889,0.));
#617 = CARTESIAN_POINT('',(-7.616618834562,1.533659562347,0.));
#618 = CARTESIAN_POINT('',(-7.677282959271,1.208703665931,0.));
#619 = CARTESIAN_POINT('',(-7.719400744304,0.880827739893,0.));
#620 = CARTESIAN_POINT('',(-7.766315650022,0.222415361767,0.));
#621 = CARTESIAN_POINT('',(-7.771112306321,-0.10812318309,0.));
#622 = CARTESIAN_POINT('',(-7.757134672376,-0.438401532328,0.));
#623 = CARTESIAN_POINT('',(-7.72453096682,-0.766829572097,0.));
#624 = ORIENTED_EDGE('',*,*,#625,.F.);
#625 = EDGE_CURVE('',#406,#613,#626,.T.);
#626 = B_SPLINE_CURVE_WITH_KNOTS('',1,(#627,#628),.UNSPECIFIED.,.F.,.F.,
  (2,2),(0.,0.25),.PIECEWISE_BEZIER_KNOTS.);
#627 = CARTESIAN_POINT('',(-7.72453096682,-0.766829572097,
    -0.124999999997));
#628 = CARTESIAN_POINT('',(-7.72453096682,-0.766829572097,0.125000000003
    ));
#629 = B_SPLINE_SURFACE_WITH_KNOTS('',1,9,(
    (#630,#631,#632,#633,#634,#635,#636,#637,#638,#639,#640,#641,#642
      ,#643,#644,#645,#646,#647)
    ,(#648,#649,#650,#651,#652,#653,#654,#655,#656,#657,#658,#659,#660
      ,#661,#662,#663,#664,#665
    )),.UNSPECIFIED.,.F.,.F.,.F.,(2,2),(10,8,10),(0.,0.25),(0.,
    4.788041153971,9.576082307943),.UNSPECIFIED.);
#630 = CARTESIAN_POINT('',(7.7625,0.,-3.625));
#631 = CARTESIAN_POINT('',(7.762499999985,4.107106734337,-3.430555555684
    ));
#632 = CARTESIAN_POINT('',(5.316803024922,8.215533669791,-3.236111110638
    ));
#633 = CARTESIAN_POINT('',(0.433659559487,10.65068596134,-3.041666667693
    ));
#634 = CARTESIAN_POINT('',(-5.599052183888,9.799924764581,
    -2.847222220819));
#635 = CARTESIAN_POINT('',(-10.06482769395,5.10755853985,-2.652777779098
    ));
#636 = CARTESIAN_POINT('',(-10.61620787644,-0.959844981271,
    -2.458333332509));
#637 = CARTESIAN_POINT('',(-7.942545588224,-5.716586172002,
    -2.263888889234));
#638 = CARTESIAN_POINT('',(-3.718196844265,-7.956113637004,
    -2.069444444369));
#639 = CARTESIAN_POINT('',(4.485965846063,-7.549890224721,
    -1.680555555657));
#640 = CARTESIAN_POINT('',(8.468416963569,-4.904008769821,
    -1.486111110714));
#641 = CARTESIAN_POINT('',(10.659100033283,9.358709984277E-02,
    -1.291666667482));
#642 = CARTESIAN_POINT('',(9.511039776798,6.076844008946,-1.097222221235
    ));
#643 = CARTESIAN_POINT('',(4.603565844308,10.305100303578,
    -0.902777778548));
#644 = CARTESIAN_POINT('',(-1.483681501502,10.555750151673,
    -0.708333332983));
#645 = CARTESIAN_POINT('',(-6.102379874862,7.650120766806,-0.51388888897
    ));
#646 = CARTESIAN_POINT('',(-8.130257330703,3.320187903403,
    -0.319444444458));
#647 = CARTESIAN_POINT('',(-7.72453096682,-0.766829572097,
    -0.124999999997));
#648 = CARTESIAN_POINT('',(7.7625,1.78E-15,-3.375));
#649 = CARTESIAN_POINT('',(7.762500000007,4.107106734337,-3.180555555684
    ));
#650 = CARTESIAN_POINT('',(5.316803024849,8.215533669799,-2.986111110638
    ));
#651 = CARTESIAN_POINT('',(0.433659559628,10.650685961307,
    -2.791666667693));
#652 = CARTESIAN_POINT('',(-5.599052184055,9.799924764657,
    -2.597222220819));
#653 = CARTESIAN_POINT('',(-10.06482769382,5.107558539749,
    -2.402777779098));
#654 = CARTESIAN_POINT('',(-10.6162078765,-0.959844981185,
    -2.208333332509));
#655 = CARTESIAN_POINT('',(-7.942545588212,-5.716586172049,
    -2.013888889234));
#656 = CARTESIAN_POINT('',(-3.718196844266,-7.956113636991,
    -1.819444444369));
#657 = CARTESIAN_POINT('',(4.485965846064,-7.549890224738,
    -1.430555555657));
#658 = CARTESIAN_POINT('',(8.468416963568,-4.904008769754,
    -1.236111110714));
#659 = CARTESIAN_POINT('',(10.659100033287,9.358709971198E-02,
    -1.041666667482));
#660 = CARTESIAN_POINT('',(9.511039776799,6.076844009102,-0.847222221235
    ));
#661 = CARTESIAN_POINT('',(4.603565844303,10.305100303464,
    -0.652777778548));
#662 = CARTESIAN_POINT('',(-1.483681501497,10.555750151726,
    -0.458333332983));
#663 = CARTESIAN_POINT('',(-6.102379874864,7.650120766797,-0.26388888897
    ));
#664 = CARTESIAN_POINT('',(-8.130257330705,3.320187903403,
    -6.944444445844E-02));
#665 = CARTESIAN_POINT('',(-7.72453096682,-0.766829572097,0.125000000003
    ));
#666 = ADVANCED_FACE('',(#667),#678,.T.);
#667 = FACE_BOUND('',#668,.F.);
#668 = EDGE_LOOP('',(#669,#670,#671));
#669 = ORIENTED_EDGE('',*,*,#499,.F.);
#670 = ORIENTED_EDGE('',*,*,#389,.T.);
#671 = ORIENTED_EDGE('',*,*,#672,.F.);
#672 = EDGE_CURVE('',#500,#381,#673,.T.);
#673 = CIRCLE('',#674,6.4125);
#674 = AXIS2_PLACEMENT_3D('',#675,#676,#677);
#675 = CARTESIAN_POINT('',(0.,0.,0.));
#676 = DIRECTION('',(0.,0.,-1.));
#677 = DIRECTION('',(1.,0.,0.));
#678 = CYLINDRICAL_SURFACE('',#679,6.4125);
#679 = AXIS2_PLACEMENT_3D('',#680,#681,#682);
#680 = CARTESIAN_POINT('',(0.,0.,-4.5));
#681 = DIRECTION('',(-0.,-0.,-1.));
#682 = DIRECTION('',(1.,0.,0.));
#683 = ADVANCED_FACE('',(#684,#695),#707,.F.);
#684 = FACE_BOUND('',#685,.F.);
#685 = EDGE_LOOP('',(#686));
#686 = ORIENTED_EDGE('',*,*,#687,.T.);
#687 = EDGE_CURVE('',#688,#688,#690,.T.);
#688 = VERTEX_POINT('',#689);
#689 = CARTESIAN_POINT('',(19.,-5.E-15,0.));
#690 = CIRCLE('',#691,19.);
#691 = AXIS2_PLACEMENT_3D('',#692,#693,#694);
#692 = CARTESIAN_POINT('',(0.,0.,0.));
#693 = DIRECTION('',(0.,0.,1.));
#694 = DIRECTION('',(1.,0.,0.));
#695 = FACE_BOUND('',#696,.F.);
#696 = EDGE_LOOP('',(#697,#698,#699,#705,#706));
#697 = ORIENTED_EDGE('',*,*,#672,.T.);
#698 = ORIENTED_EDGE('',*,*,#380,.T.);
#699 = ORIENTED_EDGE('',*,*,#700,.T.);
#700 = EDGE_CURVE('',#373,#613,#701,.T.);
#701 = LINE('',#702,#703);
#702 = CARTESIAN_POINT('',(-3.389553501103,-0.336487726188,0.));
#703 = VECTOR('',#704,1.);
#704 = DIRECTION('',(-0.995108659172,-9.87864183043E-02,0.));
#705 = ORIENTED_EDGE('',*,*,#612,.F.);
#706 = ORIENTED_EDGE('',*,*,#534,.F.);
#707 = PLANE('',#708);
#708 = AXIS2_PLACEMENT_3D('',#709,#710,#711);
#709 = CARTESIAN_POINT('',(0.,0.,0.));
#710 = DIRECTION('',(0.,0.,1.));
#711 = DIRECTION('',(1.,0.,0.));
#712 = ADVANCED_FACE('',(#713),#719,.F.);
#713 = FACE_BOUND('',#714,.F.);
#714 = EDGE_LOOP('',(#715,#716,#717,#718));
#715 = ORIENTED_EDGE('',*,*,#372,.T.);
#716 = ORIENTED_EDGE('',*,*,#428,.T.);
#717 = ORIENTED_EDGE('',*,*,#625,.T.);
#718 = ORIENTED_EDGE('',*,*,#700,.F.);
#719 = PLANE('',#720);
#720 = AXIS2_PLACEMENT_3D('',#721,#722,#723);
#721 = CARTESIAN_POINT('',(-6.779107002207,-0.672975452366,9.3137E-13));
#722 = DIRECTION('',(-9.87864183043E-02,0.995108659172,2.6372E-13));
#723 = DIRECTION('',(0.995108659172,9.87864183043E-02,3.155443620884E-30
    ));
#724 = ADVANCED_FACE('',(#725,#998),#1034,.T.);
#725 = FACE_BOUND('',#726,.F.);
#726 = EDGE_LOOP('',(#727,#738,#746,#755,#762,#771,#848,#857,#865,#874,
    #882,#959,#966,#967,#976,#984,#991,#996,#997));
#727 = ORIENTED_EDGE('',*,*,#728,.F.);
#728 = EDGE_CURVE('',#729,#731,#733,.T.);
#729 = VERTEX_POINT('',#730);
#730 = CARTESIAN_POINT('',(18.894443627691,2.,55.));
#731 = VERTEX_POINT('',#732);
#732 = CARTESIAN_POINT('',(19.,-5.E-15,55.));
#733 = CIRCLE('',#734,19.);
#734 = AXIS2_PLACEMENT_3D('',#735,#736,#737);
#735 = CARTESIAN_POINT('',(0.,0.,55.));
#736 = DIRECTION('',(0.,0.,-1.));
#737 = DIRECTION('',(1.,0.,0.));
#738 = ORIENTED_EDGE('',*,*,#739,.F.);
#739 = EDGE_CURVE('',#740,#729,#742,.T.);
#740 = VERTEX_POINT('',#741);
#741 = CARTESIAN_POINT('',(18.894443627691,2.,58.));
#742 = LINE('',#743,#744);
#743 = CARTESIAN_POINT('',(18.894443627691,2.,0.));
#744 = VECTOR('',#745,1.);
#745 = DIRECTION('',(-0.,-0.,-1.));
#746 = ORIENTED_EDGE('',*,*,#747,.T.);
#747 = EDGE_CURVE('',#740,#748,#750,.T.);
#748 = VERTEX_POINT('',#749);
#749 = CARTESIAN_POINT('',(19.,-5.E-15,58.));
#750 = CIRCLE('',#751,19.);
#751 = AXIS2_PLACEMENT_3D('',#752,#753,#754);
#752 = CARTESIAN_POINT('',(0.,0.,58.));
#753 = DIRECTION('',(0.,0.,-1.));
#754 = DIRECTION('',(1.,0.,0.));
#755 = ORIENTED_EDGE('',*,*,#756,.F.);
#756 = EDGE_CURVE('',#757,#748,#759,.T.);
#757 = VERTEX_POINT('',#758);
#758 = CARTESIAN_POINT('',(19.,-5.E-15,58.9));
#759 = B_SPLINE_CURVE_WITH_KNOTS('',1,(#760,#761),.UNSPECIFIED.,.F.,.F.,
  (2,2),(-65.,-58.),.PIECEWISE_BEZIER_KNOTS.);
#760 = CARTESIAN_POINT('',(19.,-4.65E-15,65.));
#761 = CARTESIAN_POINT('',(19.,-4.65E-15,58.));
#762 = ORIENTED_EDGE('',*,*,#763,.F.);
#763 = EDGE_CURVE('',#764,#757,#766,.T.);
#764 = VERTEX_POINT('',#765);
#765 = CARTESIAN_POINT('',(6.98498389404,17.669465187153,58.9));
#766 = CIRCLE('',#767,19.);
#767 = AXIS2_PLACEMENT_3D('',#768,#769,#770);
#768 = CARTESIAN_POINT('',(0.,0.,58.9));
#769 = DIRECTION('',(0.,0.,-1.));
#770 = DIRECTION('',(1.,0.,0.));
#771 = ORIENTED_EDGE('',*,*,#772,.T.);
#772 = EDGE_CURVE('',#764,#773,#775,.T.);
#773 = VERTEX_POINT('',#774);
#774 = CARTESIAN_POINT('',(-8.,17.233687939614,55.));
#775 = B_SPLINE_CURVE_WITH_KNOTS('',6,(#776,#777,#778,#779,#780,#781,
    #782,#783,#784,#785,#786,#787,#788,#789,#790,#791,#792,#793,#794,
    #795,#796,#797,#798,#799,#800,#801,#802,#803,#804,#805,#806,#807,
    #808,#809,#810,#811,#812,#813,#814,#815,#816,#817,#818,#819,#820,
    #821,#822,#823,#824,#825,#826,#827,#828,#829,#830,#831,#832,#833,
    #834,#835,#836,#837,#838,#839,#840,#841,#842,#843,#844,#845,#846,
    #847),.UNSPECIFIED.,.F.,.F.,(7,5,5,5,5,5,5,5,5,5,5,5,5,5,7),(0.,
    6.50079908925E-02,0.135814168284,0.203692609712,0.304320338604,
    0.36676555748,0.409265479318,0.464166081268,0.535929035906,
    0.589085108476,0.666604948915,0.796585796053,0.864497959239,
    0.935041554877,1.),.UNSPECIFIED.);
#776 = CARTESIAN_POINT('',(6.984887863391,17.669503149094,
    58.900171987984));
#777 = CARTESIAN_POINT('',(7.150347429656,17.604095734605,
    58.603847487462));
#778 = CARTESIAN_POINT('',(7.299217559272,17.543096484717,
    58.301793369641));
#779 = CARTESIAN_POINT('',(7.431716498299,17.487191413645,
    57.994826508014));
#780 = CARTESIAN_POINT('',(7.548026559847,17.436960233199,
    57.683659529194));
#781 = CARTESIAN_POINT('',(7.64828315978,17.392880095104,57.368926479191
    ));
#782 = CARTESIAN_POINT('',(7.824361700528,17.314429347601,
    56.705152627725));
#783 = CARTESIAN_POINT('',(7.897199132256,17.281278536229,
    56.355583604964));
#784 = CARTESIAN_POINT('',(7.951130515325,17.256387131915,
    56.003450186238));
#785 = CARTESIAN_POINT('',(7.986196355534,17.240094678006,55.6496476718)
  );
#786 = CARTESIAN_POINT('',(8.002415731435,17.232566579399,
    55.295042973033));
#787 = CARTESIAN_POINT('',(7.997250762903,17.234964113768,
    54.600616269998));
#788 = CARTESIAN_POINT('',(7.977394612884,17.24418047631,54.260868186313
    ));
#789 = CARTESIAN_POINT('',(7.940215331566,17.261424229292,
    53.922000108792));
#790 = CARTESIAN_POINT('',(7.885694842211,17.286529587331,
    53.584781616224));
#791 = CARTESIAN_POINT('',(7.813795798968,17.319184600874,53.25000816978
    ));
#792 = CARTESIAN_POINT('',(7.592035912211,17.417864419457,
    52.427054385778));
#793 = CARTESIAN_POINT('',(7.421388068837,17.492347767472,
    51.943128446015));
#794 = CARTESIAN_POINT('',(7.212248023425,17.580957305476,
    51.468650497778));
#795 = CARTESIAN_POINT('',(6.96389136807,17.68175319761,51.005874537343)
  );
#796 = CARTESIAN_POINT('',(6.675283540879,17.792223721422,
    50.557664432526));
#797 = CARTESIAN_POINT('',(6.140357243716,17.981747374379,
    49.861018049296));
#798 = CARTESIAN_POINT('',(5.919467615825,18.056843696259,
    49.601210148007));
#799 = CARTESIAN_POINT('',(5.682095873784,18.133743934012,
    49.349120691116));
#800 = CARTESIAN_POINT('',(5.427751388875,18.211621181228,
    49.105717641352));
#801 = CARTESIAN_POINT('',(5.155932137749,18.289511147851,
    48.872224473808));
#802 = CARTESIAN_POINT('',(4.668964503736,18.418533922088,
    48.499038375769));
#803 = CARTESIAN_POINT('',(4.463401163274,18.470278794901,
    48.353171475304));
#804 = CARTESIAN_POINT('',(4.249388365315,18.521145764583,
    48.213100172136));
#805 = CARTESIAN_POINT('',(4.026860290221,18.570726674394,
    48.079413484147));
#806 = CARTESIAN_POINT('',(3.795780840195,18.618580990952,
    47.952758356305));
#807 = CARTESIAN_POINT('',(3.246586640946,18.723220341433,47.68022548837
    ));
#808 = CARTESIAN_POINT('',(2.922208158223,18.778640530738,
    47.539253519954));
#809 = CARTESIAN_POINT('',(2.583997595342,18.829255027581,
    47.413076399225));
#810 = CARTESIAN_POINT('',(2.233137905864,18.87385444865,47.303629986428
    ));
#811 = CARTESIAN_POINT('',(1.870985694856,18.911335616837,47.21265242397
    ));
#812 = CARTESIAN_POINT('',(1.012877936218,18.979249790162,
    47.048959614407));
#813 = CARTESIAN_POINT('',(0.510576401631,19.003935287567,
    46.990547711906));
#814 = CARTESIAN_POINT('',(4.9472E-13,19.012469985772,46.970632457913));
#815 = CARTESIAN_POINT('',(-0.510576401632,19.003935287567,
    46.990547711906));
#816 = CARTESIAN_POINT('',(-1.012877936218,18.979249790162,
    47.048959614407));
#817 = CARTESIAN_POINT('',(-1.859167029433,18.912270994572,
    47.210397892964));
#818 = CARTESIAN_POINT('',(-2.210157079414,18.876224621115,
    47.29787736786));
#819 = CARTESIAN_POINT('',(-2.550614757869,18.833473717331,
    47.402726500429));
#820 = CARTESIAN_POINT('',(-2.879286223859,18.785016183888,
    47.523369853688));
#821 = CARTESIAN_POINT('',(-3.195071151981,18.731948454857,
    47.658049765106));
#822 = CARTESIAN_POINT('',(-3.937375572256,18.592949796123,
    48.01882619124));
#823 = CARTESIAN_POINT('',(-4.348989233022,18.50297720927,
    48.258858333907));
#824 = CARTESIAN_POINT('',(-4.732096118259,18.408346356317,
    48.52058353513));
#825 = CARTESIAN_POINT('',(-5.087321191682,18.311541231642,
    48.800516810009));
#826 = CARTESIAN_POINT('',(-5.415486342101,18.214630459381,
    49.095859516341));
#827 = CARTESIAN_POINT('',(-6.223742308098,17.95959062913,
    49.921713199128));
#828 = CARTESIAN_POINT('',(-6.657640297305,17.804009036471,
    50.477424322761));
#829 = CARTESIAN_POINT('',(-7.022355017398,17.66086508435,
    51.061304972425));
#830 = CARTESIAN_POINT('',(-7.320897662245,17.536145705161,
    51.666674921059));
#831 = CARTESIAN_POINT('',(-7.555250458219,17.434250575971,
    52.288769426738));
#832 = CARTESIAN_POINT('',(-7.815106820412,17.318592126046,
    53.255811712459));
#833 = CARTESIAN_POINT('',(-7.886819604742,17.286014943306,
    53.59094264457));
#834 = CARTESIAN_POINT('',(-7.94112125789,17.26100603022,53.928514085039
    ));
#835 = CARTESIAN_POINT('',(-7.978048970066,17.24387693564,
    54.267728262084));
#836 = CARTESIAN_POINT('',(-7.997620665674,17.234792416128,
    54.607813217795));
#837 = CARTESIAN_POINT('',(-8.002127265005,17.232700474473,
    55.301412699446));
#838 = CARTESIAN_POINT('',(-7.985689624994,17.240330096848,
    55.654851938337));
#839 = CARTESIAN_POINT('',(-7.950527848465,17.256665356701,
    56.007484543859));
#840 = CARTESIAN_POINT('',(-7.896622903287,17.281541175467,
    56.358452069634));
#841 = CARTESIAN_POINT('',(-7.823934555618,17.31462063847,
    56.706867945941));
#842 = CARTESIAN_POINT('',(-7.648129471387,17.392947666979,
    57.369408911907));
#843 = CARTESIAN_POINT('',(-7.547883912034,17.437021838395,
    57.684041132554));
#844 = CARTESIAN_POINT('',(-7.43159463165,17.487242831977,
    57.995108823628));
#845 = CARTESIAN_POINT('',(-7.299126296617,17.543133878737,
    58.301978527875));
#846 = CARTESIAN_POINT('',(-7.150296726763,17.604115777841,
    58.603938292182));
#847 = CARTESIAN_POINT('',(-6.984887863391,17.669503149094,
    58.900171987984));
#848 = ORIENTED_EDGE('',*,*,#849,.F.);
#849 = EDGE_CURVE('',#850,#773,#852,.T.);
#850 = VERTEX_POINT('',#851);
#851 = CARTESIAN_POINT('',(-11.17927262141,15.363068171954,55.));
#852 = CIRCLE('',#853,19.);
#853 = AXIS2_PLACEMENT_3D('',#854,#855,#856);
#854 = CARTESIAN_POINT('',(0.,0.,55.));
#855 = DIRECTION('',(0.,0.,-1.));
#856 = DIRECTION('',(1.,0.,0.));
#857 = ORIENTED_EDGE('',*,*,#858,.F.);
#858 = EDGE_CURVE('',#859,#850,#861,.T.);
#859 = VERTEX_POINT('',#860);
#860 = CARTESIAN_POINT('',(-11.17927262141,15.363068171954,58.));
#861 = LINE('',#862,#863);
#862 = CARTESIAN_POINT('',(-11.17927262141,15.363068171954,0.));
#863 = VECTOR('',#864,1.);
#864 = DIRECTION('',(-0.,-0.,-1.));
#865 = ORIENTED_EDGE('',*,*,#866,.T.);
#866 = EDGE_CURVE('',#859,#867,#869,.T.);
#867 = VERTEX_POINT('',#868);
#868 = CARTESIAN_POINT('',(-7.715171006277,17.363068171954,58.));
#869 = CIRCLE('',#870,19.);
#870 = AXIS2_PLACEMENT_3D('',#871,#872,#873);
#871 = CARTESIAN_POINT('',(0.,0.,58.));
#872 = DIRECTION('',(0.,0.,-1.));
#873 = DIRECTION('',(1.,0.,0.));
#874 = ORIENTED_EDGE('',*,*,#875,.T.);
#875 = EDGE_CURVE('',#867,#876,#878,.T.);
#876 = VERTEX_POINT('',#877);
#877 = CARTESIAN_POINT('',(-7.715171006277,17.363068171954,
    57.115688149021));
#878 = LINE('',#879,#880);
#879 = CARTESIAN_POINT('',(-7.715171006277,17.363068171954,0.));
#880 = VECTOR('',#881,1.);
#881 = DIRECTION('',(-0.,-0.,-1.));
#882 = ORIENTED_EDGE('',*,*,#883,.T.);
#883 = EDGE_CURVE('',#876,#884,#886,.T.);
#884 = VERTEX_POINT('',#885);
#885 = CARTESIAN_POINT('',(-6.98498389404,17.669465187153,58.9));
#886 = B_SPLINE_CURVE_WITH_KNOTS('',6,(#887,#888,#889,#890,#891,#892,
    #893,#894,#895,#896,#897,#898,#899,#900,#901,#902,#903,#904,#905,
    #906,#907,#908,#909,#910,#911,#912,#913,#914,#915,#916,#917,#918,
    #919,#920,#921,#922,#923,#924,#925,#926,#927,#928,#929,#930,#931,
    #932,#933,#934,#935,#936,#937,#938,#939,#940,#941,#942,#943,#944,
    #945,#946,#947,#948,#949,#950,#951,#952,#953,#954,#955,#956,#957,
    #958),.UNSPECIFIED.,.F.,.F.,(7,5,5,5,5,5,5,5,5,5,5,5,5,5,7),(0.,
    6.50079908925E-02,0.135814168284,0.203692609712,0.304320338604,
    0.36676555748,0.409265479318,0.464166081268,0.535929035906,
    0.589085108476,0.666604948915,0.796585796053,0.864497959239,
    0.935041554877,1.),.UNSPECIFIED.);
#887 = CARTESIAN_POINT('',(6.984887863391,17.669503149094,
    58.900171987984));
#888 = CARTESIAN_POINT('',(7.150347429656,17.604095734605,
    58.603847487462));
#889 = CARTESIAN_POINT('',(7.299217559272,17.543096484717,
    58.301793369641));
#890 = CARTESIAN_POINT('',(7.431716498299,17.487191413645,
    57.994826508014));
#891 = CARTESIAN_POINT('',(7.548026559847,17.436960233199,
    57.683659529194));
#892 = CARTESIAN_POINT('',(7.64828315978,17.392880095104,57.368926479191
    ));
#893 = CARTESIAN_POINT('',(7.824361700528,17.314429347601,
    56.705152627725));
#894 = CARTESIAN_POINT('',(7.897199132256,17.281278536229,
    56.355583604964));
#895 = CARTESIAN_POINT('',(7.951130515325,17.256387131915,
    56.003450186238));
#896 = CARTESIAN_POINT('',(7.986196355534,17.240094678006,55.6496476718)
  );
#897 = CARTESIAN_POINT('',(8.002415731435,17.232566579399,
    55.295042973033));
#898 = CARTESIAN_POINT('',(7.997250762903,17.234964113768,
    54.600616269998));
#899 = CARTESIAN_POINT('',(7.977394612884,17.24418047631,54.260868186313
    ));
#900 = CARTESIAN_POINT('',(7.940215331566,17.261424229292,
    53.922000108792));
#901 = CARTESIAN_POINT('',(7.885694842211,17.286529587331,
    53.584781616224));
#902 = CARTESIAN_POINT('',(7.813795798968,17.319184600874,53.25000816978
    ));
#903 = CARTESIAN_POINT('',(7.592035912211,17.417864419457,
    52.427054385778));
#904 = CARTESIAN_POINT('',(7.421388068837,17.492347767472,
    51.943128446015));
#905 = CARTESIAN_POINT('',(7.212248023425,17.580957305476,
    51.468650497778));
#906 = CARTESIAN_POINT('',(6.96389136807,17.68175319761,51.005874537343)
  );
#907 = CARTESIAN_POINT('',(6.675283540879,17.792223721422,
    50.557664432526));
#908 = CARTESIAN_POINT('',(6.140357243716,17.981747374379,
    49.861018049296));
#909 = CARTESIAN_POINT('',(5.919467615825,18.056843696259,
    49.601210148007));
#910 = CARTESIAN_POINT('',(5.682095873784,18.133743934012,
    49.349120691116));
#911 = CARTESIAN_POINT('',(5.427751388875,18.211621181228,
    49.105717641352));
#912 = CARTESIAN_POINT('',(5.155932137749,18.289511147851,
    48.872224473808));
#913 = CARTESIAN_POINT('',(4.668964503736,18.418533922088,
    48.499038375769));
#914 = CARTESIAN_POINT('',(4.463401163274,18.470278794901,
    48.353171475304));
#915 = CARTESIAN_POINT('',(4.249388365315,18.521145764583,
    48.213100172136));
#916 = CARTESIAN_POINT('',(4.026860290221,18.570726674394,
    48.079413484147));
#917 = CARTESIAN_POINT('',(3.795780840195,18.618580990952,
    47.952758356305));
#918 = CARTESIAN_POINT('',(3.246586640946,18.723220341433,47.68022548837
    ));
#919 = CARTESIAN_POINT('',(2.922208158223,18.778640530738,
    47.539253519954));
#920 = CARTESIAN_POINT('',(2.583997595342,18.829255027581,
    47.413076399225));
#921 = CARTESIAN_POINT('',(2.233137905864,18.87385444865,47.303629986428
    ));
#922 = CARTESIAN_POINT('',(1.870985694856,18.911335616837,47.21265242397
    ));
#923 = CARTESIAN_POINT('',(1.012877936218,18.979249790162,
    47.048959614407));
#924 = CARTESIAN_POINT('',(0.510576401631,19.003935287567,
    46.990547711906));
#925 = CARTESIAN_POINT('',(4.9472E-13,19.012469985772,46.970632457913));
#926 = CARTESIAN_POINT('',(-0.510576401632,19.003935287567,
    46.990547711906));
#927 = CARTESIAN_POINT('',(-1.012877936218,18.979249790162,
    47.048959614407));
#928 = CARTESIAN_POINT('',(-1.859167029433,18.912270994572,
    47.210397892964));
#929 = CARTESIAN_POINT('',(-2.210157079414,18.876224621115,
    47.29787736786));
#930 = CARTESIAN_POINT('',(-2.550614757869,18.833473717331,
    47.402726500429));
#931 = CARTESIAN_POINT('',(-2.879286223859,18.785016183888,
    47.523369853688));
#932 = CARTESIAN_POINT('',(-3.195071151981,18.731948454857,
    47.658049765106));
#933 = CARTESIAN_POINT('',(-3.937375572256,18.592949796123,
    48.01882619124));
#934 = CARTESIAN_POINT('',(-4.348989233022,18.50297720927,
    48.258858333907));
#935 = CARTESIAN_POINT('',(-4.732096118259,18.408346356317,
    48.52058353513));
#936 = CARTESIAN_POINT('',(-5.087321191682,18.311541231642,
    48.800516810009));
#937 = CARTESIAN_POINT('',(-5.415486342101,18.214630459381,
    49.095859516341));
#938 = CARTESIAN_POINT('',(-6.223742308098,17.95959062913,
    49.921713199128));
#939 = CARTESIAN_POINT('',(-6.657640297305,17.804009036471,
    50.477424322761));
#940 = CARTESIAN_POINT('',(-7.022355017398,17.66086508435,
    51.061304972425));
#941 = CARTESIAN_POINT('',(-7.320897662245,17.536145705161,
    51.666674921059));
#942 = CARTESIAN_POINT('',(-7.555250458219,17.434250575971,
    52.288769426738));
#943 = CARTESIAN_POINT('',(-7.815106820412,17.318592126046,
    53.255811712459));
#944 = CARTESIAN_POINT('',(-7.886819604742,17.286014943306,
    53.59094264457));
#945 = CARTESIAN_POINT('',(-7.94112125789,17.26100603022,53.928514085039
    ));
#946 = CARTESIAN_POINT('',(-7.978048970066,17.24387693564,
    54.267728262084));
#947 = CARTESIAN_POINT('',(-7.997620665674,17.234792416128,
    54.607813217795));
#948 = CARTESIAN_POINT('',(-8.002127265005,17.232700474473,
    55.301412699446));
#949 = CARTESIAN_POINT('',(-7.985689624994,17.240330096848,
    55.654851938337));
#950 = CARTESIAN_POINT('',(-7.950527848465,17.256665356701,
    56.007484543859));
#951 = CARTESIAN_POINT('',(-7.896622903287,17.281541175467,
    56.358452069634));
#952 = CARTESIAN_POINT('',(-7.823934555618,17.31462063847,
    56.706867945941));
#953 = CARTESIAN_POINT('',(-7.648129471387,17.392947666979,
    57.369408911907));
#954 = CARTESIAN_POINT('',(-7.547883912034,17.437021838395,
    57.684041132554));
#955 = CARTESIAN_POINT('',(-7.43159463165,17.487242831977,
    57.995108823628));
#956 = CARTESIAN_POINT('',(-7.299126296617,17.543133878737,
    58.301978527875));
#957 = CARTESIAN_POINT('',(-7.150296726763,17.604115777841,
    58.603938292182));
#958 = CARTESIAN_POINT('',(-6.984887863391,17.669503149094,
    58.900171987984));
#959 = ORIENTED_EDGE('',*,*,#960,.F.);
#960 = EDGE_CURVE('',#757,#884,#961,.T.);
#961 = CIRCLE('',#962,19.);
#962 = AXIS2_PLACEMENT_3D('',#963,#964,#965);
#963 = CARTESIAN_POINT('',(0.,0.,58.9));
#964 = DIRECTION('',(0.,0.,-1.));
#965 = DIRECTION('',(1.,0.,0.));
#966 = ORIENTED_EDGE('',*,*,#756,.T.);
#967 = ORIENTED_EDGE('',*,*,#968,.T.);
#968 = EDGE_CURVE('',#748,#969,#971,.T.);
#969 = VERTEX_POINT('',#970);
#970 = CARTESIAN_POINT('',(18.894443627691,-2.,58.));
#971 = CIRCLE('',#972,19.);
#972 = AXIS2_PLACEMENT_3D('',#973,#974,#975);
#973 = CARTESIAN_POINT('',(0.,0.,58.));
#974 = DIRECTION('',(0.,0.,-1.));
#975 = DIRECTION('',(1.,0.,0.));
#976 = ORIENTED_EDGE('',*,*,#977,.T.);
#977 = EDGE_CURVE('',#969,#978,#980,.T.);
#978 = VERTEX_POINT('',#979);
#979 = CARTESIAN_POINT('',(18.894443627691,-2.,55.));
#980 = LINE('',#981,#982);
#981 = CARTESIAN_POINT('',(18.894443627691,-2.,0.));
#982 = VECTOR('',#983,1.);
#983 = DIRECTION('',(-0.,-0.,-1.));
#984 = ORIENTED_EDGE('',*,*,#985,.F.);
#985 = EDGE_CURVE('',#731,#978,#986,.T.);
#986 = CIRCLE('',#987,19.);
#987 = AXIS2_PLACEMENT_3D('',#988,#989,#990);
#988 = CARTESIAN_POINT('',(0.,0.,55.));
#989 = DIRECTION('',(0.,0.,-1.));
#990 = DIRECTION('',(1.,0.,0.));
#991 = ORIENTED_EDGE('',*,*,#992,.T.);
#992 = EDGE_CURVE('',#731,#688,#993,.T.);
#993 = B_SPLINE_CURVE_WITH_KNOTS('',1,(#994,#995),.UNSPECIFIED.,.F.,.F.,
  (2,2),(-55.,0.),.PIECEWISE_BEZIER_KNOTS.);
#994 = CARTESIAN_POINT('',(19.,0.,55.));
#995 = CARTESIAN_POINT('',(19.,0.,0.));
#996 = ORIENTED_EDGE('',*,*,#687,.F.);
#997 = ORIENTED_EDGE('',*,*,#992,.F.);
#998 = FACE_BOUND('',#999,.F.);
#999 = EDGE_LOOP('',(#1000,#1010,#1019,#1027));
#1000 = ORIENTED_EDGE('',*,*,#1001,.T.);
#1001 = EDGE_CURVE('',#1002,#1004,#1006,.T.);
#1002 = VERTEX_POINT('',#1003);
#1003 = CARTESIAN_POINT('',(-11.17927262141,-15.36306817195,58.));
#1004 = VERTEX_POINT('',#1005);
#1005 = CARTESIAN_POINT('',(-11.17927262141,-15.36306817195,55.));
#1006 = LINE('',#1007,#1008);
#1007 = CARTESIAN_POINT('',(-11.17927262141,-15.36306817195,0.));
#1008 = VECTOR('',#1009,1.);
#1009 = DIRECTION('',(-0.,-0.,-1.));
#1010 = ORIENTED_EDGE('',*,*,#1011,.F.);
#1011 = EDGE_CURVE('',#1012,#1004,#1014,.T.);
#1012 = VERTEX_POINT('',#1013);
#1013 = CARTESIAN_POINT('',(-7.715171006277,-17.36306817195,55.));
#1014 = CIRCLE('',#1015,19.);
#1015 = AXIS2_PLACEMENT_3D('',#1016,#1017,#1018);
#1016 = CARTESIAN_POINT('',(0.,0.,55.));
#1017 = DIRECTION('',(0.,0.,-1.));
#1018 = DIRECTION('',(1.,0.,0.));
#1019 = ORIENTED_EDGE('',*,*,#1020,.F.);
#1020 = EDGE_CURVE('',#1021,#1012,#1023,.T.);
#1021 = VERTEX_POINT('',#1022);
#1022 = CARTESIAN_POINT('',(-7.715171006277,-17.36306817195,58.));
#1023 = LINE('',#1024,#1025);
#1024 = CARTESIAN_POINT('',(-7.715171006277,-17.36306817195,0.));
#1025 = VECTOR('',#1026,1.);
#1026 = DIRECTION('',(-0.,-0.,-1.));
#1027 = ORIENTED_EDGE('',*,*,#1028,.T.);
#1028 = EDGE_CURVE('',#1021,#1002,#1029,.T.);
#1029 = CIRCLE('',#1030,19.);
#1030 = AXIS2_PLACEMENT_3D('',#1031,#1032,#1033);
#1031 = CARTESIAN_POINT('',(0.,0.,58.));
#1032 = DIRECTION('',(0.,0.,-1.));
#1033 = DIRECTION('',(1.,0.,0.));
#1034 = CYLINDRICAL_SURFACE('',#1035,19.);
#1035 = AXIS2_PLACEMENT_3D('',#1036,#1037,#1038);
#1036 = CARTESIAN_POINT('',(0.,0.,0.));
#1037 = DIRECTION('',(-0.,-0.,-1.));
#1038 = DIRECTION('',(1.,0.,0.));
#1039 = ADVANCED_FACE('',(#1040),#1066,.F.);
#1040 = FACE_BOUND('',#1041,.F.);
#1041 = EDGE_LOOP('',(#1042,#1050,#1051,#1052,#1060));
#1042 = ORIENTED_EDGE('',*,*,#1043,.F.);
#1043 = EDGE_CURVE('',#729,#1044,#1046,.T.);
#1044 = VERTEX_POINT('',#1045);
#1045 = CARTESIAN_POINT('',(21.,2.,55.));
#1046 = LINE('',#1047,#1048);
#1047 = CARTESIAN_POINT('',(18.7,2.,55.));
#1048 = VECTOR('',#1049,1.);
#1049 = DIRECTION('',(1.,0.,0.));
#1050 = ORIENTED_EDGE('',*,*,#728,.T.);
#1051 = ORIENTED_EDGE('',*,*,#985,.T.);
#1052 = ORIENTED_EDGE('',*,*,#1053,.T.);
#1053 = EDGE_CURVE('',#978,#1054,#1056,.T.);
#1054 = VERTEX_POINT('',#1055);
#1055 = CARTESIAN_POINT('',(21.,-2.,55.));
#1056 = LINE('',#1057,#1058);
#1057 = CARTESIAN_POINT('',(18.7,-2.,55.));
#1058 = VECTOR('',#1059,1.);
#1059 = DIRECTION('',(1.,0.,0.));
#1060 = ORIENTED_EDGE('',*,*,#1061,.T.);
#1061 = EDGE_CURVE('',#1054,#1044,#1062,.T.);
#1062 = LINE('',#1063,#1064);
#1063 = CARTESIAN_POINT('',(21.,-2.,55.));
#1064 = VECTOR('',#1065,1.);
#1065 = DIRECTION('',(0.,1.,0.));
#1066 = PLANE('',#1067);
#1067 = AXIS2_PLACEMENT_3D('',#1068,#1069,#1070);
#1068 = CARTESIAN_POINT('',(18.7,-2.,55.));
#1069 = DIRECTION('',(0.,0.,1.));
#1070 = DIRECTION('',(1.,0.,0.));
#1071 = ADVANCED_FACE('',(#1072),#1090,.F.);
#1072 = FACE_BOUND('',#1073,.F.);
#1073 = EDGE_LOOP('',(#1074,#1075,#1076,#1084));
#1074 = ORIENTED_EDGE('',*,*,#1053,.F.);
#1075 = ORIENTED_EDGE('',*,*,#977,.F.);
#1076 = ORIENTED_EDGE('',*,*,#1077,.T.);
#1077 = EDGE_CURVE('',#969,#1078,#1080,.T.);
#1078 = VERTEX_POINT('',#1079);
#1079 = CARTESIAN_POINT('',(21.,-2.,58.));
#1080 = LINE('',#1081,#1082);
#1081 = CARTESIAN_POINT('',(18.7,-2.,58.));
#1082 = VECTOR('',#1083,1.);
#1083 = DIRECTION('',(1.,0.,0.));
#1084 = ORIENTED_EDGE('',*,*,#1085,.F.);
#1085 = EDGE_CURVE('',#1054,#1078,#1086,.T.);
#1086 = LINE('',#1087,#1088);
#1087 = CARTESIAN_POINT('',(21.,-2.,55.));
#1088 = VECTOR('',#1089,1.);
#1089 = DIRECTION('',(0.,0.,1.));
#1090 = PLANE('',#1091);
#1091 = AXIS2_PLACEMENT_3D('',#1092,#1093,#1094);
#1092 = CARTESIAN_POINT('',(18.7,-2.,55.));
#1093 = DIRECTION('',(0.,1.,0.));
#1094 = DIRECTION('',(0.,0.,1.));
#1095 = ADVANCED_FACE('',(#1096),#1115,.T.);
#1096 = FACE_BOUND('',#1097,.T.);
#1097 = EDGE_LOOP('',(#1098,#1106,#1107,#1108,#1109));
#1098 = ORIENTED_EDGE('',*,*,#1099,.F.);
#1099 = EDGE_CURVE('',#740,#1100,#1102,.T.);
#1100 = VERTEX_POINT('',#1101);
#1101 = CARTESIAN_POINT('',(21.,2.,58.));
#1102 = LINE('',#1103,#1104);
#1103 = CARTESIAN_POINT('',(18.7,2.,58.));
#1104 = VECTOR('',#1105,1.);
#1105 = DIRECTION('',(1.,0.,0.));
#1106 = ORIENTED_EDGE('',*,*,#747,.T.);
#1107 = ORIENTED_EDGE('',*,*,#968,.T.);
#1108 = ORIENTED_EDGE('',*,*,#1077,.T.);
#1109 = ORIENTED_EDGE('',*,*,#1110,.T.);
#1110 = EDGE_CURVE('',#1078,#1100,#1111,.T.);
#1111 = LINE('',#1112,#1113);
#1112 = CARTESIAN_POINT('',(21.,-2.,58.));
#1113 = VECTOR('',#1114,1.);
#1114 = DIRECTION('',(0.,1.,0.));
#1115 = PLANE('',#1116);
#1116 = AXIS2_PLACEMENT_3D('',#1117,#1118,#1119);
#1117 = CARTESIAN_POINT('',(18.7,-2.,58.));
#1118 = DIRECTION('',(0.,0.,1.));
#1119 = DIRECTION('',(1.,0.,0.));
#1120 = ADVANCED_FACE('',(#1121),#1157,.T.);
#1121 = FACE_BOUND('',#1122,.T.);
#1122 = EDGE_LOOP('',(#1123,#1124,#1125,#1133,#1142,#1151));
#1123 = ORIENTED_EDGE('',*,*,#960,.F.);
#1124 = ORIENTED_EDGE('',*,*,#763,.F.);
#1125 = ORIENTED_EDGE('',*,*,#1126,.F.);
#1126 = EDGE_CURVE('',#1127,#764,#1129,.T.);
#1127 = VERTEX_POINT('',#1128);
#1128 = CARTESIAN_POINT('',(6.98498389404,16.04556013357,58.9));
#1129 = LINE('',#1130,#1131);
#1130 = CARTESIAN_POINT('',(6.98498389404,15.,58.9));
#1131 = VECTOR('',#1132,1.);
#1132 = DIRECTION('',(0.,1.,0.));
#1133 = ORIENTED_EDGE('',*,*,#1134,.F.);
#1134 = EDGE_CURVE('',#1135,#1127,#1137,.T.);
#1135 = VERTEX_POINT('',#1136);
#1136 = CARTESIAN_POINT('',(17.5,-4.E-15,58.9));
#1137 = CIRCLE('',#1138,17.5);
#1138 = AXIS2_PLACEMENT_3D('',#1139,#1140,#1141);
#1139 = CARTESIAN_POINT('',(0.,0.,58.9));
#1140 = DIRECTION('',(0.,0.,1.));
#1141 = DIRECTION('',(1.,0.,0.));
#1142 = ORIENTED_EDGE('',*,*,#1143,.F.);
#1143 = EDGE_CURVE('',#1144,#1135,#1146,.T.);
#1144 = VERTEX_POINT('',#1145);
#1145 = CARTESIAN_POINT('',(-6.98498389404,16.04556013357,58.9));
#1146 = CIRCLE('',#1147,17.5);
#1147 = AXIS2_PLACEMENT_3D('',#1148,#1149,#1150);
#1148 = CARTESIAN_POINT('',(0.,0.,58.9));
#1149 = DIRECTION('',(0.,0.,1.));
#1150 = DIRECTION('',(1.,0.,0.));
#1151 = ORIENTED_EDGE('',*,*,#1152,.T.);
#1152 = EDGE_CURVE('',#1144,#884,#1153,.T.);
#1153 = LINE('',#1154,#1155);
#1154 = CARTESIAN_POINT('',(-6.98498389404,15.,58.9));
#1155 = VECTOR('',#1156,1.);
#1156 = DIRECTION('',(0.,1.,0.));
#1157 = PLANE('',#1158);
#1158 = AXIS2_PLACEMENT_3D('',#1159,#1160,#1161);
#1159 = CARTESIAN_POINT('',(0.,0.,58.9));
#1160 = DIRECTION('',(0.,0.,1.));
#1161 = DIRECTION('',(1.,0.,0.));
#1162 = ADVANCED_FACE('',(#1163),#1352,.F.);
#1163 = FACE_BOUND('',#1164,.F.);
#1164 = EDGE_LOOP('',(#1165,#1184,#1192,#1209,#1218,#1255,#1264,#1279,
    #1280,#1297,#1305,#1315,#1316,#1317,#1326,#1332,#1333,#1334,#1346));
#1165 = ORIENTED_EDGE('',*,*,#1166,.F.);
#1166 = EDGE_CURVE('',#1167,#1169,#1171,.T.);
#1167 = VERTEX_POINT('',#1168);
#1168 = CARTESIAN_POINT('',(-2.E-15,19.,63.));
#1169 = VERTEX_POINT('',#1170);
#1170 = CARTESIAN_POINT('',(4.663689526544,18.418740456394,61.5));
#1171 = B_SPLINE_CURVE_WITH_KNOTS('',6,(#1172,#1173,#1174,#1175,#1176,
    #1177,#1178,#1179,#1180,#1181,#1182,#1183),.UNSPECIFIED.,.F.,.F.,(7,
    5,7),(0.,0.55177702376,1.),.UNSPECIFIED.);
#1172 = CARTESIAN_POINT('',(-4.E-16,19.,63.));
#1173 = CARTESIAN_POINT('',(0.492370868079,19.,63.));
#1174 = CARTESIAN_POINT('',(0.982452092139,18.984688711439,
    62.96363540636));
#1175 = CARTESIAN_POINT('',(1.464543076941,18.954333008598,
    62.891541779408));
#1176 = CARTESIAN_POINT('',(1.933051772042,18.910287509895,
    62.785911176019));
#1177 = CARTESIAN_POINT('',(2.382747407072,18.85492671927,
    62.650473943057));
#1178 = CARTESIAN_POINT('',(3.15524686179,18.7394500111,62.360785785966)
  );
#1179 = CARTESIAN_POINT('',(3.486993133239,18.682031505588,
    62.214473305158));
#1180 = CARTESIAN_POINT('',(3.80387296478,18.620141952577,
    62.053560563038));
#1181 = CARTESIAN_POINT('',(4.105684863379,18.554923592147,
    61.879768118661));
#1182 = CARTESIAN_POINT('',(4.392358927469,18.487446072514,
    61.694692344443));
#1183 = CARTESIAN_POINT('',(4.663929224829,18.41867976229,
    61.499828012016));
#1184 = ORIENTED_EDGE('',*,*,#1185,.F.);
#1185 = EDGE_CURVE('',#1186,#1167,#1188,.T.);
#1186 = VERTEX_POINT('',#1187);
#1187 = CARTESIAN_POINT('',(-2.E-15,16.,63.));
#1188 = LINE('',#1189,#1190);
#1189 = CARTESIAN_POINT('',(-1.96E-15,15.,63.));
#1190 = VECTOR('',#1191,1.);
#1191 = DIRECTION('',(0.,1.,0.));
#1192 = ORIENTED_EDGE('',*,*,#1193,.T.);
#1193 = EDGE_CURVE('',#1186,#1194,#1196,.T.);
#1194 = VERTEX_POINT('',#1195);
#1195 = CARTESIAN_POINT('',(5.56776436283,15.,60.744562646538));
#1196 = B_SPLINE_CURVE_WITH_KNOTS('',6,(#1197,#1198,#1199,#1200,#1201,
    #1202,#1203,#1204,#1205,#1206,#1207,#1208),.UNSPECIFIED.,.F.,.F.,(7,
    5,7),(0.,0.476829115476,1.),.UNSPECIFIED.);
#1197 = CARTESIAN_POINT('',(-4.9E-16,16.,63.));
#1198 = CARTESIAN_POINT('',(0.545955392999,16.,63.));
#1199 = CARTESIAN_POINT('',(1.087737094304,15.977644742578,
    62.955289485339));
#1200 = CARTESIAN_POINT('',(1.617993535852,15.933576419819,
    62.867152746159));
#1201 = CARTESIAN_POINT('',(2.129576888501,15.870196214282,
    62.73898729492));
#1202 = CARTESIAN_POINT('',(2.615901147013,15.791527511915,
    62.576295361532));
#1203 = CARTESIAN_POINT('',(3.570864887591,15.604745506317,
    62.179253528916));
#1204 = CARTESIAN_POINT('',(4.036288318877,15.493907709504,
    61.938188791186));
#1205 = CARTESIAN_POINT('',(4.467732560685,15.374438811744,
    61.66987533981));
#1206 = CARTESIAN_POINT('',(4.866069236372,15.250222764469,
    61.379095371553));
#1207 = CARTESIAN_POINT('',(5.232491987262,15.124459630206,
    61.069568954255));
#1208 = CARTESIAN_POINT('',(5.568227690204,14.999828012016,
    60.74411354258));
#1209 = ORIENTED_EDGE('',*,*,#1210,.T.);
#1210 = EDGE_CURVE('',#1194,#1211,#1213,.T.);
#1211 = VERTEX_POINT('',#1212);
#1212 = CARTESIAN_POINT('',(5.56776436283,15.,49.255437353462));
#1213 = CIRCLE('',#1214,8.);
#1214 = AXIS2_PLACEMENT_3D('',#1215,#1216,#1217);
#1215 = CARTESIAN_POINT('',(0.,15.,55.));
#1216 = DIRECTION('',(0.,1.,0.));
#1217 = DIRECTION('',(0.,0.,1.));
#1218 = ORIENTED_EDGE('',*,*,#1219,.T.);
#1219 = EDGE_CURVE('',#1211,#1220,#1222,.T.);
#1220 = VERTEX_POINT('',#1221);
#1221 = CARTESIAN_POINT('',(-5.56776436283,15.,49.255437353462));
#1222 = B_SPLINE_CURVE_WITH_KNOTS('',6,(#1223,#1224,#1225,#1226,#1227,
    #1228,#1229,#1230,#1231,#1232,#1233,#1234,#1235,#1236,#1237,#1238,
    #1239,#1240,#1241,#1242,#1243,#1244,#1245,#1246,#1247,#1248,#1249,
    #1250,#1251,#1252,#1253,#1254),.UNSPECIFIED.,.F.,.F.,(7,5,5,5,5,5,7)
  ,(0.,0.261456623219,0.348288430155,0.497596020688,0.603071364019,
    0.738710166201,1.),.UNSPECIFIED.);
#1223 = CARTESIAN_POINT('',(5.568227690204,14.999828012016,
    49.25588645742));
#1224 = CARTESIAN_POINT('',(5.232323301439,15.124522249662,
    48.930267525114));
#1225 = CARTESIAN_POINT('',(4.865700410397,15.250349367362,
    48.620593008161));
#1226 = CARTESIAN_POINT('',(4.467130475274,15.374626582773,
    48.329685091703));
#1227 = CARTESIAN_POINT('',(4.035418487072,15.494148545792,
    48.061270360909));
#1228 = CARTESIAN_POINT('',(3.569692536352,15.605024581291,
    47.820139537127));
#1229 = CARTESIAN_POINT('',(2.903711979103,15.735217765606,
    47.543406641416));
#1230 = CARTESIAN_POINT('',(2.733982455265,15.766211118645,
    47.47813059172));
#1231 = CARTESIAN_POINT('',(2.56069725359,15.795550198468,
    47.416845582083));
#1232 = CARTESIAN_POINT('',(2.38400618502,15.823050879481,
    47.359813848608));
#1233 = CARTESIAN_POINT('',(2.204070687323,15.848536429661,
    47.307286097846));
#1234 = CARTESIAN_POINT('',(1.706382934223,15.911910224316,
    47.177338542685));
#1235 = CARTESIAN_POINT('',(1.382213673619,15.945580629645,
    47.109095251454));
#1236 = CARTESIAN_POINT('',(1.050641432932,15.971811643968,
    47.056388267555));
#1237 = CARTESIAN_POINT('',(0.713859676089,15.989840251274,
    47.020319873727));
#1238 = CARTESIAN_POINT('',(0.374125320247,15.999247229002,
    47.001505551786));
#1239 = CARTESIAN_POINT('',(-0.206765907829,16.0004711745,
    46.999057644488));
#1240 = CARTESIAN_POINT('',(-0.447238925799,15.996640679039,
    47.006719204194));
#1241 = CARTESIAN_POINT('',(-0.686817165384,15.988471721156,
    47.023052741106));
#1242 = CARTESIAN_POINT('',(-0.924621225394,15.976062220807,
    47.047914943635));
#1243 = CARTESIAN_POINT('',(-1.159782898259,15.95960464451,
    47.081019912347));
#1244 = CARTESIAN_POINT('',(-1.689359311118,15.913374682893,
    47.174555211594));
#1245 = CARTESIAN_POINT('',(-1.981231771717,15.881162744726,
    47.240047452535));
#1246 = CARTESIAN_POINT('',(-2.266158816887,15.843286789953,
    47.317611625218));
#1247 = CARTESIAN_POINT('',(-2.543304517211,15.800389735776,
    47.406337421249));
#1248 = CARTESIAN_POINT('',(-2.811902300877,15.753191513319,
    47.505195331798));
#1249 = CARTESIAN_POINT('',(-3.570864887591,15.604745506317,
    47.820746471084));
#1250 = CARTESIAN_POINT('',(-4.036288318877,15.493907709504,
    48.061811208814));
#1251 = CARTESIAN_POINT('',(-4.467732560686,15.374438811744,
    48.33012466019));
#1252 = CARTESIAN_POINT('',(-4.866069236372,15.250222764469,
    48.620904628447));
#1253 = CARTESIAN_POINT('',(-5.232491987262,15.124459630206,
    48.930431045745));
#1254 = CARTESIAN_POINT('',(-5.568227690204,14.999828012016,
    49.25588645742));
#1255 = ORIENTED_EDGE('',*,*,#1256,.T.);
#1256 = EDGE_CURVE('',#1220,#1257,#1259,.T.);
#1257 = VERTEX_POINT('',#1258);
#1258 = CARTESIAN_POINT('',(-5.56776436283,15.,60.744562646538));
#1259 = CIRCLE('',#1260,8.);
#1260 = AXIS2_PLACEMENT_3D('',#1261,#1262,#1263);
#1261 = CARTESIAN_POINT('',(0.,15.,55.));
#1262 = DIRECTION('',(0.,1.,0.));
#1263 = DIRECTION('',(0.,0.,1.));
#1264 = ORIENTED_EDGE('',*,*,#1265,.T.);
#1265 = EDGE_CURVE('',#1257,#1186,#1266,.T.);
#1266 = B_SPLINE_CURVE_WITH_KNOTS('',6,(#1267,#1268,#1269,#1270,#1271,
    #1272,#1273,#1274,#1275,#1276,#1277,#1278),.UNSPECIFIED.,.F.,.F.,(7,
    5,7),(0.,0.523503818265,1.),.UNSPECIFIED.);
#1267 = CARTESIAN_POINT('',(-5.568227690204,14.999828012016,
    60.74411354258));
#1268 = CARTESIAN_POINT('',(-5.232323301479,15.124522249647,
    61.069732474847));
#1269 = CARTESIAN_POINT('',(-4.865700410386,15.250349367369,
    61.379406991861));
#1270 = CARTESIAN_POINT('',(-4.467130475225,15.374626582787,
    61.670314908328));
#1271 = CARTESIAN_POINT('',(-4.03541848706,15.49414854579,
    61.938729639086));
#1272 = CARTESIAN_POINT('',(-3.569692536406,15.605024581281,
    62.179860462851));
#1273 = CARTESIAN_POINT('',(-2.614694899478,15.791717994492,
    62.57668775546));
#1274 = CARTESIAN_POINT('',(-2.128532807475,15.87032924857,
    62.739258362521));
#1275 = CARTESIAN_POINT('',(-1.617050201419,15.933667159502,
    62.86733442998));
#1276 = CARTESIAN_POINT('',(-1.086930052143,15.977688124573,
    62.955376191308));
#1277 = CARTESIAN_POINT('',(-0.545425484502,16.,63.));
#1278 = CARTESIAN_POINT('',(-8.9E-16,16.,63.));
#1279 = ORIENTED_EDGE('',*,*,#1185,.T.);
#1280 = ORIENTED_EDGE('',*,*,#1281,.F.);
#1281 = EDGE_CURVE('',#1282,#1167,#1284,.T.);
#1282 = VERTEX_POINT('',#1283);
#1283 = CARTESIAN_POINT('',(-4.663689526544,18.418740456394,61.5));
#1284 = B_SPLINE_CURVE_WITH_KNOTS('',6,(#1285,#1286,#1287,#1288,#1289,
    #1290,#1291,#1292,#1293,#1294,#1295,#1296),.UNSPECIFIED.,.F.,.F.,(7,
    5,7),(0.,0.449307094363,1.),.UNSPECIFIED.);
#1285 = CARTESIAN_POINT('',(-4.663929224829,18.41867976229,
    61.499828012016));
#1286 = CARTESIAN_POINT('',(-4.391714935416,18.487609142473,
    61.695154438725));
#1287 = CARTESIAN_POINT('',(-4.104323553,18.555244017065,61.880646981954
    ));
#1288 = CARTESIAN_POINT('',(-3.801721653218,18.620606768687,
    62.054799115847));
#1289 = CARTESIAN_POINT('',(-3.483980944212,18.682619589991,
    62.216002148209));
#1290 = CARTESIAN_POINT('',(-3.151306161303,18.740131590803,
    62.36252238398));
#1291 = CARTESIAN_POINT('',(-2.378464592592,18.85545208124,
    62.651758646608));
#1292 = CARTESIAN_POINT('',(-1.929474445646,18.910624433255,
    62.786719786232));
#1293 = CARTESIAN_POINT('',(-1.461736828072,18.954512863275,
    62.891968951283));
#1294 = CARTESIAN_POINT('',(-0.980492363301,18.984752569442,
    62.963787074245));
#1295 = CARTESIAN_POINT('',(-0.491343027768,19.,63.));
#1296 = CARTESIAN_POINT('',(0.,19.,63.));
#1297 = ORIENTED_EDGE('',*,*,#1298,.F.);
#1298 = EDGE_CURVE('',#1299,#1282,#1301,.T.);
#1299 = VERTEX_POINT('',#1300);
#1300 = CARTESIAN_POINT('',(-4.663689526544,16.867127793433,61.5));
#1301 = LINE('',#1302,#1303);
#1302 = CARTESIAN_POINT('',(-4.663689526544,15.,61.5));
#1303 = VECTOR('',#1304,1.);
#1304 = DIRECTION('',(0.,1.,0.));
#1305 = ORIENTED_EDGE('',*,*,#1306,.F.);
#1306 = EDGE_CURVE('',#1144,#1299,#1307,.T.);
#1307 = B_SPLINE_CURVE_WITH_KNOTS('',6,(#1308,#1309,#1310,#1311,#1312,
    #1313,#1314),.UNSPECIFIED.,.F.,.F.,(7,7),(0.,1.),
  .PIECEWISE_BEZIER_KNOTS.);
#1308 = CARTESIAN_POINT('',(-6.985079919135,16.0455183314,
    58.899828012016));
#1309 = CARTESIAN_POINT('',(-6.714317709666,16.163388981208,
    59.38479700716));
#1310 = CARTESIAN_POINT('',(-6.399596928832,16.293875069954,
    59.853572461198));
#1311 = CARTESIAN_POINT('',(-6.039518400282,16.433824804138,
    60.303983645765));
#1312 = CARTESIAN_POINT('',(-5.631848322945,16.579494002029,
    60.73254189369));
#1313 = CARTESIAN_POINT('',(-5.173923263339,16.726058129945,
    61.133940550561));
#1314 = CARTESIAN_POINT('',(-4.663449809596,16.867194072322,
    61.500171987984));
#1315 = ORIENTED_EDGE('',*,*,#1152,.T.);
#1316 = ORIENTED_EDGE('',*,*,#883,.F.);
#1317 = ORIENTED_EDGE('',*,*,#1318,.T.);
#1318 = EDGE_CURVE('',#876,#1319,#1321,.T.);
#1319 = VERTEX_POINT('',#1320);
#1320 = CARTESIAN_POINT('',(-8.,17.856406460551,55.));
#1321 = ELLIPSE('',#1322,16.,8.);
#1322 = AXIS2_PLACEMENT_3D('',#1323,#1324,#1325);
#1323 = CARTESIAN_POINT('',(0.,4.,55.));
#1324 = DIRECTION('',(-0.866025403784,-0.5,-0.));
#1325 = DIRECTION('',(-0.5,0.866025403784,0.));
#1326 = ORIENTED_EDGE('',*,*,#1327,.F.);
#1327 = EDGE_CURVE('',#773,#1319,#1328,.T.);
#1328 = LINE('',#1329,#1330);
#1329 = CARTESIAN_POINT('',(-8.,15.,55.));
#1330 = VECTOR('',#1331,1.);
#1331 = DIRECTION('',(0.,1.,0.));
#1332 = ORIENTED_EDGE('',*,*,#772,.F.);
#1333 = ORIENTED_EDGE('',*,*,#1126,.F.);
#1334 = ORIENTED_EDGE('',*,*,#1335,.F.);
#1335 = EDGE_CURVE('',#1336,#1127,#1338,.T.);
#1336 = VERTEX_POINT('',#1337);
#1337 = CARTESIAN_POINT('',(4.663689526544,16.867127793433,61.5));
#1338 = B_SPLINE_CURVE_WITH_KNOTS('',6,(#1339,#1340,#1341,#1342,#1343,
    #1344,#1345),.UNSPECIFIED.,.F.,.F.,(7,7),(0.,1.),
  .PIECEWISE_BEZIER_KNOTS.);
#1339 = CARTESIAN_POINT('',(4.663449809596,16.867194072322,
    61.500171987984));
#1340 = CARTESIAN_POINT('',(5.173923649718,16.726058023118,
    61.133940273359));
#1341 = CARTESIAN_POINT('',(5.631847848774,16.579494103324,
    60.732542120685));
#1342 = CARTESIAN_POINT('',(6.039517460925,16.433825159387,
    60.303984646672));
#1343 = CARTESIAN_POINT('',(6.399596282485,16.293875341235,
    59.853573470294));
#1344 = CARTESIAN_POINT('',(6.714317486468,16.163389078372,
    59.384797406935));
#1345 = CARTESIAN_POINT('',(6.985079919135,16.0455183314,58.899828012016
    ));
#1346 = ORIENTED_EDGE('',*,*,#1347,.T.);
#1347 = EDGE_CURVE('',#1336,#1169,#1348,.T.);
#1348 = LINE('',#1349,#1350);
#1349 = CARTESIAN_POINT('',(4.663689526544,15.,61.5));
#1350 = VECTOR('',#1351,1.);
#1351 = DIRECTION('',(0.,1.,0.));
#1352 = CYLINDRICAL_SURFACE('',#1353,8.);
#1353 = AXIS2_PLACEMENT_3D('',#1354,#1355,#1356);
#1354 = CARTESIAN_POINT('',(0.,15.,55.));
#1355 = DIRECTION('',(0.,1.,0.));
#1356 = DIRECTION('',(0.,0.,1.));
#1357 = ADVANCED_FACE('',(#1358),#1384,.F.);
#1358 = FACE_BOUND('',#1359,.F.);
#1359 = EDGE_LOOP('',(#1360,#1368,#1369,#1370,#1378));
#1360 = ORIENTED_EDGE('',*,*,#1361,.F.);
#1361 = EDGE_CURVE('',#1319,#1362,#1364,.T.);
#1362 = VERTEX_POINT('',#1363);
#1363 = CARTESIAN_POINT('',(-8.767949192431,19.186533479473,55.));
#1364 = LINE('',#1365,#1366);
#1365 = CARTESIAN_POINT('',(-7.617949192431,17.194675050769,55.));
#1366 = VECTOR('',#1367,1.);
#1367 = DIRECTION('',(-0.5,0.866025403784,0.));
#1368 = ORIENTED_EDGE('',*,*,#1318,.F.);
#1369 = ORIENTED_EDGE('',*,*,#875,.F.);
#1370 = ORIENTED_EDGE('',*,*,#1371,.T.);
#1371 = EDGE_CURVE('',#867,#1372,#1374,.T.);
#1372 = VERTEX_POINT('',#1373);
#1373 = CARTESIAN_POINT('',(-8.767949192431,19.186533479473,58.));
#1374 = LINE('',#1375,#1376);
#1375 = CARTESIAN_POINT('',(-7.617949192431,17.194675050769,58.));
#1376 = VECTOR('',#1377,1.);
#1377 = DIRECTION('',(-0.5,0.866025403784,0.));
#1378 = ORIENTED_EDGE('',*,*,#1379,.F.);
#1379 = EDGE_CURVE('',#1362,#1372,#1380,.T.);
#1380 = LINE('',#1381,#1382);
#1381 = CARTESIAN_POINT('',(-8.767949192431,19.186533479473,55.));
#1382 = VECTOR('',#1383,1.);
#1383 = DIRECTION('',(0.,0.,1.));
#1384 = PLANE('',#1385);
#1385 = AXIS2_PLACEMENT_3D('',#1386,#1387,#1388);
#1386 = CARTESIAN_POINT('',(-7.617949192431,17.194675050769,55.));
#1387 = DIRECTION('',(-0.866025403784,-0.5,0.));
#1388 = DIRECTION('',(0.,0.,1.));
#1389 = ADVANCED_FACE('',(#1390),#1408,.T.);
#1390 = FACE_BOUND('',#1391,.T.);
#1391 = EDGE_LOOP('',(#1392,#1400,#1401,#1402));
#1392 = ORIENTED_EDGE('',*,*,#1393,.F.);
#1393 = EDGE_CURVE('',#859,#1394,#1396,.T.);
#1394 = VERTEX_POINT('',#1395);
#1395 = CARTESIAN_POINT('',(-12.23205080756,17.186533479473,58.));
#1396 = LINE('',#1397,#1398);
#1397 = CARTESIAN_POINT('',(-11.08205080756,15.194675050769,58.));
#1398 = VECTOR('',#1399,1.);
#1399 = DIRECTION('',(-0.5,0.866025403784,0.));
#1400 = ORIENTED_EDGE('',*,*,#866,.T.);
#1401 = ORIENTED_EDGE('',*,*,#1371,.T.);
#1402 = ORIENTED_EDGE('',*,*,#1403,.T.);
#1403 = EDGE_CURVE('',#1372,#1394,#1404,.T.);
#1404 = LINE('',#1405,#1406);
#1405 = CARTESIAN_POINT('',(-8.767949192431,19.186533479473,58.));
#1406 = VECTOR('',#1407,1.);
#1407 = DIRECTION('',(-0.866025403784,-0.5,0.));
#1408 = PLANE('',#1409);
#1409 = AXIS2_PLACEMENT_3D('',#1410,#1411,#1412);
#1410 = CARTESIAN_POINT('',(-7.617949192431,17.194675050769,58.));
#1411 = DIRECTION('',(0.,0.,1.));
#1412 = DIRECTION('',(-0.5,0.866025403784,0.));
#1413 = ADVANCED_FACE('',(#1414),#1432,.T.);
#1414 = FACE_BOUND('',#1415,.T.);
#1415 = EDGE_LOOP('',(#1416,#1424,#1425,#1426));
#1416 = ORIENTED_EDGE('',*,*,#1417,.F.);
#1417 = EDGE_CURVE('',#850,#1418,#1420,.T.);
#1418 = VERTEX_POINT('',#1419);
#1419 = CARTESIAN_POINT('',(-12.23205080756,17.186533479473,55.));
#1420 = LINE('',#1421,#1422);
#1421 = CARTESIAN_POINT('',(-11.08205080756,15.194675050769,55.));
#1422 = VECTOR('',#1423,1.);
#1423 = DIRECTION('',(-0.5,0.866025403784,0.));
#1424 = ORIENTED_EDGE('',*,*,#858,.F.);
#1425 = ORIENTED_EDGE('',*,*,#1393,.T.);
#1426 = ORIENTED_EDGE('',*,*,#1427,.F.);
#1427 = EDGE_CURVE('',#1418,#1394,#1428,.T.);
#1428 = LINE('',#1429,#1430);
#1429 = CARTESIAN_POINT('',(-12.23205080756,17.186533479473,55.));
#1430 = VECTOR('',#1431,1.);
#1431 = DIRECTION('',(0.,0.,1.));
#1432 = PLANE('',#1433);
#1433 = AXIS2_PLACEMENT_3D('',#1434,#1435,#1436);
#1434 = CARTESIAN_POINT('',(-11.08205080756,15.194675050769,55.));
#1435 = DIRECTION('',(-0.866025403784,-0.5,0.));
#1436 = DIRECTION('',(0.,0.,1.));
#1437 = ADVANCED_FACE('',(#1438),#1450,.F.);
#1438 = FACE_BOUND('',#1439,.F.);
#1439 = EDGE_LOOP('',(#1440,#1441,#1442,#1443,#1444));
#1440 = ORIENTED_EDGE('',*,*,#1417,.F.);
#1441 = ORIENTED_EDGE('',*,*,#849,.T.);
#1442 = ORIENTED_EDGE('',*,*,#1327,.T.);
#1443 = ORIENTED_EDGE('',*,*,#1361,.T.);
#1444 = ORIENTED_EDGE('',*,*,#1445,.T.);
#1445 = EDGE_CURVE('',#1362,#1418,#1446,.T.);
#1446 = LINE('',#1447,#1448);
#1447 = CARTESIAN_POINT('',(-8.767949192431,19.186533479473,55.));
#1448 = VECTOR('',#1449,1.);
#1449 = DIRECTION('',(-0.866025403784,-0.5,0.));
#1450 = PLANE('',#1451);
#1451 = AXIS2_PLACEMENT_3D('',#1452,#1453,#1454);
#1452 = CARTESIAN_POINT('',(-7.617949192431,17.194675050769,55.));
#1453 = DIRECTION('',(0.,0.,1.));
#1454 = DIRECTION('',(-0.5,0.866025403784,0.));
#1455 = ADVANCED_FACE('',(#1456),#1467,.T.);
#1456 = FACE_BOUND('',#1457,.T.);
#1457 = EDGE_LOOP('',(#1458,#1459,#1460,#1461));
#1458 = ORIENTED_EDGE('',*,*,#1043,.F.);
#1459 = ORIENTED_EDGE('',*,*,#739,.F.);
#1460 = ORIENTED_EDGE('',*,*,#1099,.T.);
#1461 = ORIENTED_EDGE('',*,*,#1462,.F.);
#1462 = EDGE_CURVE('',#1044,#1100,#1463,.T.);
#1463 = LINE('',#1464,#1465);
#1464 = CARTESIAN_POINT('',(21.,2.,55.));
#1465 = VECTOR('',#1466,1.);
#1466 = DIRECTION('',(0.,0.,1.));
#1467 = PLANE('',#1468);
#1468 = AXIS2_PLACEMENT_3D('',#1469,#1470,#1471);
#1469 = CARTESIAN_POINT('',(18.7,2.,55.));
#1470 = DIRECTION('',(0.,1.,0.));
#1471 = DIRECTION('',(0.,0.,1.));
#1472 = ADVANCED_FACE('',(#1473),#1498,.F.);
#1473 = FACE_BOUND('',#1474,.F.);
#1474 = EDGE_LOOP('',(#1475,#1483,#1484,#1492));
#1475 = ORIENTED_EDGE('',*,*,#1476,.F.);
#1476 = EDGE_CURVE('',#1004,#1477,#1479,.T.);
#1477 = VERTEX_POINT('',#1478);
#1478 = CARTESIAN_POINT('',(-12.23205080756,-17.18653347947,55.));
#1479 = LINE('',#1480,#1481);
#1480 = CARTESIAN_POINT('',(-11.08205080756,-15.19467505076,55.));
#1481 = VECTOR('',#1482,1.);
#1482 = DIRECTION('',(-0.5,-0.866025403784,0.));
#1483 = ORIENTED_EDGE('',*,*,#1001,.F.);
#1484 = ORIENTED_EDGE('',*,*,#1485,.T.);
#1485 = EDGE_CURVE('',#1002,#1486,#1488,.T.);
#1486 = VERTEX_POINT('',#1487);
#1487 = CARTESIAN_POINT('',(-12.23205080756,-17.18653347947,58.));
#1488 = LINE('',#1489,#1490);
#1489 = CARTESIAN_POINT('',(-11.08205080756,-15.19467505076,58.));
#1490 = VECTOR('',#1491,1.);
#1491 = DIRECTION('',(-0.5,-0.866025403784,0.));
#1492 = ORIENTED_EDGE('',*,*,#1493,.F.);
#1493 = EDGE_CURVE('',#1477,#1486,#1494,.T.);
#1494 = LINE('',#1495,#1496);
#1495 = CARTESIAN_POINT('',(-12.23205080756,-17.18653347947,55.));
#1496 = VECTOR('',#1497,1.);
#1497 = DIRECTION('',(0.,0.,1.));
#1498 = PLANE('',#1499);
#1499 = AXIS2_PLACEMENT_3D('',#1500,#1501,#1502);
#1500 = CARTESIAN_POINT('',(-11.08205080756,-15.19467505076,55.));
#1501 = DIRECTION('',(0.866025403784,-0.5,0.));
#1502 = DIRECTION('',(0.,0.,1.));
#1503 = ADVANCED_FACE('',(#1504),#1522,.T.);
#1504 = FACE_BOUND('',#1505,.T.);
#1505 = EDGE_LOOP('',(#1506,#1514,#1515,#1516));
#1506 = ORIENTED_EDGE('',*,*,#1507,.F.);
#1507 = EDGE_CURVE('',#1021,#1508,#1510,.T.);
#1508 = VERTEX_POINT('',#1509);
#1509 = CARTESIAN_POINT('',(-8.767949192431,-19.18653347947,58.));
#1510 = LINE('',#1511,#1512);
#1511 = CARTESIAN_POINT('',(-7.617949192431,-17.19467505076,58.));
#1512 = VECTOR('',#1513,1.);
#1513 = DIRECTION('',(-0.5,-0.866025403784,0.));
#1514 = ORIENTED_EDGE('',*,*,#1028,.T.);
#1515 = ORIENTED_EDGE('',*,*,#1485,.T.);
#1516 = ORIENTED_EDGE('',*,*,#1517,.T.);
#1517 = EDGE_CURVE('',#1486,#1508,#1518,.T.);
#1518 = LINE('',#1519,#1520);
#1519 = CARTESIAN_POINT('',(-12.23205080756,-17.18653347947,58.));
#1520 = VECTOR('',#1521,1.);
#1521 = DIRECTION('',(0.866025403784,-0.5,0.));
#1522 = PLANE('',#1523);
#1523 = AXIS2_PLACEMENT_3D('',#1524,#1525,#1526);
#1524 = CARTESIAN_POINT('',(-11.08205080756,-15.19467505076,58.));
#1525 = DIRECTION('',(0.,0.,1.));
#1526 = DIRECTION('',(-0.5,-0.866025403784,0.));
#1527 = ADVANCED_FACE('',(#1528),#1546,.F.);
#1528 = FACE_BOUND('',#1529,.F.);
#1529 = EDGE_LOOP('',(#1530,#1538,#1539,#1540));
#1530 = ORIENTED_EDGE('',*,*,#1531,.F.);
#1531 = EDGE_CURVE('',#1012,#1532,#1534,.T.);
#1532 = VERTEX_POINT('',#1533);
#1533 = CARTESIAN_POINT('',(-8.767949192431,-19.18653347947,55.));
#1534 = LINE('',#1535,#1536);
#1535 = CARTESIAN_POINT('',(-7.617949192431,-17.19467505076,55.));
#1536 = VECTOR('',#1537,1.);
#1537 = DIRECTION('',(-0.5,-0.866025403784,0.));
#1538 = ORIENTED_EDGE('',*,*,#1011,.T.);
#1539 = ORIENTED_EDGE('',*,*,#1476,.T.);
#1540 = ORIENTED_EDGE('',*,*,#1541,.T.);
#1541 = EDGE_CURVE('',#1477,#1532,#1542,.T.);
#1542 = LINE('',#1543,#1544);
#1543 = CARTESIAN_POINT('',(-12.23205080756,-17.18653347947,55.));
#1544 = VECTOR('',#1545,1.);
#1545 = DIRECTION('',(0.866025403784,-0.5,0.));
#1546 = PLANE('',#1547);
#1547 = AXIS2_PLACEMENT_3D('',#1548,#1549,#1550);
#1548 = CARTESIAN_POINT('',(-11.08205080756,-15.19467505076,55.));
#1549 = DIRECTION('',(0.,0.,1.));
#1550 = DIRECTION('',(-0.5,-0.866025403784,0.));
#1551 = ADVANCED_FACE('',(#1552),#1563,.T.);
#1552 = FACE_BOUND('',#1553,.T.);
#1553 = EDGE_LOOP('',(#1554,#1555,#1556,#1557));
#1554 = ORIENTED_EDGE('',*,*,#1531,.F.);
#1555 = ORIENTED_EDGE('',*,*,#1020,.F.);
#1556 = ORIENTED_EDGE('',*,*,#1507,.T.);
#1557 = ORIENTED_EDGE('',*,*,#1558,.F.);
#1558 = EDGE_CURVE('',#1532,#1508,#1559,.T.);
#1559 = LINE('',#1560,#1561);
#1560 = CARTESIAN_POINT('',(-8.767949192431,-19.18653347947,55.));
#1561 = VECTOR('',#1562,1.);
#1562 = DIRECTION('',(0.,0.,1.));
#1563 = PLANE('',#1564);
#1564 = AXIS2_PLACEMENT_3D('',#1565,#1566,#1567);
#1565 = CARTESIAN_POINT('',(-7.617949192431,-17.19467505076,55.));
#1566 = DIRECTION('',(0.866025403784,-0.5,0.));
#1567 = DIRECTION('',(0.,0.,1.));
#1568 = ADVANCED_FACE('',(#1569),#1575,.T.);
#1569 = FACE_BOUND('',#1570,.T.);
#1570 = EDGE_LOOP('',(#1571,#1572,#1573,#1574));
#1571 = ORIENTED_EDGE('',*,*,#1085,.F.);
#1572 = ORIENTED_EDGE('',*,*,#1061,.T.);
#1573 = ORIENTED_EDGE('',*,*,#1462,.T.);
#1574 = ORIENTED_EDGE('',*,*,#1110,.F.);
#1575 = PLANE('',#1576);
#1576 = AXIS2_PLACEMENT_3D('',#1577,#1578,#1579);
#1577 = CARTESIAN_POINT('',(21.,-2.,55.));
#1578 = DIRECTION('',(1.,0.,0.));
#1579 = DIRECTION('',(0.,0.,1.));
#1580 = ADVANCED_FACE('',(#1581),#1603,.T.);
#1581 = FACE_BOUND('',#1582,.T.);
#1582 = EDGE_LOOP('',(#1583,#1584,#1585,#1594,#1601,#1602));
#1583 = ORIENTED_EDGE('',*,*,#1134,.T.);
#1584 = ORIENTED_EDGE('',*,*,#1335,.F.);
#1585 = ORIENTED_EDGE('',*,*,#1586,.F.);
#1586 = EDGE_CURVE('',#1587,#1336,#1589,.T.);
#1587 = VERTEX_POINT('',#1588);
#1588 = CARTESIAN_POINT('',(17.5,-4.E-15,61.5));
#1589 = CIRCLE('',#1590,17.5);
#1590 = AXIS2_PLACEMENT_3D('',#1591,#1592,#1593);
#1591 = CARTESIAN_POINT('',(0.,0.,61.5));
#1592 = DIRECTION('',(0.,0.,1.));
#1593 = DIRECTION('',(1.,0.,0.));
#1594 = ORIENTED_EDGE('',*,*,#1595,.F.);
#1595 = EDGE_CURVE('',#1299,#1587,#1596,.T.);
#1596 = CIRCLE('',#1597,17.5);
#1597 = AXIS2_PLACEMENT_3D('',#1598,#1599,#1600);
#1598 = CARTESIAN_POINT('',(0.,0.,61.5));
#1599 = DIRECTION('',(0.,0.,1.));
#1600 = DIRECTION('',(1.,0.,0.));
#1601 = ORIENTED_EDGE('',*,*,#1306,.F.);
#1602 = ORIENTED_EDGE('',*,*,#1143,.T.);
#1603 = CYLINDRICAL_SURFACE('',#1604,17.5);
#1604 = AXIS2_PLACEMENT_3D('',#1605,#1606,#1607);
#1605 = CARTESIAN_POINT('',(0.,0.,57.9));
#1606 = DIRECTION('',(0.,0.,1.));
#1607 = DIRECTION('',(1.,0.,0.));
#1608 = ADVANCED_FACE('',(#1609),#1644,.T.);
#1609 = FACE_BOUND('',#1610,.F.);
#1610 = EDGE_LOOP('',(#1611,#1620,#1627,#1628,#1629,#1636,#1637));
#1611 = ORIENTED_EDGE('',*,*,#1612,.T.);
#1612 = EDGE_CURVE('',#1613,#1615,#1617,.T.);
#1613 = VERTEX_POINT('',#1614);
#1614 = CARTESIAN_POINT('',(19.,-5.E-15,65.));
#1615 = VERTEX_POINT('',#1616);
#1616 = CARTESIAN_POINT('',(19.,-5.E-15,61.5));
#1617 = B_SPLINE_CURVE_WITH_KNOTS('',1,(#1618,#1619),.UNSPECIFIED.,.F.,
  .F.,(2,2),(-65.,-58.),.PIECEWISE_BEZIER_KNOTS.);
#1618 = CARTESIAN_POINT('',(19.,-4.65E-15,65.));
#1619 = CARTESIAN_POINT('',(19.,-4.65E-15,58.));
#1620 = ORIENTED_EDGE('',*,*,#1621,.T.);
#1621 = EDGE_CURVE('',#1615,#1282,#1622,.T.);
#1622 = CIRCLE('',#1623,19.);
#1623 = AXIS2_PLACEMENT_3D('',#1624,#1625,#1626);
#1624 = CARTESIAN_POINT('',(0.,0.,61.5));
#1625 = DIRECTION('',(0.,0.,-1.));
#1626 = DIRECTION('',(1.,0.,0.));
#1627 = ORIENTED_EDGE('',*,*,#1281,.T.);
#1628 = ORIENTED_EDGE('',*,*,#1166,.T.);
#1629 = ORIENTED_EDGE('',*,*,#1630,.T.);
#1630 = EDGE_CURVE('',#1169,#1615,#1631,.T.);
#1631 = CIRCLE('',#1632,19.);
#1632 = AXIS2_PLACEMENT_3D('',#1633,#1634,#1635);
#1633 = CARTESIAN_POINT('',(0.,0.,61.5));
#1634 = DIRECTION('',(0.,0.,-1.));
#1635 = DIRECTION('',(1.,0.,0.));
#1636 = ORIENTED_EDGE('',*,*,#1612,.F.);
#1637 = ORIENTED_EDGE('',*,*,#1638,.T.);
#1638 = EDGE_CURVE('',#1613,#1613,#1639,.T.);
#1639 = CIRCLE('',#1640,19.);
#1640 = AXIS2_PLACEMENT_3D('',#1641,#1642,#1643);
#1641 = CARTESIAN_POINT('',(0.,0.,65.));
#1642 = DIRECTION('',(0.,0.,1.));
#1643 = DIRECTION('',(1.,0.,0.));
#1644 = CYLINDRICAL_SURFACE('',#1645,19.);
#1645 = AXIS2_PLACEMENT_3D('',#1646,#1647,#1648);
#1646 = CARTESIAN_POINT('',(0.,0.,0.));
#1647 = DIRECTION('',(-0.,-0.,-1.));
#1648 = DIRECTION('',(1.,0.,0.));
#1649 = ADVANCED_FACE('',(#1650),#1658,.F.);
#1650 = FACE_BOUND('',#1651,.F.);
#1651 = EDGE_LOOP('',(#1652,#1653,#1654,#1655,#1656,#1657));
#1652 = ORIENTED_EDGE('',*,*,#1621,.F.);
#1653 = ORIENTED_EDGE('',*,*,#1630,.F.);
#1654 = ORIENTED_EDGE('',*,*,#1347,.F.);
#1655 = ORIENTED_EDGE('',*,*,#1586,.F.);
#1656 = ORIENTED_EDGE('',*,*,#1595,.F.);
#1657 = ORIENTED_EDGE('',*,*,#1298,.T.);
#1658 = PLANE('',#1659);
#1659 = AXIS2_PLACEMENT_3D('',#1660,#1661,#1662);
#1660 = CARTESIAN_POINT('',(0.,0.,61.5));
#1661 = DIRECTION('',(0.,0.,1.));
#1662 = DIRECTION('',(1.,0.,0.));
#1663 = ADVANCED_FACE('',(#1664,#1818,#1835),#1871,.F.);
#1664 = FACE_BOUND('',#1665,.T.);
#1665 = EDGE_LOOP('',(#1666,#1677,#1685,#1694,#1702,#1711,#1719,#1728,
    #1736,#1743,#1744,#1753,#1761,#1768,#1769,#1778,#1786,#1795,#1803,
    #1812));
#1666 = ORIENTED_EDGE('',*,*,#1667,.F.);
#1667 = EDGE_CURVE('',#1668,#1670,#1672,.T.);
#1668 = VERTEX_POINT('',#1669);
#1669 = CARTESIAN_POINT('',(15.803480629279,2.5,3.));
#1670 = VERTEX_POINT('',#1671);
#1671 = CARTESIAN_POINT('',(-15.80348062927,2.5,3.));
#1672 = CIRCLE('',#1673,16.);
#1673 = AXIS2_PLACEMENT_3D('',#1674,#1675,#1676);
#1674 = CARTESIAN_POINT('',(0.,0.,3.));
#1675 = DIRECTION('',(0.,0.,1.));
#1676 = DIRECTION('',(1.,0.,0.));
#1677 = ORIENTED_EDGE('',*,*,#1678,.F.);
#1678 = EDGE_CURVE('',#1679,#1668,#1681,.T.);
#1679 = VERTEX_POINT('',#1680);
#1680 = CARTESIAN_POINT('',(15.803480629279,2.5,13.));
#1681 = LINE('',#1682,#1683);
#1682 = CARTESIAN_POINT('',(15.803480629279,2.5,3.));
#1683 = VECTOR('',#1684,1.);
#1684 = DIRECTION('',(-0.,-0.,-1.));
#1685 = ORIENTED_EDGE('',*,*,#1686,.T.);
#1686 = EDGE_CURVE('',#1679,#1687,#1689,.T.);
#1687 = VERTEX_POINT('',#1688);
#1688 = CARTESIAN_POINT('',(16.,-4.E-15,13.));
#1689 = CIRCLE('',#1690,16.);
#1690 = AXIS2_PLACEMENT_3D('',#1691,#1692,#1693);
#1691 = CARTESIAN_POINT('',(0.,0.,13.));
#1692 = DIRECTION('',(0.,0.,-1.));
#1693 = DIRECTION('',(1.,0.,0.));
#1694 = ORIENTED_EDGE('',*,*,#1695,.T.);
#1695 = EDGE_CURVE('',#1687,#1696,#1698,.T.);
#1696 = VERTEX_POINT('',#1697);
#1697 = CARTESIAN_POINT('',(16.,-4.E-15,35.));
#1698 = LINE('',#1699,#1700);
#1699 = CARTESIAN_POINT('',(16.,-3.92E-15,3.));
#1700 = VECTOR('',#1701,1.);
#1701 = DIRECTION('',(0.,0.,1.));
#1702 = ORIENTED_EDGE('',*,*,#1703,.F.);
#1703 = EDGE_CURVE('',#1704,#1696,#1706,.T.);
#1704 = VERTEX_POINT('',#1705);
#1705 = CARTESIAN_POINT('',(15.803480629279,2.5,35.));
#1706 = CIRCLE('',#1707,16.);
#1707 = AXIS2_PLACEMENT_3D('',#1708,#1709,#1710);
#1708 = CARTESIAN_POINT('',(0.,0.,35.));
#1709 = DIRECTION('',(0.,0.,-1.));
#1710 = DIRECTION('',(1.,0.,0.));
#1711 = ORIENTED_EDGE('',*,*,#1712,.F.);
#1712 = EDGE_CURVE('',#1713,#1704,#1715,.T.);
#1713 = VERTEX_POINT('',#1714);
#1714 = CARTESIAN_POINT('',(15.803480629279,2.5,46.));
#1715 = LINE('',#1716,#1717);
#1716 = CARTESIAN_POINT('',(15.803480629279,2.5,3.));
#1717 = VECTOR('',#1718,1.);
#1718 = DIRECTION('',(-0.,-0.,-1.));
#1719 = ORIENTED_EDGE('',*,*,#1720,.T.);
#1720 = EDGE_CURVE('',#1713,#1721,#1723,.T.);
#1721 = VERTEX_POINT('',#1722);
#1722 = CARTESIAN_POINT('',(16.,-4.E-15,46.));
#1723 = CIRCLE('',#1724,16.);
#1724 = AXIS2_PLACEMENT_3D('',#1725,#1726,#1727);
#1725 = CARTESIAN_POINT('',(0.,0.,46.));
#1726 = DIRECTION('',(0.,0.,-1.));
#1727 = DIRECTION('',(1.,0.,0.));
#1728 = ORIENTED_EDGE('',*,*,#1729,.T.);
#1729 = EDGE_CURVE('',#1721,#1730,#1732,.T.);
#1730 = VERTEX_POINT('',#1731);
#1731 = CARTESIAN_POINT('',(16.,-4.E-15,65.));
#1732 = LINE('',#1733,#1734);
#1733 = CARTESIAN_POINT('',(16.,-3.92E-15,3.));
#1734 = VECTOR('',#1735,1.);
#1735 = DIRECTION('',(0.,0.,1.));
#1736 = ORIENTED_EDGE('',*,*,#1737,.F.);
#1737 = EDGE_CURVE('',#1730,#1730,#1738,.T.);
#1738 = CIRCLE('',#1739,16.);
#1739 = AXIS2_PLACEMENT_3D('',#1740,#1741,#1742);
#1740 = CARTESIAN_POINT('',(0.,0.,65.));
#1741 = DIRECTION('',(0.,0.,-1.));
#1742 = DIRECTION('',(1.,0.,0.));
#1743 = ORIENTED_EDGE('',*,*,#1729,.F.);
#1744 = ORIENTED_EDGE('',*,*,#1745,.T.);
#1745 = EDGE_CURVE('',#1721,#1746,#1748,.T.);
#1746 = VERTEX_POINT('',#1747);
#1747 = CARTESIAN_POINT('',(15.803480629279,-2.5,46.));
#1748 = CIRCLE('',#1749,16.);
#1749 = AXIS2_PLACEMENT_3D('',#1750,#1751,#1752);
#1750 = CARTESIAN_POINT('',(0.,0.,46.));
#1751 = DIRECTION('',(0.,0.,-1.));
#1752 = DIRECTION('',(1.,0.,0.));
#1753 = ORIENTED_EDGE('',*,*,#1754,.T.);
#1754 = EDGE_CURVE('',#1746,#1755,#1757,.T.);
#1755 = VERTEX_POINT('',#1756);
#1756 = CARTESIAN_POINT('',(15.803480629279,-2.5,35.));
#1757 = LINE('',#1758,#1759);
#1758 = CARTESIAN_POINT('',(15.803480629279,-2.5,3.));
#1759 = VECTOR('',#1760,1.);
#1760 = DIRECTION('',(-0.,-0.,-1.));
#1761 = ORIENTED_EDGE('',*,*,#1762,.F.);
#1762 = EDGE_CURVE('',#1696,#1755,#1763,.T.);
#1763 = CIRCLE('',#1764,16.);
#1764 = AXIS2_PLACEMENT_3D('',#1765,#1766,#1767);
#1765 = CARTESIAN_POINT('',(0.,0.,35.));
#1766 = DIRECTION('',(0.,0.,-1.));
#1767 = DIRECTION('',(1.,0.,0.));
#1768 = ORIENTED_EDGE('',*,*,#1695,.F.);
#1769 = ORIENTED_EDGE('',*,*,#1770,.T.);
#1770 = EDGE_CURVE('',#1687,#1771,#1773,.T.);
#1771 = VERTEX_POINT('',#1772);
#1772 = CARTESIAN_POINT('',(15.803480629279,-2.5,13.));
#1773 = CIRCLE('',#1774,16.);
#1774 = AXIS2_PLACEMENT_3D('',#1775,#1776,#1777);
#1775 = CARTESIAN_POINT('',(0.,0.,13.));
#1776 = DIRECTION('',(0.,0.,-1.));
#1777 = DIRECTION('',(1.,0.,0.));
#1778 = ORIENTED_EDGE('',*,*,#1779,.T.);
#1779 = EDGE_CURVE('',#1771,#1780,#1782,.T.);
#1780 = VERTEX_POINT('',#1781);
#1781 = CARTESIAN_POINT('',(15.803480629279,-2.5,3.));
#1782 = LINE('',#1783,#1784);
#1783 = CARTESIAN_POINT('',(15.803480629279,-2.5,3.));
#1784 = VECTOR('',#1785,1.);
#1785 = DIRECTION('',(-0.,-0.,-1.));
#1786 = ORIENTED_EDGE('',*,*,#1787,.F.);
#1787 = EDGE_CURVE('',#1788,#1780,#1790,.T.);
#1788 = VERTEX_POINT('',#1789);
#1789 = CARTESIAN_POINT('',(-15.80348062927,-2.5,3.));
#1790 = CIRCLE('',#1791,16.);
#1791 = AXIS2_PLACEMENT_3D('',#1792,#1793,#1794);
#1792 = CARTESIAN_POINT('',(0.,0.,3.));
#1793 = DIRECTION('',(0.,0.,1.));
#1794 = DIRECTION('',(1.,0.,0.));
#1795 = ORIENTED_EDGE('',*,*,#1796,.F.);
#1796 = EDGE_CURVE('',#1797,#1788,#1799,.T.);
#1797 = VERTEX_POINT('',#1798);
#1798 = CARTESIAN_POINT('',(-15.80348062927,-2.5,13.));
#1799 = LINE('',#1800,#1801);
#1800 = CARTESIAN_POINT('',(-15.80348062927,-2.5,3.));
#1801 = VECTOR('',#1802,1.);
#1802 = DIRECTION('',(-0.,-0.,-1.));
#1803 = ORIENTED_EDGE('',*,*,#1804,.T.);
#1804 = EDGE_CURVE('',#1797,#1805,#1807,.T.);
#1805 = VERTEX_POINT('',#1806);
#1806 = CARTESIAN_POINT('',(-15.80348062927,2.5,13.));
#1807 = CIRCLE('',#1808,16.);
#1808 = AXIS2_PLACEMENT_3D('',#1809,#1810,#1811);
#1809 = CARTESIAN_POINT('',(0.,0.,13.));
#1810 = DIRECTION('',(0.,0.,-1.));
#1811 = DIRECTION('',(1.,0.,0.));
#1812 = ORIENTED_EDGE('',*,*,#1813,.T.);
#1813 = EDGE_CURVE('',#1805,#1670,#1814,.T.);
#1814 = LINE('',#1815,#1816);
#1815 = CARTESIAN_POINT('',(-15.80348062927,2.5,3.));
#1816 = VECTOR('',#1817,1.);
#1817 = DIRECTION('',(-0.,-0.,-1.));
#1818 = FACE_BOUND('',#1819,.T.);
#1819 = EDGE_LOOP('',(#1820,#1826,#1827,#1828,#1834));
#1820 = ORIENTED_EDGE('',*,*,#1821,.F.);
#1821 = EDGE_CURVE('',#1257,#1220,#1822,.T.);
#1822 = LINE('',#1823,#1824);
#1823 = CARTESIAN_POINT('',(-5.56776436283,15.,3.));
#1824 = VECTOR('',#1825,1.);
#1825 = DIRECTION('',(-0.,-0.,-1.));
#1826 = ORIENTED_EDGE('',*,*,#1265,.T.);
#1827 = ORIENTED_EDGE('',*,*,#1193,.T.);
#1828 = ORIENTED_EDGE('',*,*,#1829,.T.);
#1829 = EDGE_CURVE('',#1194,#1211,#1830,.T.);
#1830 = LINE('',#1831,#1832);
#1831 = CARTESIAN_POINT('',(5.56776436283,15.,3.));
#1832 = VECTOR('',#1833,1.);
#1833 = DIRECTION('',(-0.,-0.,-1.));
#1834 = ORIENTED_EDGE('',*,*,#1219,.T.);
#1835 = FACE_BOUND('',#1836,.T.);
#1836 = EDGE_LOOP('',(#1837,#1848,#1856,#1865));
#1837 = ORIENTED_EDGE('',*,*,#1838,.F.);
#1838 = EDGE_CURVE('',#1839,#1841,#1843,.T.);
#1839 = VERTEX_POINT('',#1840);
#1840 = CARTESIAN_POINT('',(-15.80348062927,-2.5,35.));
#1841 = VERTEX_POINT('',#1842);
#1842 = CARTESIAN_POINT('',(-15.80348062927,2.5,35.));
#1843 = CIRCLE('',#1844,16.);
#1844 = AXIS2_PLACEMENT_3D('',#1845,#1846,#1847);
#1845 = CARTESIAN_POINT('',(0.,0.,35.));
#1846 = DIRECTION('',(0.,0.,-1.));
#1847 = DIRECTION('',(1.,0.,0.));
#1848 = ORIENTED_EDGE('',*,*,#1849,.F.);
#1849 = EDGE_CURVE('',#1850,#1839,#1852,.T.);
#1850 = VERTEX_POINT('',#1851);
#1851 = CARTESIAN_POINT('',(-15.80348062927,-2.5,46.));
#1852 = LINE('',#1853,#1854);
#1853 = CARTESIAN_POINT('',(-15.80348062927,-2.5,3.));
#1854 = VECTOR('',#1855,1.);
#1855 = DIRECTION('',(-0.,-0.,-1.));
#1856 = ORIENTED_EDGE('',*,*,#1857,.T.);
#1857 = EDGE_CURVE('',#1850,#1858,#1860,.T.);
#1858 = VERTEX_POINT('',#1859);
#1859 = CARTESIAN_POINT('',(-15.80348062927,2.5,46.));
#1860 = CIRCLE('',#1861,16.);
#1861 = AXIS2_PLACEMENT_3D('',#1862,#1863,#1864);
#1862 = CARTESIAN_POINT('',(0.,0.,46.));
#1863 = DIRECTION('',(0.,0.,-1.));
#1864 = DIRECTION('',(1.,0.,0.));
#1865 = ORIENTED_EDGE('',*,*,#1866,.T.);
#1866 = EDGE_CURVE('',#1858,#1841,#1867,.T.);
#1867 = LINE('',#1868,#1869);
#1868 = CARTESIAN_POINT('',(-15.80348062927,2.5,3.));
#1869 = VECTOR('',#1870,1.);
#1870 = DIRECTION('',(-0.,-0.,-1.));
#1871 = CYLINDRICAL_SURFACE('',#1872,16.);
#1872 = AXIS2_PLACEMENT_3D('',#1873,#1874,#1875);
#1873 = CARTESIAN_POINT('',(0.,0.,3.));
#1874 = DIRECTION('',(-0.,-0.,-1.));
#1875 = DIRECTION('',(1.,0.,0.));
#1876 = ADVANCED_FACE('',(#1877),#1881,.T.);
#1877 = FACE_BOUND('',#1878,.T.);
#1878 = EDGE_LOOP('',(#1879,#1880));
#1879 = ORIENTED_EDGE('',*,*,#1256,.T.);
#1880 = ORIENTED_EDGE('',*,*,#1821,.T.);
#1881 = PLANE('',#1882);
#1882 = AXIS2_PLACEMENT_3D('',#1883,#1884,#1885);
#1883 = CARTESIAN_POINT('',(0.,15.,55.));
#1884 = DIRECTION('',(0.,1.,0.));
#1885 = DIRECTION('',(0.,0.,1.));
#1886 = ADVANCED_FACE('',(#1887),#1891,.T.);
#1887 = FACE_BOUND('',#1888,.T.);
#1888 = EDGE_LOOP('',(#1889,#1890));
#1889 = ORIENTED_EDGE('',*,*,#1829,.F.);
#1890 = ORIENTED_EDGE('',*,*,#1210,.T.);
#1891 = PLANE('',#1892);
#1892 = AXIS2_PLACEMENT_3D('',#1893,#1894,#1895);
#1893 = CARTESIAN_POINT('',(0.,15.,55.));
#1894 = DIRECTION('',(0.,1.,0.));
#1895 = DIRECTION('',(0.,0.,1.));
#1896 = ADVANCED_FACE('',(#1897),#1903,.T.);
#1897 = FACE_BOUND('',#1898,.T.);
#1898 = EDGE_LOOP('',(#1899,#1900,#1901,#1902));
#1899 = ORIENTED_EDGE('',*,*,#1379,.F.);
#1900 = ORIENTED_EDGE('',*,*,#1445,.T.);
#1901 = ORIENTED_EDGE('',*,*,#1427,.T.);
#1902 = ORIENTED_EDGE('',*,*,#1403,.F.);
#1903 = PLANE('',#1904);
#1904 = AXIS2_PLACEMENT_3D('',#1905,#1906,#1907);
#1905 = CARTESIAN_POINT('',(-8.767949192431,19.186533479473,55.));
#1906 = DIRECTION('',(-0.5,0.866025403784,0.));
#1907 = DIRECTION('',(0.,0.,1.));
#1908 = ADVANCED_FACE('',(#1909),#1915,.T.);
#1909 = FACE_BOUND('',#1910,.T.);
#1910 = EDGE_LOOP('',(#1911,#1912,#1913,#1914));
#1911 = ORIENTED_EDGE('',*,*,#1493,.F.);
#1912 = ORIENTED_EDGE('',*,*,#1541,.T.);
#1913 = ORIENTED_EDGE('',*,*,#1558,.T.);
#1914 = ORIENTED_EDGE('',*,*,#1517,.F.);
#1915 = PLANE('',#1916);
#1916 = AXIS2_PLACEMENT_3D('',#1917,#1918,#1919);
#1917 = CARTESIAN_POINT('',(-12.23205080756,-17.18653347947,55.));
#1918 = DIRECTION('',(-0.5,-0.866025403784,0.));
#1919 = DIRECTION('',(0.,0.,1.));
#1920 = ADVANCED_FACE('',(#1921,#1924),#1927,.T.);
#1921 = FACE_BOUND('',#1922,.T.);
#1922 = EDGE_LOOP('',(#1923));
#1923 = ORIENTED_EDGE('',*,*,#1638,.T.);
#1924 = FACE_BOUND('',#1925,.T.);
#1925 = EDGE_LOOP('',(#1926));
#1926 = ORIENTED_EDGE('',*,*,#1737,.T.);
#1927 = PLANE('',#1928);
#1928 = AXIS2_PLACEMENT_3D('',#1929,#1930,#1931);
#1929 = CARTESIAN_POINT('',(0.,0.,65.));
#1930 = DIRECTION('',(0.,0.,1.));
#1931 = DIRECTION('',(1.,0.,0.));
#1932 = ADVANCED_FACE('',(#1933),#1981,.T.);
#1933 = FACE_BOUND('',#1934,.T.);
#1934 = EDGE_LOOP('',(#1935,#1943,#1944,#1952,#1960,#1966,#1967,#1975));
#1935 = ORIENTED_EDGE('',*,*,#1936,.T.);
#1936 = EDGE_CURVE('',#1937,#1668,#1939,.T.);
#1937 = VERTEX_POINT('',#1938);
#1938 = CARTESIAN_POINT('',(11.,2.5,3.));
#1939 = LINE('',#1940,#1941);
#1940 = CARTESIAN_POINT('',(11.,2.5,3.));
#1941 = VECTOR('',#1942,1.);
#1942 = DIRECTION('',(1.,0.,0.));
#1943 = ORIENTED_EDGE('',*,*,#1667,.T.);
#1944 = ORIENTED_EDGE('',*,*,#1945,.T.);
#1945 = EDGE_CURVE('',#1670,#1946,#1948,.T.);
#1946 = VERTEX_POINT('',#1947);
#1947 = CARTESIAN_POINT('',(-11.,2.5,3.));
#1948 = LINE('',#1949,#1950);
#1949 = CARTESIAN_POINT('',(-19.,2.5,3.));
#1950 = VECTOR('',#1951,1.);
#1951 = DIRECTION('',(1.,0.,0.));
#1952 = ORIENTED_EDGE('',*,*,#1953,.F.);
#1953 = EDGE_CURVE('',#1954,#1946,#1956,.T.);
#1954 = VERTEX_POINT('',#1955);
#1955 = CARTESIAN_POINT('',(-11.,-2.5,3.));
#1956 = LINE('',#1957,#1958);
#1957 = CARTESIAN_POINT('',(-11.,-2.5,3.));
#1958 = VECTOR('',#1959,1.);
#1959 = DIRECTION('',(0.,1.,0.));
#1960 = ORIENTED_EDGE('',*,*,#1961,.F.);
#1961 = EDGE_CURVE('',#1788,#1954,#1962,.T.);
#1962 = LINE('',#1963,#1964);
#1963 = CARTESIAN_POINT('',(-19.,-2.5,3.));
#1964 = VECTOR('',#1965,1.);
#1965 = DIRECTION('',(1.,0.,0.));
#1966 = ORIENTED_EDGE('',*,*,#1787,.T.);
#1967 = ORIENTED_EDGE('',*,*,#1968,.F.);
#1968 = EDGE_CURVE('',#1969,#1780,#1971,.T.);
#1969 = VERTEX_POINT('',#1970);
#1970 = CARTESIAN_POINT('',(11.,-2.5,3.));
#1971 = LINE('',#1972,#1973);
#1972 = CARTESIAN_POINT('',(11.,-2.5,3.));
#1973 = VECTOR('',#1974,1.);
#1974 = DIRECTION('',(1.,0.,0.));
#1975 = ORIENTED_EDGE('',*,*,#1976,.T.);
#1976 = EDGE_CURVE('',#1969,#1937,#1977,.T.);
#1977 = LINE('',#1978,#1979);
#1978 = CARTESIAN_POINT('',(11.,-2.5,3.));
#1979 = VECTOR('',#1980,1.);
#1980 = DIRECTION('',(0.,1.,0.));
#1981 = PLANE('',#1982);
#1982 = AXIS2_PLACEMENT_3D('',#1983,#1984,#1985);
#1983 = CARTESIAN_POINT('',(0.,0.,3.));
#1984 = DIRECTION('',(0.,0.,1.));
#1985 = DIRECTION('',(1.,0.,0.));
#1986 = ADVANCED_FACE('',(#1987),#2005,.T.);
#1987 = FACE_BOUND('',#1988,.T.);
#1988 = EDGE_LOOP('',(#1989,#1990,#1991,#1999));
#1989 = ORIENTED_EDGE('',*,*,#1945,.F.);
#1990 = ORIENTED_EDGE('',*,*,#1813,.F.);
#1991 = ORIENTED_EDGE('',*,*,#1992,.T.);
#1992 = EDGE_CURVE('',#1805,#1993,#1995,.T.);
#1993 = VERTEX_POINT('',#1994);
#1994 = CARTESIAN_POINT('',(-11.,2.5,13.));
#1995 = LINE('',#1996,#1997);
#1996 = CARTESIAN_POINT('',(-19.,2.5,13.));
#1997 = VECTOR('',#1998,1.);
#1998 = DIRECTION('',(1.,0.,0.));
#1999 = ORIENTED_EDGE('',*,*,#2000,.F.);
#2000 = EDGE_CURVE('',#1946,#1993,#2001,.T.);
#2001 = LINE('',#2002,#2003);
#2002 = CARTESIAN_POINT('',(-11.,2.5,3.));
#2003 = VECTOR('',#2004,1.);
#2004 = DIRECTION('',(0.,0.,1.));
#2005 = PLANE('',#2006);
#2006 = AXIS2_PLACEMENT_3D('',#2007,#2008,#2009);
#2007 = CARTESIAN_POINT('',(-19.,2.5,3.));
#2008 = DIRECTION('',(0.,1.,0.));
#2009 = DIRECTION('',(0.,0.,1.));
#2010 = ADVANCED_FACE('',(#2011),#2061,.T.);
#2011 = FACE_BOUND('',#2012,.T.);
#2012 = EDGE_LOOP('',(#2013,#2014,#2015,#2023,#2031,#2039,#2047,#2055));
#2013 = ORIENTED_EDGE('',*,*,#1992,.F.);
#2014 = ORIENTED_EDGE('',*,*,#1804,.F.);
#2015 = ORIENTED_EDGE('',*,*,#2016,.T.);
#2016 = EDGE_CURVE('',#1797,#2017,#2019,.T.);
#2017 = VERTEX_POINT('',#2018);
#2018 = CARTESIAN_POINT('',(-11.,-2.5,13.));
#2019 = LINE('',#2020,#2021);
#2020 = CARTESIAN_POINT('',(-19.,-2.5,13.));
#2021 = VECTOR('',#2022,1.);
#2022 = DIRECTION('',(1.,0.,0.));
#2023 = ORIENTED_EDGE('',*,*,#2024,.T.);
#2024 = EDGE_CURVE('',#2017,#2025,#2027,.T.);
#2025 = VERTEX_POINT('',#2026);
#2026 = CARTESIAN_POINT('',(-11.,-0.95,13.));
#2027 = LINE('',#2028,#2029);
#2028 = CARTESIAN_POINT('',(-11.,-2.5,13.));
#2029 = VECTOR('',#2030,1.);
#2030 = DIRECTION('',(0.,1.,0.));
#2031 = ORIENTED_EDGE('',*,*,#2032,.T.);
#2032 = EDGE_CURVE('',#2025,#2033,#2035,.T.);
#2033 = VERTEX_POINT('',#2034);
#2034 = CARTESIAN_POINT('',(-13.3,-0.95,13.));
#2035 = LINE('',#2036,#2037);
#2036 = CARTESIAN_POINT('',(-16.15,-0.95,13.));
#2037 = VECTOR('',#2038,1.);
#2038 = DIRECTION('',(-1.,0.,0.));
#2039 = ORIENTED_EDGE('',*,*,#2040,.T.);
#2040 = EDGE_CURVE('',#2033,#2041,#2043,.T.);
#2041 = VERTEX_POINT('',#2042);
#2042 = CARTESIAN_POINT('',(-13.3,0.95,13.));
#2043 = LINE('',#2044,#2045);
#2044 = CARTESIAN_POINT('',(-13.3,-1.725,13.));
#2045 = VECTOR('',#2046,1.);
#2046 = DIRECTION('',(0.,1.,0.));
#2047 = ORIENTED_EDGE('',*,*,#2048,.F.);
#2048 = EDGE_CURVE('',#2049,#2041,#2051,.T.);
#2049 = VERTEX_POINT('',#2050);
#2050 = CARTESIAN_POINT('',(-11.,0.95,13.));
#2051 = LINE('',#2052,#2053);
#2052 = CARTESIAN_POINT('',(-16.15,0.95,13.));
#2053 = VECTOR('',#2054,1.);
#2054 = DIRECTION('',(-1.,0.,0.));
#2055 = ORIENTED_EDGE('',*,*,#2056,.T.);
#2056 = EDGE_CURVE('',#2049,#1993,#2057,.T.);
#2057 = LINE('',#2058,#2059);
#2058 = CARTESIAN_POINT('',(-11.,-2.5,13.));
#2059 = VECTOR('',#2060,1.);
#2060 = DIRECTION('',(0.,1.,0.));
#2061 = PLANE('',#2062);
#2062 = AXIS2_PLACEMENT_3D('',#2063,#2064,#2065);
#2063 = CARTESIAN_POINT('',(-19.,-2.5,13.));
#2064 = DIRECTION('',(0.,0.,1.));
#2065 = DIRECTION('',(1.,0.,0.));
#2066 = ADVANCED_FACE('',(#2067),#2078,.F.);
#2067 = FACE_BOUND('',#2068,.F.);
#2068 = EDGE_LOOP('',(#2069,#2070,#2071,#2072));
#2069 = ORIENTED_EDGE('',*,*,#1961,.F.);
#2070 = ORIENTED_EDGE('',*,*,#1796,.F.);
#2071 = ORIENTED_EDGE('',*,*,#2016,.T.);
#2072 = ORIENTED_EDGE('',*,*,#2073,.F.);
#2073 = EDGE_CURVE('',#1954,#2017,#2074,.T.);
#2074 = LINE('',#2075,#2076);
#2075 = CARTESIAN_POINT('',(-11.,-2.5,3.));
#2076 = VECTOR('',#2077,1.);
#2077 = DIRECTION('',(0.,0.,1.));
#2078 = PLANE('',#2079);
#2079 = AXIS2_PLACEMENT_3D('',#2080,#2081,#2082);
#2080 = CARTESIAN_POINT('',(-19.,-2.5,3.));
#2081 = DIRECTION('',(0.,1.,0.));
#2082 = DIRECTION('',(0.,0.,1.));
#2083 = ADVANCED_FACE('',(#2084),#2102,.F.);
#2084 = FACE_BOUND('',#2085,.F.);
#2085 = EDGE_LOOP('',(#2086,#2087,#2095,#2101));
#2086 = ORIENTED_EDGE('',*,*,#1968,.F.);
#2087 = ORIENTED_EDGE('',*,*,#2088,.T.);
#2088 = EDGE_CURVE('',#1969,#2089,#2091,.T.);
#2089 = VERTEX_POINT('',#2090);
#2090 = CARTESIAN_POINT('',(11.,-2.5,13.));
#2091 = LINE('',#2092,#2093);
#2092 = CARTESIAN_POINT('',(11.,-2.5,3.));
#2093 = VECTOR('',#2094,1.);
#2094 = DIRECTION('',(0.,0.,1.));
#2095 = ORIENTED_EDGE('',*,*,#2096,.T.);
#2096 = EDGE_CURVE('',#2089,#1771,#2097,.T.);
#2097 = LINE('',#2098,#2099);
#2098 = CARTESIAN_POINT('',(11.,-2.5,13.));
#2099 = VECTOR('',#2100,1.);
#2100 = DIRECTION('',(1.,0.,0.));
#2101 = ORIENTED_EDGE('',*,*,#1779,.T.);
#2102 = PLANE('',#2103);
#2103 = AXIS2_PLACEMENT_3D('',#2104,#2105,#2106);
#2104 = CARTESIAN_POINT('',(11.,-2.5,3.));
#2105 = DIRECTION('',(0.,1.,0.));
#2106 = DIRECTION('',(0.,0.,1.));
#2107 = ADVANCED_FACE('',(#2108),#2159,.T.);
#2108 = FACE_BOUND('',#2109,.T.);
#2109 = EDGE_LOOP('',(#2110,#2118,#2126,#2134,#2142,#2150,#2156,#2157,
    #2158));
#2110 = ORIENTED_EDGE('',*,*,#2111,.F.);
#2111 = EDGE_CURVE('',#2112,#1679,#2114,.T.);
#2112 = VERTEX_POINT('',#2113);
#2113 = CARTESIAN_POINT('',(11.,2.5,13.));
#2114 = LINE('',#2115,#2116);
#2115 = CARTESIAN_POINT('',(11.,2.5,13.));
#2116 = VECTOR('',#2117,1.);
#2117 = DIRECTION('',(1.,0.,0.));
#2118 = ORIENTED_EDGE('',*,*,#2119,.F.);
#2119 = EDGE_CURVE('',#2120,#2112,#2122,.T.);
#2120 = VERTEX_POINT('',#2121);
#2121 = CARTESIAN_POINT('',(11.,0.95,13.));
#2122 = LINE('',#2123,#2124);
#2123 = CARTESIAN_POINT('',(11.,-2.5,13.));
#2124 = VECTOR('',#2125,1.);
#2125 = DIRECTION('',(0.,1.,0.));
#2126 = ORIENTED_EDGE('',*,*,#2127,.F.);
#2127 = EDGE_CURVE('',#2128,#2120,#2130,.T.);
#2128 = VERTEX_POINT('',#2129);
#2129 = CARTESIAN_POINT('',(13.3,0.95,13.));
#2130 = LINE('',#2131,#2132);
#2131 = CARTESIAN_POINT('',(10.995,0.95,13.));
#2132 = VECTOR('',#2133,1.);
#2133 = DIRECTION('',(-1.,0.,0.));
#2134 = ORIENTED_EDGE('',*,*,#2135,.F.);
#2135 = EDGE_CURVE('',#2136,#2128,#2138,.T.);
#2136 = VERTEX_POINT('',#2137);
#2137 = CARTESIAN_POINT('',(13.3,-0.95,13.));
#2138 = LINE('',#2139,#2140);
#2139 = CARTESIAN_POINT('',(13.3,-1.725,13.));
#2140 = VECTOR('',#2141,1.);
#2141 = DIRECTION('',(0.,1.,0.));
#2142 = ORIENTED_EDGE('',*,*,#2143,.T.);
#2143 = EDGE_CURVE('',#2136,#2144,#2146,.T.);
#2144 = VERTEX_POINT('',#2145);
#2145 = CARTESIAN_POINT('',(11.,-0.95,13.));
#2146 = LINE('',#2147,#2148);
#2147 = CARTESIAN_POINT('',(10.995,-0.95,13.));
#2148 = VECTOR('',#2149,1.);
#2149 = DIRECTION('',(-1.,0.,0.));
#2150 = ORIENTED_EDGE('',*,*,#2151,.F.);
#2151 = EDGE_CURVE('',#2089,#2144,#2152,.T.);
#2152 = LINE('',#2153,#2154);
#2153 = CARTESIAN_POINT('',(11.,-2.5,13.));
#2154 = VECTOR('',#2155,1.);
#2155 = DIRECTION('',(0.,1.,0.));
#2156 = ORIENTED_EDGE('',*,*,#2096,.T.);
#2157 = ORIENTED_EDGE('',*,*,#1770,.F.);
#2158 = ORIENTED_EDGE('',*,*,#1686,.F.);
#2159 = PLANE('',#2160);
#2160 = AXIS2_PLACEMENT_3D('',#2161,#2162,#2163);
#2161 = CARTESIAN_POINT('',(11.,-2.5,13.));
#2162 = DIRECTION('',(0.,0.,1.));
#2163 = DIRECTION('',(1.,0.,0.));
#2164 = ADVANCED_FACE('',(#2165),#2223,.F.);
#2165 = FACE_BOUND('',#2166,.F.);
#2166 = EDGE_LOOP('',(#2167,#2175,#2183,#2191,#2199,#2207,#2215,#2221,
    #2222));
#2167 = ORIENTED_EDGE('',*,*,#2168,.F.);
#2168 = EDGE_CURVE('',#2169,#1704,#2171,.T.);
#2169 = VERTEX_POINT('',#2170);
#2170 = CARTESIAN_POINT('',(11.,2.5,35.));
#2171 = LINE('',#2172,#2173);
#2172 = CARTESIAN_POINT('',(11.,2.5,35.));
#2173 = VECTOR('',#2174,1.);
#2174 = DIRECTION('',(1.,0.,0.));
#2175 = ORIENTED_EDGE('',*,*,#2176,.F.);
#2176 = EDGE_CURVE('',#2177,#2169,#2179,.T.);
#2177 = VERTEX_POINT('',#2178);
#2178 = CARTESIAN_POINT('',(11.,0.95,35.));
#2179 = LINE('',#2180,#2181);
#2180 = CARTESIAN_POINT('',(11.,-2.5,35.));
#2181 = VECTOR('',#2182,1.);
#2182 = DIRECTION('',(0.,1.,0.));
#2183 = ORIENTED_EDGE('',*,*,#2184,.F.);
#2184 = EDGE_CURVE('',#2185,#2177,#2187,.T.);
#2185 = VERTEX_POINT('',#2186);
#2186 = CARTESIAN_POINT('',(13.3,0.95,35.));
#2187 = LINE('',#2188,#2189);
#2188 = CARTESIAN_POINT('',(10.995,0.95,35.));
#2189 = VECTOR('',#2190,1.);
#2190 = DIRECTION('',(-1.,0.,0.));
#2191 = ORIENTED_EDGE('',*,*,#2192,.F.);
#2192 = EDGE_CURVE('',#2193,#2185,#2195,.T.);
#2193 = VERTEX_POINT('',#2194);
#2194 = CARTESIAN_POINT('',(13.3,-0.95,35.));
#2195 = LINE('',#2196,#2197);
#2196 = CARTESIAN_POINT('',(13.3,-1.725,35.));
#2197 = VECTOR('',#2198,1.);
#2198 = DIRECTION('',(0.,1.,0.));
#2199 = ORIENTED_EDGE('',*,*,#2200,.T.);
#2200 = EDGE_CURVE('',#2193,#2201,#2203,.T.);
#2201 = VERTEX_POINT('',#2202);
#2202 = CARTESIAN_POINT('',(11.,-0.95,35.));
#2203 = LINE('',#2204,#2205);
#2204 = CARTESIAN_POINT('',(10.995,-0.95,35.));
#2205 = VECTOR('',#2206,1.);
#2206 = DIRECTION('',(-1.,0.,0.));
#2207 = ORIENTED_EDGE('',*,*,#2208,.F.);
#2208 = EDGE_CURVE('',#2209,#2201,#2211,.T.);
#2209 = VERTEX_POINT('',#2210);
#2210 = CARTESIAN_POINT('',(11.,-2.5,35.));
#2211 = LINE('',#2212,#2213);
#2212 = CARTESIAN_POINT('',(11.,-2.5,35.));
#2213 = VECTOR('',#2214,1.);
#2214 = DIRECTION('',(0.,1.,0.));
#2215 = ORIENTED_EDGE('',*,*,#2216,.T.);
#2216 = EDGE_CURVE('',#2209,#1755,#2217,.T.);
#2217 = LINE('',#2218,#2219);
#2218 = CARTESIAN_POINT('',(11.,-2.5,35.));
#2219 = VECTOR('',#2220,1.);
#2220 = DIRECTION('',(1.,0.,0.));
#2221 = ORIENTED_EDGE('',*,*,#1762,.F.);
#2222 = ORIENTED_EDGE('',*,*,#1703,.F.);
#2223 = PLANE('',#2224);
#2224 = AXIS2_PLACEMENT_3D('',#2225,#2226,#2227);
#2225 = CARTESIAN_POINT('',(11.,-2.5,35.));
#2226 = DIRECTION('',(0.,0.,1.));
#2227 = DIRECTION('',(1.,0.,0.));
#2228 = ADVANCED_FACE('',(#2229),#2247,.F.);
#2229 = FACE_BOUND('',#2230,.F.);
#2230 = EDGE_LOOP('',(#2231,#2232,#2240,#2246));
#2231 = ORIENTED_EDGE('',*,*,#2216,.F.);
#2232 = ORIENTED_EDGE('',*,*,#2233,.T.);
#2233 = EDGE_CURVE('',#2209,#2234,#2236,.T.);
#2234 = VERTEX_POINT('',#2235);
#2235 = CARTESIAN_POINT('',(11.,-2.5,46.));
#2236 = LINE('',#2237,#2238);
#2237 = CARTESIAN_POINT('',(11.,-2.5,35.));
#2238 = VECTOR('',#2239,1.);
#2239 = DIRECTION('',(0.,0.,1.));
#2240 = ORIENTED_EDGE('',*,*,#2241,.T.);
#2241 = EDGE_CURVE('',#2234,#1746,#2242,.T.);
#2242 = LINE('',#2243,#2244);
#2243 = CARTESIAN_POINT('',(11.,-2.5,46.));
#2244 = VECTOR('',#2245,1.);
#2245 = DIRECTION('',(1.,0.,0.));
#2246 = ORIENTED_EDGE('',*,*,#1754,.T.);
#2247 = PLANE('',#2248);
#2248 = AXIS2_PLACEMENT_3D('',#2249,#2250,#2251);
#2249 = CARTESIAN_POINT('',(11.,-2.5,35.));
#2250 = DIRECTION('',(0.,1.,0.));
#2251 = DIRECTION('',(0.,0.,1.));
#2252 = ADVANCED_FACE('',(#2253),#2304,.T.);
#2253 = FACE_BOUND('',#2254,.T.);
#2254 = EDGE_LOOP('',(#2255,#2263,#2271,#2279,#2287,#2295,#2301,#2302,
    #2303));
#2255 = ORIENTED_EDGE('',*,*,#2256,.F.);
#2256 = EDGE_CURVE('',#2257,#1713,#2259,.T.);
#2257 = VERTEX_POINT('',#2258);
#2258 = CARTESIAN_POINT('',(11.,2.5,46.));
#2259 = LINE('',#2260,#2261);
#2260 = CARTESIAN_POINT('',(11.,2.5,46.));
#2261 = VECTOR('',#2262,1.);
#2262 = DIRECTION('',(1.,0.,0.));
#2263 = ORIENTED_EDGE('',*,*,#2264,.F.);
#2264 = EDGE_CURVE('',#2265,#2257,#2267,.T.);
#2265 = VERTEX_POINT('',#2266);
#2266 = CARTESIAN_POINT('',(11.,0.95,46.));
#2267 = LINE('',#2268,#2269);
#2268 = CARTESIAN_POINT('',(11.,-2.5,46.));
#2269 = VECTOR('',#2270,1.);
#2270 = DIRECTION('',(0.,1.,0.));
#2271 = ORIENTED_EDGE('',*,*,#2272,.F.);
#2272 = EDGE_CURVE('',#2273,#2265,#2275,.T.);
#2273 = VERTEX_POINT('',#2274);
#2274 = CARTESIAN_POINT('',(13.3,0.95,46.));
#2275 = LINE('',#2276,#2277);
#2276 = CARTESIAN_POINT('',(10.995,0.95,46.));
#2277 = VECTOR('',#2278,1.);
#2278 = DIRECTION('',(-1.,0.,0.));
#2279 = ORIENTED_EDGE('',*,*,#2280,.F.);
#2280 = EDGE_CURVE('',#2281,#2273,#2283,.T.);
#2281 = VERTEX_POINT('',#2282);
#2282 = CARTESIAN_POINT('',(13.3,-0.95,46.));
#2283 = LINE('',#2284,#2285);
#2284 = CARTESIAN_POINT('',(13.3,-1.725,46.));
#2285 = VECTOR('',#2286,1.);
#2286 = DIRECTION('',(0.,1.,0.));
#2287 = ORIENTED_EDGE('',*,*,#2288,.T.);
#2288 = EDGE_CURVE('',#2281,#2289,#2291,.T.);
#2289 = VERTEX_POINT('',#2290);
#2290 = CARTESIAN_POINT('',(11.,-0.95,46.));
#2291 = LINE('',#2292,#2293);
#2292 = CARTESIAN_POINT('',(10.995,-0.95,46.));
#2293 = VECTOR('',#2294,1.);
#2294 = DIRECTION('',(-1.,0.,0.));
#2295 = ORIENTED_EDGE('',*,*,#2296,.F.);
#2296 = EDGE_CURVE('',#2234,#2289,#2297,.T.);
#2297 = LINE('',#2298,#2299);
#2298 = CARTESIAN_POINT('',(11.,-2.5,46.));
#2299 = VECTOR('',#2300,1.);
#2300 = DIRECTION('',(0.,1.,0.));
#2301 = ORIENTED_EDGE('',*,*,#2241,.T.);
#2302 = ORIENTED_EDGE('',*,*,#1745,.F.);
#2303 = ORIENTED_EDGE('',*,*,#1720,.F.);
#2304 = PLANE('',#2305);
#2305 = AXIS2_PLACEMENT_3D('',#2306,#2307,#2308);
#2306 = CARTESIAN_POINT('',(11.,-2.5,46.));
#2307 = DIRECTION('',(0.,0.,1.));
#2308 = DIRECTION('',(1.,0.,0.));
#2309 = ADVANCED_FACE('',(#2310),#2321,.T.);
#2310 = FACE_BOUND('',#2311,.T.);
#2311 = EDGE_LOOP('',(#2312,#2313,#2319,#2320));
#2312 = ORIENTED_EDGE('',*,*,#2168,.F.);
#2313 = ORIENTED_EDGE('',*,*,#2314,.T.);
#2314 = EDGE_CURVE('',#2169,#2257,#2315,.T.);
#2315 = LINE('',#2316,#2317);
#2316 = CARTESIAN_POINT('',(11.,2.5,35.));
#2317 = VECTOR('',#2318,1.);
#2318 = DIRECTION('',(0.,0.,1.));
#2319 = ORIENTED_EDGE('',*,*,#2256,.T.);
#2320 = ORIENTED_EDGE('',*,*,#1712,.T.);
#2321 = PLANE('',#2322);
#2322 = AXIS2_PLACEMENT_3D('',#2323,#2324,#2325);
#2323 = CARTESIAN_POINT('',(11.,2.5,35.));
#2324 = DIRECTION('',(0.,1.,0.));
#2325 = DIRECTION('',(0.,0.,1.));
#2326 = ADVANCED_FACE('',(#2327),#2338,.T.);
#2327 = FACE_BOUND('',#2328,.T.);
#2328 = EDGE_LOOP('',(#2329,#2330,#2336,#2337));
#2329 = ORIENTED_EDGE('',*,*,#1936,.F.);
#2330 = ORIENTED_EDGE('',*,*,#2331,.T.);
#2331 = EDGE_CURVE('',#1937,#2112,#2332,.T.);
#2332 = LINE('',#2333,#2334);
#2333 = CARTESIAN_POINT('',(11.,2.5,3.));
#2334 = VECTOR('',#2335,1.);
#2335 = DIRECTION('',(0.,0.,1.));
#2336 = ORIENTED_EDGE('',*,*,#2111,.T.);
#2337 = ORIENTED_EDGE('',*,*,#1678,.T.);
#2338 = PLANE('',#2339);
#2339 = AXIS2_PLACEMENT_3D('',#2340,#2341,#2342);
#2340 = CARTESIAN_POINT('',(11.,2.5,3.));
#2341 = DIRECTION('',(0.,1.,0.));
#2342 = DIRECTION('',(0.,0.,1.));
#2343 = ADVANCED_FACE('',(#2344),#2401,.F.);
#2344 = FACE_BOUND('',#2345,.F.);
#2345 = EDGE_LOOP('',(#2346,#2354,#2355,#2363,#2371,#2379,#2387,#2395));
#2346 = ORIENTED_EDGE('',*,*,#2347,.F.);
#2347 = EDGE_CURVE('',#1841,#2348,#2350,.T.);
#2348 = VERTEX_POINT('',#2349);
#2349 = CARTESIAN_POINT('',(-11.,2.5,35.));
#2350 = LINE('',#2351,#2352);
#2351 = CARTESIAN_POINT('',(-19.,2.5,35.));
#2352 = VECTOR('',#2353,1.);
#2353 = DIRECTION('',(1.,0.,0.));
#2354 = ORIENTED_EDGE('',*,*,#1838,.F.);
#2355 = ORIENTED_EDGE('',*,*,#2356,.T.);
#2356 = EDGE_CURVE('',#1839,#2357,#2359,.T.);
#2357 = VERTEX_POINT('',#2358);
#2358 = CARTESIAN_POINT('',(-11.,-2.5,35.));
#2359 = LINE('',#2360,#2361);
#2360 = CARTESIAN_POINT('',(-19.,-2.5,35.));
#2361 = VECTOR('',#2362,1.);
#2362 = DIRECTION('',(1.,0.,0.));
#2363 = ORIENTED_EDGE('',*,*,#2364,.T.);
#2364 = EDGE_CURVE('',#2357,#2365,#2367,.T.);
#2365 = VERTEX_POINT('',#2366);
#2366 = CARTESIAN_POINT('',(-11.,-0.95,35.));
#2367 = LINE('',#2368,#2369);
#2368 = CARTESIAN_POINT('',(-11.,-2.5,35.));
#2369 = VECTOR('',#2370,1.);
#2370 = DIRECTION('',(0.,1.,0.));
#2371 = ORIENTED_EDGE('',*,*,#2372,.T.);
#2372 = EDGE_CURVE('',#2365,#2373,#2375,.T.);
#2373 = VERTEX_POINT('',#2374);
#2374 = CARTESIAN_POINT('',(-13.3,-0.95,35.));
#2375 = LINE('',#2376,#2377);
#2376 = CARTESIAN_POINT('',(-16.15,-0.95,35.));
#2377 = VECTOR('',#2378,1.);
#2378 = DIRECTION('',(-1.,0.,0.));
#2379 = ORIENTED_EDGE('',*,*,#2380,.T.);
#2380 = EDGE_CURVE('',#2373,#2381,#2383,.T.);
#2381 = VERTEX_POINT('',#2382);
#2382 = CARTESIAN_POINT('',(-13.3,0.95,35.));
#2383 = LINE('',#2384,#2385);
#2384 = CARTESIAN_POINT('',(-13.3,-1.725,35.));
#2385 = VECTOR('',#2386,1.);
#2386 = DIRECTION('',(0.,1.,0.));
#2387 = ORIENTED_EDGE('',*,*,#2388,.F.);
#2388 = EDGE_CURVE('',#2389,#2381,#2391,.T.);
#2389 = VERTEX_POINT('',#2390);
#2390 = CARTESIAN_POINT('',(-11.,0.95,35.));
#2391 = LINE('',#2392,#2393);
#2392 = CARTESIAN_POINT('',(-16.15,0.95,35.));
#2393 = VECTOR('',#2394,1.);
#2394 = DIRECTION('',(-1.,0.,0.));
#2395 = ORIENTED_EDGE('',*,*,#2396,.T.);
#2396 = EDGE_CURVE('',#2389,#2348,#2397,.T.);
#2397 = LINE('',#2398,#2399);
#2398 = CARTESIAN_POINT('',(-11.,-2.5,35.));
#2399 = VECTOR('',#2400,1.);
#2400 = DIRECTION('',(0.,1.,0.));
#2401 = PLANE('',#2402);
#2402 = AXIS2_PLACEMENT_3D('',#2403,#2404,#2405);
#2403 = CARTESIAN_POINT('',(-19.,-2.5,35.));
#2404 = DIRECTION('',(0.,0.,1.));
#2405 = DIRECTION('',(1.,0.,0.));
#2406 = ADVANCED_FACE('',(#2407),#2425,.F.);
#2407 = FACE_BOUND('',#2408,.F.);
#2408 = EDGE_LOOP('',(#2409,#2410,#2411,#2419));
#2409 = ORIENTED_EDGE('',*,*,#2356,.F.);
#2410 = ORIENTED_EDGE('',*,*,#1849,.F.);
#2411 = ORIENTED_EDGE('',*,*,#2412,.T.);
#2412 = EDGE_CURVE('',#1850,#2413,#2415,.T.);
#2413 = VERTEX_POINT('',#2414);
#2414 = CARTESIAN_POINT('',(-11.,-2.5,46.));
#2415 = LINE('',#2416,#2417);
#2416 = CARTESIAN_POINT('',(-19.,-2.5,46.));
#2417 = VECTOR('',#2418,1.);
#2418 = DIRECTION('',(1.,0.,0.));
#2419 = ORIENTED_EDGE('',*,*,#2420,.F.);
#2420 = EDGE_CURVE('',#2357,#2413,#2421,.T.);
#2421 = LINE('',#2422,#2423);
#2422 = CARTESIAN_POINT('',(-11.,-2.5,35.));
#2423 = VECTOR('',#2424,1.);
#2424 = DIRECTION('',(0.,0.,1.));
#2425 = PLANE('',#2426);
#2426 = AXIS2_PLACEMENT_3D('',#2427,#2428,#2429);
#2427 = CARTESIAN_POINT('',(-19.,-2.5,35.));
#2428 = DIRECTION('',(0.,1.,0.));
#2429 = DIRECTION('',(0.,0.,1.));
#2430 = ADVANCED_FACE('',(#2431),#2449,.T.);
#2431 = FACE_BOUND('',#2432,.T.);
#2432 = EDGE_LOOP('',(#2433,#2434,#2435,#2443));
#2433 = ORIENTED_EDGE('',*,*,#2347,.F.);
#2434 = ORIENTED_EDGE('',*,*,#1866,.F.);
#2435 = ORIENTED_EDGE('',*,*,#2436,.T.);
#2436 = EDGE_CURVE('',#1858,#2437,#2439,.T.);
#2437 = VERTEX_POINT('',#2438);
#2438 = CARTESIAN_POINT('',(-11.,2.5,46.));
#2439 = LINE('',#2440,#2441);
#2440 = CARTESIAN_POINT('',(-19.,2.5,46.));
#2441 = VECTOR('',#2442,1.);
#2442 = DIRECTION('',(1.,0.,0.));
#2443 = ORIENTED_EDGE('',*,*,#2444,.F.);
#2444 = EDGE_CURVE('',#2348,#2437,#2445,.T.);
#2445 = LINE('',#2446,#2447);
#2446 = CARTESIAN_POINT('',(-11.,2.5,35.));
#2447 = VECTOR('',#2448,1.);
#2448 = DIRECTION('',(0.,0.,1.));
#2449 = PLANE('',#2450);
#2450 = AXIS2_PLACEMENT_3D('',#2451,#2452,#2453);
#2451 = CARTESIAN_POINT('',(-19.,2.5,35.));
#2452 = DIRECTION('',(0.,1.,0.));
#2453 = DIRECTION('',(0.,0.,1.));
#2454 = ADVANCED_FACE('',(#2455),#2498,.T.);
#2455 = FACE_BOUND('',#2456,.T.);
#2456 = EDGE_LOOP('',(#2457,#2458,#2459,#2460,#2468,#2476,#2484,#2492));
#2457 = ORIENTED_EDGE('',*,*,#2436,.F.);
#2458 = ORIENTED_EDGE('',*,*,#1857,.F.);
#2459 = ORIENTED_EDGE('',*,*,#2412,.T.);
#2460 = ORIENTED_EDGE('',*,*,#2461,.T.);
#2461 = EDGE_CURVE('',#2413,#2462,#2464,.T.);
#2462 = VERTEX_POINT('',#2463);
#2463 = CARTESIAN_POINT('',(-11.,-0.95,46.));
#2464 = LINE('',#2465,#2466);
#2465 = CARTESIAN_POINT('',(-11.,-2.5,46.));
#2466 = VECTOR('',#2467,1.);
#2467 = DIRECTION('',(0.,1.,0.));
#2468 = ORIENTED_EDGE('',*,*,#2469,.T.);
#2469 = EDGE_CURVE('',#2462,#2470,#2472,.T.);
#2470 = VERTEX_POINT('',#2471);
#2471 = CARTESIAN_POINT('',(-13.3,-0.95,46.));
#2472 = LINE('',#2473,#2474);
#2473 = CARTESIAN_POINT('',(-16.15,-0.95,46.));
#2474 = VECTOR('',#2475,1.);
#2475 = DIRECTION('',(-1.,0.,0.));
#2476 = ORIENTED_EDGE('',*,*,#2477,.T.);
#2477 = EDGE_CURVE('',#2470,#2478,#2480,.T.);
#2478 = VERTEX_POINT('',#2479);
#2479 = CARTESIAN_POINT('',(-13.3,0.95,46.));
#2480 = LINE('',#2481,#2482);
#2481 = CARTESIAN_POINT('',(-13.3,-1.725,46.));
#2482 = VECTOR('',#2483,1.);
#2483 = DIRECTION('',(0.,1.,0.));
#2484 = ORIENTED_EDGE('',*,*,#2485,.F.);
#2485 = EDGE_CURVE('',#2486,#2478,#2488,.T.);
#2486 = VERTEX_POINT('',#2487);
#2487 = CARTESIAN_POINT('',(-11.,0.95,46.));
#2488 = LINE('',#2489,#2490);
#2489 = CARTESIAN_POINT('',(-16.15,0.95,46.));
#2490 = VECTOR('',#2491,1.);
#2491 = DIRECTION('',(-1.,0.,0.));
#2492 = ORIENTED_EDGE('',*,*,#2493,.T.);
#2493 = EDGE_CURVE('',#2486,#2437,#2494,.T.);
#2494 = LINE('',#2495,#2496);
#2495 = CARTESIAN_POINT('',(-11.,-2.5,46.));
#2496 = VECTOR('',#2497,1.);
#2497 = DIRECTION('',(0.,1.,0.));
#2498 = PLANE('',#2499);
#2499 = AXIS2_PLACEMENT_3D('',#2500,#2501,#2502);
#2500 = CARTESIAN_POINT('',(-19.,-2.5,46.));
#2501 = DIRECTION('',(0.,0.,1.));
#2502 = DIRECTION('',(1.,0.,0.));
#2503 = ADVANCED_FACE('',(#2504),#2533,.F.);
#2504 = FACE_BOUND('',#2505,.F.);
#2505 = EDGE_LOOP('',(#2506,#2507,#2508,#2509,#2510,#2518,#2526,#2532));
#2506 = ORIENTED_EDGE('',*,*,#2088,.F.);
#2507 = ORIENTED_EDGE('',*,*,#1976,.T.);
#2508 = ORIENTED_EDGE('',*,*,#2331,.T.);
#2509 = ORIENTED_EDGE('',*,*,#2119,.F.);
#2510 = ORIENTED_EDGE('',*,*,#2511,.F.);
#2511 = EDGE_CURVE('',#2512,#2120,#2514,.T.);
#2512 = VERTEX_POINT('',#2513);
#2513 = CARTESIAN_POINT('',(11.,0.95,5.));
#2514 = LINE('',#2515,#2516);
#2515 = CARTESIAN_POINT('',(11.,0.95,4.));
#2516 = VECTOR('',#2517,1.);
#2517 = DIRECTION('',(0.,0.,1.));
#2518 = ORIENTED_EDGE('',*,*,#2519,.T.);
#2519 = EDGE_CURVE('',#2512,#2520,#2522,.T.);
#2520 = VERTEX_POINT('',#2521);
#2521 = CARTESIAN_POINT('',(11.,-0.95,5.));
#2522 = LINE('',#2523,#2524);
#2523 = CARTESIAN_POINT('',(11.,-1.725,5.));
#2524 = VECTOR('',#2525,1.);
#2525 = DIRECTION('',(0.,-1.,0.));
#2526 = ORIENTED_EDGE('',*,*,#2527,.T.);
#2527 = EDGE_CURVE('',#2520,#2144,#2528,.T.);
#2528 = LINE('',#2529,#2530);
#2529 = CARTESIAN_POINT('',(11.,-0.95,4.));
#2530 = VECTOR('',#2531,1.);
#2531 = DIRECTION('',(0.,0.,1.));
#2532 = ORIENTED_EDGE('',*,*,#2151,.F.);
#2533 = PLANE('',#2534);
#2534 = AXIS2_PLACEMENT_3D('',#2535,#2536,#2537);
#2535 = CARTESIAN_POINT('',(11.,-2.5,3.));
#2536 = DIRECTION('',(1.,0.,0.));
#2537 = DIRECTION('',(0.,0.,1.));
#2538 = ADVANCED_FACE('',(#2539),#2568,.T.);
#2539 = FACE_BOUND('',#2540,.T.);
#2540 = EDGE_LOOP('',(#2541,#2542,#2543,#2544,#2545,#2553,#2561,#2567));
#2541 = ORIENTED_EDGE('',*,*,#2073,.F.);
#2542 = ORIENTED_EDGE('',*,*,#1953,.T.);
#2543 = ORIENTED_EDGE('',*,*,#2000,.T.);
#2544 = ORIENTED_EDGE('',*,*,#2056,.F.);
#2545 = ORIENTED_EDGE('',*,*,#2546,.F.);
#2546 = EDGE_CURVE('',#2547,#2049,#2549,.T.);
#2547 = VERTEX_POINT('',#2548);
#2548 = CARTESIAN_POINT('',(-11.,0.95,5.));
#2549 = LINE('',#2550,#2551);
#2550 = CARTESIAN_POINT('',(-11.,0.95,4.));
#2551 = VECTOR('',#2552,1.);
#2552 = DIRECTION('',(0.,0.,1.));
#2553 = ORIENTED_EDGE('',*,*,#2554,.T.);
#2554 = EDGE_CURVE('',#2547,#2555,#2557,.T.);
#2555 = VERTEX_POINT('',#2556);
#2556 = CARTESIAN_POINT('',(-11.,-0.95,5.));
#2557 = LINE('',#2558,#2559);
#2558 = CARTESIAN_POINT('',(-11.,-1.725,5.));
#2559 = VECTOR('',#2560,1.);
#2560 = DIRECTION('',(0.,-1.,0.));
#2561 = ORIENTED_EDGE('',*,*,#2562,.T.);
#2562 = EDGE_CURVE('',#2555,#2025,#2563,.T.);
#2563 = LINE('',#2564,#2565);
#2564 = CARTESIAN_POINT('',(-11.,-0.95,4.));
#2565 = VECTOR('',#2566,1.);
#2566 = DIRECTION('',(0.,0.,1.));
#2567 = ORIENTED_EDGE('',*,*,#2024,.F.);
#2568 = PLANE('',#2569);
#2569 = AXIS2_PLACEMENT_3D('',#2570,#2571,#2572);
#2570 = CARTESIAN_POINT('',(-11.,-2.5,3.));
#2571 = DIRECTION('',(1.,0.,0.));
#2572 = DIRECTION('',(0.,0.,1.));
#2573 = ADVANCED_FACE('',(#2574),#2592,.F.);
#2574 = FACE_BOUND('',#2575,.F.);
#2575 = EDGE_LOOP('',(#2576,#2584,#2590,#2591));
#2576 = ORIENTED_EDGE('',*,*,#2577,.F.);
#2577 = EDGE_CURVE('',#2578,#2547,#2580,.T.);
#2578 = VERTEX_POINT('',#2579);
#2579 = CARTESIAN_POINT('',(-13.3,0.95,5.));
#2580 = LINE('',#2581,#2582);
#2581 = CARTESIAN_POINT('',(-13.3,0.95,5.));
#2582 = VECTOR('',#2583,1.);
#2583 = DIRECTION('',(1.,0.,0.));
#2584 = ORIENTED_EDGE('',*,*,#2585,.T.);
#2585 = EDGE_CURVE('',#2578,#2041,#2586,.T.);
#2586 = LINE('',#2587,#2588);
#2587 = CARTESIAN_POINT('',(-13.3,0.95,5.));
#2588 = VECTOR('',#2589,1.);
#2589 = DIRECTION('',(0.,0.,1.));
#2590 = ORIENTED_EDGE('',*,*,#2048,.F.);
#2591 = ORIENTED_EDGE('',*,*,#2546,.F.);
#2592 = PLANE('',#2593);
#2593 = AXIS2_PLACEMENT_3D('',#2594,#2595,#2596);
#2594 = CARTESIAN_POINT('',(-13.3,0.95,5.));
#2595 = DIRECTION('',(0.,1.,0.));
#2596 = DIRECTION('',(0.,0.,1.));
#2597 = ADVANCED_FACE('',(#2598),#2616,.T.);
#2598 = FACE_BOUND('',#2599,.T.);
#2599 = EDGE_LOOP('',(#2600,#2608,#2614,#2615));
#2600 = ORIENTED_EDGE('',*,*,#2601,.F.);
#2601 = EDGE_CURVE('',#2602,#2033,#2604,.T.);
#2602 = VERTEX_POINT('',#2603);
#2603 = CARTESIAN_POINT('',(-13.3,-0.95,5.));
#2604 = LINE('',#2605,#2606);
#2605 = CARTESIAN_POINT('',(-13.3,-0.95,5.));
#2606 = VECTOR('',#2607,1.);
#2607 = DIRECTION('',(0.,0.,1.));
#2608 = ORIENTED_EDGE('',*,*,#2609,.T.);
#2609 = EDGE_CURVE('',#2602,#2578,#2610,.T.);
#2610 = LINE('',#2611,#2612);
#2611 = CARTESIAN_POINT('',(-13.3,-0.95,5.));
#2612 = VECTOR('',#2613,1.);
#2613 = DIRECTION('',(0.,1.,0.));
#2614 = ORIENTED_EDGE('',*,*,#2585,.T.);
#2615 = ORIENTED_EDGE('',*,*,#2040,.F.);
#2616 = PLANE('',#2617);
#2617 = AXIS2_PLACEMENT_3D('',#2618,#2619,#2620);
#2618 = CARTESIAN_POINT('',(-13.3,-0.95,5.));
#2619 = DIRECTION('',(1.,0.,0.));
#2620 = DIRECTION('',(0.,0.,1.));
#2621 = ADVANCED_FACE('',(#2622),#2633,.T.);
#2622 = FACE_BOUND('',#2623,.T.);
#2623 = EDGE_LOOP('',(#2624,#2630,#2631,#2632));
#2624 = ORIENTED_EDGE('',*,*,#2625,.F.);
#2625 = EDGE_CURVE('',#2602,#2555,#2626,.T.);
#2626 = LINE('',#2627,#2628);
#2627 = CARTESIAN_POINT('',(-13.3,-0.95,5.));
#2628 = VECTOR('',#2629,1.);
#2629 = DIRECTION('',(1.,0.,0.));
#2630 = ORIENTED_EDGE('',*,*,#2601,.T.);
#2631 = ORIENTED_EDGE('',*,*,#2032,.F.);
#2632 = ORIENTED_EDGE('',*,*,#2562,.F.);
#2633 = PLANE('',#2634);
#2634 = AXIS2_PLACEMENT_3D('',#2635,#2636,#2637);
#2635 = CARTESIAN_POINT('',(-13.3,-0.95,5.));
#2636 = DIRECTION('',(0.,1.,0.));
#2637 = DIRECTION('',(0.,0.,1.));
#2638 = ADVANCED_FACE('',(#2639),#2657,.T.);
#2639 = FACE_BOUND('',#2640,.T.);
#2640 = EDGE_LOOP('',(#2641,#2649,#2650,#2651));
#2641 = ORIENTED_EDGE('',*,*,#2642,.F.);
#2642 = EDGE_CURVE('',#2520,#2643,#2645,.T.);
#2643 = VERTEX_POINT('',#2644);
#2644 = CARTESIAN_POINT('',(13.3,-0.95,5.));
#2645 = LINE('',#2646,#2647);
#2646 = CARTESIAN_POINT('',(10.99,-0.95,5.));
#2647 = VECTOR('',#2648,1.);
#2648 = DIRECTION('',(1.,0.,0.));
#2649 = ORIENTED_EDGE('',*,*,#2527,.T.);
#2650 = ORIENTED_EDGE('',*,*,#2143,.F.);
#2651 = ORIENTED_EDGE('',*,*,#2652,.F.);
#2652 = EDGE_CURVE('',#2643,#2136,#2653,.T.);
#2653 = LINE('',#2654,#2655);
#2654 = CARTESIAN_POINT('',(13.3,-0.95,5.));
#2655 = VECTOR('',#2656,1.);
#2656 = DIRECTION('',(0.,0.,1.));
#2657 = PLANE('',#2658);
#2658 = AXIS2_PLACEMENT_3D('',#2659,#2660,#2661);
#2659 = CARTESIAN_POINT('',(10.99,-0.95,5.));
#2660 = DIRECTION('',(0.,1.,0.));
#2661 = DIRECTION('',(0.,0.,1.));
#2662 = ADVANCED_FACE('',(#2663),#2681,.F.);
#2663 = FACE_BOUND('',#2664,.F.);
#2664 = EDGE_LOOP('',(#2665,#2666,#2674,#2680));
#2665 = ORIENTED_EDGE('',*,*,#2652,.F.);
#2666 = ORIENTED_EDGE('',*,*,#2667,.T.);
#2667 = EDGE_CURVE('',#2643,#2668,#2670,.T.);
#2668 = VERTEX_POINT('',#2669);
#2669 = CARTESIAN_POINT('',(13.3,0.95,5.));
#2670 = LINE('',#2671,#2672);
#2671 = CARTESIAN_POINT('',(13.3,-0.95,5.));
#2672 = VECTOR('',#2673,1.);
#2673 = DIRECTION('',(0.,1.,0.));
#2674 = ORIENTED_EDGE('',*,*,#2675,.T.);
#2675 = EDGE_CURVE('',#2668,#2128,#2676,.T.);
#2676 = LINE('',#2677,#2678);
#2677 = CARTESIAN_POINT('',(13.3,0.95,5.));
#2678 = VECTOR('',#2679,1.);
#2679 = DIRECTION('',(0.,0.,1.));
#2680 = ORIENTED_EDGE('',*,*,#2135,.F.);
#2681 = PLANE('',#2682);
#2682 = AXIS2_PLACEMENT_3D('',#2683,#2684,#2685);
#2683 = CARTESIAN_POINT('',(13.3,-0.95,5.));
#2684 = DIRECTION('',(1.,0.,0.));
#2685 = DIRECTION('',(0.,0.,1.));
#2686 = ADVANCED_FACE('',(#2687),#2698,.F.);
#2687 = FACE_BOUND('',#2688,.F.);
#2688 = EDGE_LOOP('',(#2689,#2695,#2696,#2697));
#2689 = ORIENTED_EDGE('',*,*,#2690,.F.);
#2690 = EDGE_CURVE('',#2512,#2668,#2691,.T.);
#2691 = LINE('',#2692,#2693);
#2692 = CARTESIAN_POINT('',(10.99,0.95,5.));
#2693 = VECTOR('',#2694,1.);
#2694 = DIRECTION('',(1.,0.,0.));
#2695 = ORIENTED_EDGE('',*,*,#2511,.T.);
#2696 = ORIENTED_EDGE('',*,*,#2127,.F.);
#2697 = ORIENTED_EDGE('',*,*,#2675,.F.);
#2698 = PLANE('',#2699);
#2699 = AXIS2_PLACEMENT_3D('',#2700,#2701,#2702);
#2700 = CARTESIAN_POINT('',(10.99,0.95,5.));
#2701 = DIRECTION('',(0.,1.,0.));
#2702 = DIRECTION('',(0.,0.,1.));
#2703 = ADVANCED_FACE('',(#2704),#2715,.F.);
#2704 = FACE_BOUND('',#2705,.F.);
#2705 = EDGE_LOOP('',(#2706,#2707,#2708,#2709));
#2706 = ORIENTED_EDGE('',*,*,#2296,.F.);
#2707 = ORIENTED_EDGE('',*,*,#2233,.F.);
#2708 = ORIENTED_EDGE('',*,*,#2208,.T.);
#2709 = ORIENTED_EDGE('',*,*,#2710,.T.);
#2710 = EDGE_CURVE('',#2201,#2289,#2711,.T.);
#2711 = LINE('',#2712,#2713);
#2712 = CARTESIAN_POINT('',(11.,-0.95,34.5));
#2713 = VECTOR('',#2714,1.);
#2714 = DIRECTION('',(0.,0.,1.));
#2715 = PLANE('',#2716);
#2716 = AXIS2_PLACEMENT_3D('',#2717,#2718,#2719);
#2717 = CARTESIAN_POINT('',(11.,-2.5,35.));
#2718 = DIRECTION('',(1.,0.,0.));
#2719 = DIRECTION('',(0.,0.,1.));
#2720 = ADVANCED_FACE('',(#2721),#2732,.T.);
#2721 = FACE_BOUND('',#2722,.T.);
#2722 = EDGE_LOOP('',(#2723,#2729,#2730,#2731));
#2723 = ORIENTED_EDGE('',*,*,#2724,.F.);
#2724 = EDGE_CURVE('',#2193,#2281,#2725,.T.);
#2725 = LINE('',#2726,#2727);
#2726 = CARTESIAN_POINT('',(13.3,-0.95,34.));
#2727 = VECTOR('',#2728,1.);
#2728 = DIRECTION('',(0.,0.,1.));
#2729 = ORIENTED_EDGE('',*,*,#2200,.T.);
#2730 = ORIENTED_EDGE('',*,*,#2710,.T.);
#2731 = ORIENTED_EDGE('',*,*,#2288,.F.);
#2732 = PLANE('',#2733);
#2733 = AXIS2_PLACEMENT_3D('',#2734,#2735,#2736);
#2734 = CARTESIAN_POINT('',(10.99,-0.95,34.));
#2735 = DIRECTION('',(0.,1.,0.));
#2736 = DIRECTION('',(0.,0.,1.));
#2737 = ADVANCED_FACE('',(#2738),#2749,.F.);
#2738 = FACE_BOUND('',#2739,.F.);
#2739 = EDGE_LOOP('',(#2740,#2741,#2742,#2748));
#2740 = ORIENTED_EDGE('',*,*,#2724,.F.);
#2741 = ORIENTED_EDGE('',*,*,#2192,.T.);
#2742 = ORIENTED_EDGE('',*,*,#2743,.T.);
#2743 = EDGE_CURVE('',#2185,#2273,#2744,.T.);
#2744 = LINE('',#2745,#2746);
#2745 = CARTESIAN_POINT('',(13.3,0.95,34.));
#2746 = VECTOR('',#2747,1.);
#2747 = DIRECTION('',(0.,0.,1.));
#2748 = ORIENTED_EDGE('',*,*,#2280,.F.);
#2749 = PLANE('',#2750);
#2750 = AXIS2_PLACEMENT_3D('',#2751,#2752,#2753);
#2751 = CARTESIAN_POINT('',(13.3,-0.95,34.));
#2752 = DIRECTION('',(1.,0.,0.));
#2753 = DIRECTION('',(0.,0.,1.));
#2754 = ADVANCED_FACE('',(#2755),#2766,.F.);
#2755 = FACE_BOUND('',#2756,.F.);
#2756 = EDGE_LOOP('',(#2757,#2758,#2759,#2765));
#2757 = ORIENTED_EDGE('',*,*,#2743,.F.);
#2758 = ORIENTED_EDGE('',*,*,#2184,.T.);
#2759 = ORIENTED_EDGE('',*,*,#2760,.T.);
#2760 = EDGE_CURVE('',#2177,#2265,#2761,.T.);
#2761 = LINE('',#2762,#2763);
#2762 = CARTESIAN_POINT('',(11.,0.95,34.5));
#2763 = VECTOR('',#2764,1.);
#2764 = DIRECTION('',(0.,0.,1.));
#2765 = ORIENTED_EDGE('',*,*,#2272,.F.);
#2766 = PLANE('',#2767);
#2767 = AXIS2_PLACEMENT_3D('',#2768,#2769,#2770);
#2768 = CARTESIAN_POINT('',(10.99,0.95,34.));
#2769 = DIRECTION('',(0.,1.,0.));
#2770 = DIRECTION('',(0.,0.,1.));
#2771 = ADVANCED_FACE('',(#2772),#2778,.F.);
#2772 = FACE_BOUND('',#2773,.F.);
#2773 = EDGE_LOOP('',(#2774,#2775,#2776,#2777));
#2774 = ORIENTED_EDGE('',*,*,#2264,.F.);
#2775 = ORIENTED_EDGE('',*,*,#2760,.F.);
#2776 = ORIENTED_EDGE('',*,*,#2176,.T.);
#2777 = ORIENTED_EDGE('',*,*,#2314,.T.);
#2778 = PLANE('',#2779);
#2779 = AXIS2_PLACEMENT_3D('',#2780,#2781,#2782);
#2780 = CARTESIAN_POINT('',(11.,-2.5,35.));
#2781 = DIRECTION('',(1.,0.,0.));
#2782 = DIRECTION('',(0.,0.,1.));
#2783 = ADVANCED_FACE('',(#2784),#2795,.T.);
#2784 = FACE_BOUND('',#2785,.T.);
#2785 = EDGE_LOOP('',(#2786,#2787,#2793,#2794));
#2786 = ORIENTED_EDGE('',*,*,#2493,.F.);
#2787 = ORIENTED_EDGE('',*,*,#2788,.F.);
#2788 = EDGE_CURVE('',#2389,#2486,#2789,.T.);
#2789 = LINE('',#2790,#2791);
#2790 = CARTESIAN_POINT('',(-11.,0.95,34.5));
#2791 = VECTOR('',#2792,1.);
#2792 = DIRECTION('',(0.,0.,1.));
#2793 = ORIENTED_EDGE('',*,*,#2396,.T.);
#2794 = ORIENTED_EDGE('',*,*,#2444,.T.);
#2795 = PLANE('',#2796);
#2796 = AXIS2_PLACEMENT_3D('',#2797,#2798,#2799);
#2797 = CARTESIAN_POINT('',(-11.,-2.5,35.));
#2798 = DIRECTION('',(1.,0.,0.));
#2799 = DIRECTION('',(0.,0.,1.));
#2800 = ADVANCED_FACE('',(#2801),#2812,.F.);
#2801 = FACE_BOUND('',#2802,.F.);
#2802 = EDGE_LOOP('',(#2803,#2804,#2810,#2811));
#2803 = ORIENTED_EDGE('',*,*,#2388,.T.);
#2804 = ORIENTED_EDGE('',*,*,#2805,.T.);
#2805 = EDGE_CURVE('',#2381,#2478,#2806,.T.);
#2806 = LINE('',#2807,#2808);
#2807 = CARTESIAN_POINT('',(-13.3,0.95,34.));
#2808 = VECTOR('',#2809,1.);
#2809 = DIRECTION('',(0.,0.,1.));
#2810 = ORIENTED_EDGE('',*,*,#2485,.F.);
#2811 = ORIENTED_EDGE('',*,*,#2788,.F.);
#2812 = PLANE('',#2813);
#2813 = AXIS2_PLACEMENT_3D('',#2814,#2815,#2816);
#2814 = CARTESIAN_POINT('',(-13.3,0.95,34.));
#2815 = DIRECTION('',(0.,1.,0.));
#2816 = DIRECTION('',(0.,0.,1.));
#2817 = ADVANCED_FACE('',(#2818),#2829,.T.);
#2818 = FACE_BOUND('',#2819,.T.);
#2819 = EDGE_LOOP('',(#2820,#2826,#2827,#2828));
#2820 = ORIENTED_EDGE('',*,*,#2821,.F.);
#2821 = EDGE_CURVE('',#2373,#2470,#2822,.T.);
#2822 = LINE('',#2823,#2824);
#2823 = CARTESIAN_POINT('',(-13.3,-0.95,34.));
#2824 = VECTOR('',#2825,1.);
#2825 = DIRECTION('',(0.,0.,1.));
#2826 = ORIENTED_EDGE('',*,*,#2380,.T.);
#2827 = ORIENTED_EDGE('',*,*,#2805,.T.);
#2828 = ORIENTED_EDGE('',*,*,#2477,.F.);
#2829 = PLANE('',#2830);
#2830 = AXIS2_PLACEMENT_3D('',#2831,#2832,#2833);
#2831 = CARTESIAN_POINT('',(-13.3,-0.95,34.));
#2832 = DIRECTION('',(1.,0.,0.));
#2833 = DIRECTION('',(0.,0.,1.));
#2834 = ADVANCED_FACE('',(#2835),#2846,.T.);
#2835 = FACE_BOUND('',#2836,.T.);
#2836 = EDGE_LOOP('',(#2837,#2838,#2839,#2840));
#2837 = ORIENTED_EDGE('',*,*,#2372,.T.);
#2838 = ORIENTED_EDGE('',*,*,#2821,.T.);
#2839 = ORIENTED_EDGE('',*,*,#2469,.F.);
#2840 = ORIENTED_EDGE('',*,*,#2841,.F.);
#2841 = EDGE_CURVE('',#2365,#2462,#2842,.T.);
#2842 = LINE('',#2843,#2844);
#2843 = CARTESIAN_POINT('',(-11.,-0.95,34.5));
#2844 = VECTOR('',#2845,1.);
#2845 = DIRECTION('',(0.,0.,1.));
#2846 = PLANE('',#2847);
#2847 = AXIS2_PLACEMENT_3D('',#2848,#2849,#2850);
#2848 = CARTESIAN_POINT('',(-13.3,-0.95,34.));
#2849 = DIRECTION('',(0.,1.,0.));
#2850 = DIRECTION('',(0.,0.,1.));
#2851 = ADVANCED_FACE('',(#2852),#2858,.T.);
#2852 = FACE_BOUND('',#2853,.T.);
#2853 = EDGE_LOOP('',(#2854,#2855,#2856,#2857));
#2854 = ORIENTED_EDGE('',*,*,#2461,.F.);
#2855 = ORIENTED_EDGE('',*,*,#2420,.F.);
#2856 = ORIENTED_EDGE('',*,*,#2364,.T.);
#2857 = ORIENTED_EDGE('',*,*,#2841,.T.);
#2858 = PLANE('',#2859);
#2859 = AXIS2_PLACEMENT_3D('',#2860,#2861,#2862);
#2860 = CARTESIAN_POINT('',(-11.,-2.5,35.));
#2861 = DIRECTION('',(1.,0.,0.));
#2862 = DIRECTION('',(0.,0.,1.));
#2863 = ADVANCED_FACE('',(#2864),#2870,.T.);
#2864 = FACE_BOUND('',#2865,.T.);
#2865 = EDGE_LOOP('',(#2866,#2867,#2868,#2869));
#2866 = ORIENTED_EDGE('',*,*,#2690,.F.);
#2867 = ORIENTED_EDGE('',*,*,#2519,.T.);
#2868 = ORIENTED_EDGE('',*,*,#2642,.T.);
#2869 = ORIENTED_EDGE('',*,*,#2667,.T.);
#2870 = PLANE('',#2871);
#2871 = AXIS2_PLACEMENT_3D('',#2872,#2873,#2874);
#2872 = CARTESIAN_POINT('',(10.99,-0.95,5.));
#2873 = DIRECTION('',(0.,0.,1.));
#2874 = DIRECTION('',(1.,0.,0.));
#2875 = ADVANCED_FACE('',(#2876),#2882,.T.);
#2876 = FACE_BOUND('',#2877,.T.);
#2877 = EDGE_LOOP('',(#2878,#2879,#2880,#2881));
#2878 = ORIENTED_EDGE('',*,*,#2577,.F.);
#2879 = ORIENTED_EDGE('',*,*,#2609,.F.);
#2880 = ORIENTED_EDGE('',*,*,#2625,.T.);
#2881 = ORIENTED_EDGE('',*,*,#2554,.F.);
#2882 = PLANE('',#2883);
#2883 = AXIS2_PLACEMENT_3D('',#2884,#2885,#2886);
#2884 = CARTESIAN_POINT('',(-13.3,-0.95,5.));
#2885 = DIRECTION('',(0.,0.,1.));
#2886 = DIRECTION('',(1.,0.,0.));
#2887 = MANIFOLD_SOLID_BREP('',#2888);
#2888 = CLOSED_SHELL('',(#2889,#2922,#3032,#3096,#3127,#3159,#3199,#3341
    ,#3365,#3397,#3430,#3454,#3486,#3519,#3544,#3569,#3594,#3619,#3644,
    #3673,#3698,#3715,#3735,#3747,#3775,#3799,#3817,#3845,#3869,#3887,
    #3899,#3911,#3920,#3929,#3938,#3958,#3967,#3992,#4017));
#2889 = ADVANCED_FACE('',(#2890),#2917,.T.);
#2890 = FACE_BOUND('',#2891,.F.);
#2891 = EDGE_LOOP('',(#2892,#2902,#2909,#2910));
#2892 = ORIENTED_EDGE('',*,*,#2893,.T.);
#2893 = EDGE_CURVE('',#2894,#2896,#2898,.T.);
#2894 = VERTEX_POINT('',#2895);
#2895 = CARTESIAN_POINT('',(25.,-6.E-15,53.));
#2896 = VERTEX_POINT('',#2897);
#2897 = CARTESIAN_POINT('',(25.,-6.E-15,94.6));
#2898 = LINE('',#2899,#2900);
#2899 = CARTESIAN_POINT('',(25.,-6.12E-15,53.));
#2900 = VECTOR('',#2901,1.);
#2901 = DIRECTION('',(0.,0.,1.));
#2902 = ORIENTED_EDGE('',*,*,#2903,.T.);
#2903 = EDGE_CURVE('',#2896,#2896,#2904,.T.);
#2904 = CIRCLE('',#2905,25.);
#2905 = AXIS2_PLACEMENT_3D('',#2906,#2907,#2908);
#2906 = CARTESIAN_POINT('',(0.,0.,94.6));
#2907 = DIRECTION('',(0.,0.,1.));
#2908 = DIRECTION('',(1.,0.,0.));
#2909 = ORIENTED_EDGE('',*,*,#2893,.F.);
#2910 = ORIENTED_EDGE('',*,*,#2911,.F.);
#2911 = EDGE_CURVE('',#2894,#2894,#2912,.T.);
#2912 = CIRCLE('',#2913,25.);
#2913 = AXIS2_PLACEMENT_3D('',#2914,#2915,#2916);
#2914 = CARTESIAN_POINT('',(0.,0.,53.));
#2915 = DIRECTION('',(0.,0.,1.));
#2916 = DIRECTION('',(1.,0.,0.));
#2917 = CYLINDRICAL_SURFACE('',#2918,25.);
#2918 = AXIS2_PLACEMENT_3D('',#2919,#2920,#2921);
#2919 = CARTESIAN_POINT('',(0.,0.,53.));
#2920 = DIRECTION('',(-0.,-0.,-1.));
#2921 = DIRECTION('',(1.,0.,0.));
#2922 = ADVANCED_FACE('',(#2923,#2926),#3027,.F.);
#2923 = FACE_BOUND('',#2924,.F.);
#2924 = EDGE_LOOP('',(#2925));
#2925 = ORIENTED_EDGE('',*,*,#2911,.T.);
#2926 = FACE_BOUND('',#2927,.F.);
#2927 = EDGE_LOOP('',(#2928,#2938,#2947,#2955,#2963,#2971,#2980,#2988,
    #2996,#3004,#3013,#3021));
#2928 = ORIENTED_EDGE('',*,*,#2929,.T.);
#2929 = EDGE_CURVE('',#2930,#2932,#2934,.T.);
#2930 = VERTEX_POINT('',#2931);
#2931 = CARTESIAN_POINT('',(21.3,-2.3,53.));
#2932 = VERTEX_POINT('',#2933);
#2933 = CARTESIAN_POINT('',(19.112103494906,-2.3,53.));
#2934 = LINE('',#2935,#2936);
#2935 = CARTESIAN_POINT('',(9.375,-2.3,53.));
#2936 = VECTOR('',#2937,1.);
#2937 = DIRECTION('',(-1.,0.,0.));
#2938 = ORIENTED_EDGE('',*,*,#2939,.T.);
#2939 = EDGE_CURVE('',#2932,#2940,#2942,.T.);
#2940 = VERTEX_POINT('',#2941);
#2941 = CARTESIAN_POINT('',(-7.564193318749,-17.70156714634,53.));
#2942 = CIRCLE('',#2943,19.25);
#2943 = AXIS2_PLACEMENT_3D('',#2944,#2945,#2946);
#2944 = CARTESIAN_POINT('',(0.,0.,53.));
#2945 = DIRECTION('',(0.,0.,-1.));
#2946 = DIRECTION('',(1.,0.,0.));
#2947 = ORIENTED_EDGE('',*,*,#2948,.F.);
#2948 = EDGE_CURVE('',#2949,#2940,#2951,.T.);
#2949 = VERTEX_POINT('',#2950);
#2950 = CARTESIAN_POINT('',(-8.658141571296,-19.5963411006,53.));
#2951 = LINE('',#2952,#2953);
#2952 = CARTESIAN_POINT('',(-2.695641571296,-9.268988160479,53.));
#2953 = VECTOR('',#2954,1.);
#2954 = DIRECTION('',(0.5,0.866025403784,0.));
#2955 = ORIENTED_EDGE('',*,*,#2956,.F.);
#2956 = EDGE_CURVE('',#2957,#2949,#2959,.T.);
#2957 = VERTEX_POINT('',#2958);
#2958 = CARTESIAN_POINT('',(-12.6418584287,-17.2963411006,53.));
#2959 = LINE('',#2960,#2961);
#2960 = CARTESIAN_POINT('',(-11.64592921435,-17.8713411006,53.));
#2961 = VECTOR('',#2962,1.);
#2962 = DIRECTION('',(0.866025403784,-0.5,0.));
#2963 = ORIENTED_EDGE('',*,*,#2964,.T.);
#2964 = EDGE_CURVE('',#2957,#2965,#2967,.T.);
#2965 = VERTEX_POINT('',#2966);
#2966 = CARTESIAN_POINT('',(-11.54791017615,-15.40156714634,53.));
#2967 = LINE('',#2968,#2969);
#2968 = CARTESIAN_POINT('',(-6.679358428704,-6.968988160479,53.));
#2969 = VECTOR('',#2970,1.);
#2970 = DIRECTION('',(0.5,0.866025403784,0.));
#2971 = ORIENTED_EDGE('',*,*,#2972,.T.);
#2972 = EDGE_CURVE('',#2965,#2973,#2975,.T.);
#2973 = VERTEX_POINT('',#2974);
#2974 = CARTESIAN_POINT('',(-11.54791017615,15.401567146346,53.));
#2975 = CIRCLE('',#2976,19.25);
#2976 = AXIS2_PLACEMENT_3D('',#2977,#2978,#2979);
#2977 = CARTESIAN_POINT('',(0.,0.,53.));
#2978 = DIRECTION('',(0.,0.,-1.));
#2979 = DIRECTION('',(1.,0.,0.));
#2980 = ORIENTED_EDGE('',*,*,#2981,.F.);
#2981 = EDGE_CURVE('',#2982,#2973,#2984,.T.);
#2982 = VERTEX_POINT('',#2983);
#2983 = CARTESIAN_POINT('',(-12.6418584287,17.296341100609,53.));
#2984 = LINE('',#2985,#2986);
#2985 = CARTESIAN_POINT('',(-6.679358428704,6.968988160479,53.));
#2986 = VECTOR('',#2987,1.);
#2987 = DIRECTION('',(0.5,-0.866025403784,0.));
#2988 = ORIENTED_EDGE('',*,*,#2989,.F.);
#2989 = EDGE_CURVE('',#2990,#2982,#2992,.T.);
#2990 = VERTEX_POINT('',#2991);
#2991 = CARTESIAN_POINT('',(-8.658141571296,19.596341100609,53.));
#2992 = LINE('',#2993,#2994);
#2993 = CARTESIAN_POINT('',(-9.654070785648,19.021341100609,53.));
#2994 = VECTOR('',#2995,1.);
#2995 = DIRECTION('',(-0.866025403784,-0.5,0.));
#2996 = ORIENTED_EDGE('',*,*,#2997,.T.);
#2997 = EDGE_CURVE('',#2990,#2998,#3000,.T.);
#2998 = VERTEX_POINT('',#2999);
#2999 = CARTESIAN_POINT('',(-7.564193318749,17.701567146346,53.));
#3000 = LINE('',#3001,#3002);
#3001 = CARTESIAN_POINT('',(-2.695641571296,9.268988160479,53.));
#3002 = VECTOR('',#3003,1.);
#3003 = DIRECTION('',(0.5,-0.866025403784,0.));
#3004 = ORIENTED_EDGE('',*,*,#3005,.T.);
#3005 = EDGE_CURVE('',#2998,#3006,#3008,.T.);
#3006 = VERTEX_POINT('',#3007);
#3007 = CARTESIAN_POINT('',(19.112103494906,2.3,53.));
#3008 = CIRCLE('',#3009,19.25);
#3009 = AXIS2_PLACEMENT_3D('',#3010,#3011,#3012);
#3010 = CARTESIAN_POINT('',(0.,0.,53.));
#3011 = DIRECTION('',(0.,0.,-1.));
#3012 = DIRECTION('',(1.,0.,0.));
#3013 = ORIENTED_EDGE('',*,*,#3014,.F.);
#3014 = EDGE_CURVE('',#3015,#3006,#3017,.T.);
#3015 = VERTEX_POINT('',#3016);
#3016 = CARTESIAN_POINT('',(21.3,2.3,53.));
#3017 = LINE('',#3018,#3019);
#3018 = CARTESIAN_POINT('',(9.375,2.3,53.));
#3019 = VECTOR('',#3020,1.);
#3020 = DIRECTION('',(-1.,0.,0.));
#3021 = ORIENTED_EDGE('',*,*,#3022,.F.);
#3022 = EDGE_CURVE('',#2930,#3015,#3023,.T.);
#3023 = LINE('',#3024,#3025);
#3024 = CARTESIAN_POINT('',(21.3,-1.15,53.));
#3025 = VECTOR('',#3026,1.);
#3026 = DIRECTION('',(0.,1.,0.));
#3027 = PLANE('',#3028);
#3028 = AXIS2_PLACEMENT_3D('',#3029,#3030,#3031);
#3029 = CARTESIAN_POINT('',(0.,0.,53.));
#3030 = DIRECTION('',(0.,0.,1.));
#3031 = DIRECTION('',(1.,0.,0.));
#3032 = ADVANCED_FACE('',(#3033,#3036,#3047,#3058,#3069,#3080),#3091,.T.
  );
#3033 = FACE_BOUND('',#3034,.T.);
#3034 = EDGE_LOOP('',(#3035));
#3035 = ORIENTED_EDGE('',*,*,#2903,.T.);
#3036 = FACE_BOUND('',#3037,.T.);
#3037 = EDGE_LOOP('',(#3038));
#3038 = ORIENTED_EDGE('',*,*,#3039,.T.);
#3039 = EDGE_CURVE('',#3040,#3040,#3042,.T.);
#3040 = VERTEX_POINT('',#3041);
#3041 = CARTESIAN_POINT('',(-12.04213562373,-14.14213562373,94.6));
#3042 = CIRCLE('',#3043,2.1);
#3043 = AXIS2_PLACEMENT_3D('',#3044,#3045,#3046);
#3044 = CARTESIAN_POINT('',(-14.14213562373,-14.14213562373,94.6));
#3045 = DIRECTION('',(0.,0.,-1.));
#3046 = DIRECTION('',(1.,0.,0.));
#3047 = FACE_BOUND('',#3048,.T.);
#3048 = EDGE_LOOP('',(#3049));
#3049 = ORIENTED_EDGE('',*,*,#3050,.T.);
#3050 = EDGE_CURVE('',#3051,#3051,#3053,.T.);
#3051 = VERTEX_POINT('',#3052);
#3052 = CARTESIAN_POINT('',(16.242135623731,-14.14213562373,94.6));
#3053 = CIRCLE('',#3054,2.1);
#3054 = AXIS2_PLACEMENT_3D('',#3055,#3056,#3057);
#3055 = CARTESIAN_POINT('',(14.142135623731,-14.14213562373,94.6));
#3056 = DIRECTION('',(0.,0.,-1.));
#3057 = DIRECTION('',(1.,0.,0.));
#3058 = FACE_BOUND('',#3059,.T.);
#3059 = EDGE_LOOP('',(#3060));
#3060 = ORIENTED_EDGE('',*,*,#3061,.T.);
#3061 = EDGE_CURVE('',#3062,#3062,#3064,.T.);
#3062 = VERTEX_POINT('',#3063);
#3063 = CARTESIAN_POINT('',(-12.04213562373,14.142135623731,94.6));
#3064 = CIRCLE('',#3065,2.1);
#3065 = AXIS2_PLACEMENT_3D('',#3066,#3067,#3068);
#3066 = CARTESIAN_POINT('',(-14.14213562373,14.142135623731,94.6));
#3067 = DIRECTION('',(0.,0.,-1.));
#3068 = DIRECTION('',(1.,0.,0.));
#3069 = FACE_BOUND('',#3070,.T.);
#3070 = EDGE_LOOP('',(#3071));
#3071 = ORIENTED_EDGE('',*,*,#3072,.F.);
#3072 = EDGE_CURVE('',#3073,#3073,#3075,.T.);
#3073 = VERTEX_POINT('',#3074);
#3074 = CARTESIAN_POINT('',(16.6,-4.E-15,94.6));
#3075 = CIRCLE('',#3076,16.6);
#3076 = AXIS2_PLACEMENT_3D('',#3077,#3078,#3079);
#3077 = CARTESIAN_POINT('',(0.,0.,94.6));
#3078 = DIRECTION('',(0.,0.,1.));
#3079 = DIRECTION('',(1.,0.,0.));
#3080 = FACE_BOUND('',#3081,.T.);
#3081 = EDGE_LOOP('',(#3082));
#3082 = ORIENTED_EDGE('',*,*,#3083,.T.);
#3083 = EDGE_CURVE('',#3084,#3084,#3086,.T.);
#3084 = VERTEX_POINT('',#3085);
#3085 = CARTESIAN_POINT('',(16.242135623731,14.142135623731,94.6));
#3086 = CIRCLE('',#3087,2.1);
#3087 = AXIS2_PLACEMENT_3D('',#3088,#3089,#3090);
#3088 = CARTESIAN_POINT('',(14.142135623731,14.142135623731,94.6));
#3089 = DIRECTION('',(0.,0.,-1.));
#3090 = DIRECTION('',(1.,0.,0.));
#3091 = PLANE('',#3092);
#3092 = AXIS2_PLACEMENT_3D('',#3093,#3094,#3095);
#3093 = CARTESIAN_POINT('',(0.,0.,94.6));
#3094 = DIRECTION('',(0.,0.,1.));
#3095 = DIRECTION('',(1.,0.,0.));
#3096 = ADVANCED_FACE('',(#3097),#3122,.T.);
#3097 = FACE_BOUND('',#3098,.T.);
#3098 = EDGE_LOOP('',(#3099,#3107,#3108,#3116));
#3099 = ORIENTED_EDGE('',*,*,#3100,.F.);
#3100 = EDGE_CURVE('',#2930,#3101,#3103,.T.);
#3101 = VERTEX_POINT('',#3102);
#3102 = CARTESIAN_POINT('',(21.3,-2.3,58.3));
#3103 = LINE('',#3104,#3105);
#3104 = CARTESIAN_POINT('',(21.3,-2.3,52.99));
#3105 = VECTOR('',#3106,1.);
#3106 = DIRECTION('',(0.,0.,1.));
#3107 = ORIENTED_EDGE('',*,*,#2929,.T.);
#3108 = ORIENTED_EDGE('',*,*,#3109,.F.);
#3109 = EDGE_CURVE('',#3110,#2932,#3112,.T.);
#3110 = VERTEX_POINT('',#3111);
#3111 = CARTESIAN_POINT('',(19.112103494906,-2.3,58.3));
#3112 = LINE('',#3113,#3114);
#3113 = CARTESIAN_POINT('',(19.112103494906,-2.3,52.99));
#3114 = VECTOR('',#3115,1.);
#3115 = DIRECTION('',(-0.,-0.,-1.));
#3116 = ORIENTED_EDGE('',*,*,#3117,.T.);
#3117 = EDGE_CURVE('',#3110,#3101,#3118,.T.);
#3118 = LINE('',#3119,#3120);
#3119 = CARTESIAN_POINT('',(18.75,-2.3,58.3));
#3120 = VECTOR('',#3121,1.);
#3121 = DIRECTION('',(1.,0.,0.));
#3122 = PLANE('',#3123);
#3123 = AXIS2_PLACEMENT_3D('',#3124,#3125,#3126);
#3124 = CARTESIAN_POINT('',(18.75,-2.3,52.99));
#3125 = DIRECTION('',(0.,1.,0.));
#3126 = DIRECTION('',(0.,0.,1.));
#3127 = ADVANCED_FACE('',(#3128),#3154,.F.);
#3128 = FACE_BOUND('',#3129,.F.);
#3129 = EDGE_LOOP('',(#3130,#3131,#3132,#3140,#3148));
#3130 = ORIENTED_EDGE('',*,*,#3100,.F.);
#3131 = ORIENTED_EDGE('',*,*,#3022,.T.);
#3132 = ORIENTED_EDGE('',*,*,#3133,.T.);
#3133 = EDGE_CURVE('',#3015,#3134,#3136,.T.);
#3134 = VERTEX_POINT('',#3135);
#3135 = CARTESIAN_POINT('',(21.3,2.3,58.3));
#3136 = LINE('',#3137,#3138);
#3137 = CARTESIAN_POINT('',(21.3,2.3,52.99));
#3138 = VECTOR('',#3139,1.);
#3139 = DIRECTION('',(0.,0.,1.));
#3140 = ORIENTED_EDGE('',*,*,#3141,.F.);
#3141 = EDGE_CURVE('',#3142,#3134,#3144,.T.);
#3142 = VERTEX_POINT('',#3143);
#3143 = CARTESIAN_POINT('',(21.3,0.,58.3));
#3144 = LINE('',#3145,#3146);
#3145 = CARTESIAN_POINT('',(21.3,-2.3,58.3));
#3146 = VECTOR('',#3147,1.);
#3147 = DIRECTION('',(0.,1.,0.));
#3148 = ORIENTED_EDGE('',*,*,#3149,.F.);
#3149 = EDGE_CURVE('',#3101,#3142,#3150,.T.);
#3150 = LINE('',#3151,#3152);
#3151 = CARTESIAN_POINT('',(21.3,-2.3,58.3));
#3152 = VECTOR('',#3153,1.);
#3153 = DIRECTION('',(0.,1.,0.));
#3154 = PLANE('',#3155);
#3155 = AXIS2_PLACEMENT_3D('',#3156,#3157,#3158);
#3156 = CARTESIAN_POINT('',(21.3,-2.3,52.99));
#3157 = DIRECTION('',(1.,0.,0.));
#3158 = DIRECTION('',(0.,0.,1.));
#3159 = ADVANCED_FACE('',(#3160),#3194,.F.);
#3160 = FACE_BOUND('',#3161,.F.);
#3161 = EDGE_LOOP('',(#3162,#3163,#3164,#3172,#3180,#3188));
#3162 = ORIENTED_EDGE('',*,*,#3133,.F.);
#3163 = ORIENTED_EDGE('',*,*,#3014,.T.);
#3164 = ORIENTED_EDGE('',*,*,#3165,.F.);
#3165 = EDGE_CURVE('',#3166,#3006,#3168,.T.);
#3166 = VERTEX_POINT('',#3167);
#3167 = CARTESIAN_POINT('',(19.112103494906,2.3,54.7));
#3168 = LINE('',#3169,#3170);
#3169 = CARTESIAN_POINT('',(19.112103494906,2.3,52.99));
#3170 = VECTOR('',#3171,1.);
#3171 = DIRECTION('',(-0.,-0.,-1.));
#3172 = ORIENTED_EDGE('',*,*,#3173,.F.);
#3173 = EDGE_CURVE('',#3174,#3166,#3176,.T.);
#3174 = VERTEX_POINT('',#3175);
#3175 = CARTESIAN_POINT('',(21.175457492106,2.3,54.7));
#3176 = LINE('',#3177,#3178);
#3177 = CARTESIAN_POINT('',(9.375,2.3,54.7));
#3178 = VECTOR('',#3179,1.);
#3179 = DIRECTION('',(-1.,0.,0.));
#3180 = ORIENTED_EDGE('',*,*,#3181,.T.);
#3181 = EDGE_CURVE('',#3174,#3182,#3184,.T.);
#3182 = VERTEX_POINT('',#3183);
#3183 = CARTESIAN_POINT('',(21.175457492106,2.3,58.3));
#3184 = LINE('',#3185,#3186);
#3185 = CARTESIAN_POINT('',(21.175457492106,2.3,54.7));
#3186 = VECTOR('',#3187,1.);
#3187 = DIRECTION('',(0.,0.,1.));
#3188 = ORIENTED_EDGE('',*,*,#3189,.T.);
#3189 = EDGE_CURVE('',#3182,#3134,#3190,.T.);
#3190 = LINE('',#3191,#3192);
#3191 = CARTESIAN_POINT('',(18.75,2.3,58.3));
#3192 = VECTOR('',#3193,1.);
#3193 = DIRECTION('',(1.,0.,0.));
#3194 = PLANE('',#3195);
#3195 = AXIS2_PLACEMENT_3D('',#3196,#3197,#3198);
#3196 = CARTESIAN_POINT('',(18.75,2.3,52.99));
#3197 = DIRECTION('',(0.,1.,0.));
#3198 = DIRECTION('',(0.,0.,1.));
#3199 = ADVANCED_FACE('',(#3200),#3336,.F.);
#3200 = FACE_BOUND('',#3201,.T.);
#3201 = EDGE_LOOP('',(#3202,#3203,#3204,#3212,#3221,#3229,#3238,#3244,
    #3245,#3253,#3262,#3270,#3279,#3285,#3286,#3287,#3296,#3304,#3313,
    #3321,#3328,#3329));
#3202 = ORIENTED_EDGE('',*,*,#3109,.T.);
#3203 = ORIENTED_EDGE('',*,*,#2939,.T.);
#3204 = ORIENTED_EDGE('',*,*,#3205,.F.);
#3205 = EDGE_CURVE('',#3206,#2940,#3208,.T.);
#3206 = VERTEX_POINT('',#3207);
#3207 = CARTESIAN_POINT('',(-7.564193318749,-17.70156714634,54.7));
#3208 = LINE('',#3209,#3210);
#3209 = CARTESIAN_POINT('',(-7.564193318749,-17.70156714634,52.99));
#3210 = VECTOR('',#3211,1.);
#3211 = DIRECTION('',(-0.,-0.,-1.));
#3212 = ORIENTED_EDGE('',*,*,#3213,.F.);
#3213 = EDGE_CURVE('',#3214,#3206,#3216,.T.);
#3214 = VERTEX_POINT('',#3215);
#3215 = CARTESIAN_POINT('',(3.95158707005,-18.84004935311,54.7));
#3216 = CIRCLE('',#3217,19.25);
#3217 = AXIS2_PLACEMENT_3D('',#3218,#3219,#3220);
#3218 = CARTESIAN_POINT('',(0.,0.,54.7));
#3219 = DIRECTION('',(0.,0.,-1.));
#3220 = DIRECTION('',(1.,0.,0.));
#3221 = ORIENTED_EDGE('',*,*,#3222,.F.);
#3222 = EDGE_CURVE('',#3223,#3214,#3225,.T.);
#3223 = VERTEX_POINT('',#3224);
#3224 = CARTESIAN_POINT('',(3.95158707005,-18.84004935311,58.3));
#3225 = LINE('',#3226,#3227);
#3226 = CARTESIAN_POINT('',(3.95158707005,-18.84004935311,52.99));
#3227 = VECTOR('',#3228,1.);
#3228 = DIRECTION('',(-0.,-0.,-1.));
#3229 = ORIENTED_EDGE('',*,*,#3230,.T.);
#3230 = EDGE_CURVE('',#3223,#3231,#3233,.T.);
#3231 = VERTEX_POINT('',#3232);
#3232 = CARTESIAN_POINT('',(-11.54791017615,-15.40156714634,58.3));
#3233 = CIRCLE('',#3234,19.25);
#3234 = AXIS2_PLACEMENT_3D('',#3235,#3236,#3237);
#3235 = CARTESIAN_POINT('',(0.,0.,58.3));
#3236 = DIRECTION('',(0.,0.,-1.));
#3237 = DIRECTION('',(1.,0.,0.));
#3238 = ORIENTED_EDGE('',*,*,#3239,.T.);
#3239 = EDGE_CURVE('',#3231,#2965,#3240,.T.);
#3240 = LINE('',#3241,#3242);
#3241 = CARTESIAN_POINT('',(-11.54791017615,-15.40156714634,52.99));
#3242 = VECTOR('',#3243,1.);
#3243 = DIRECTION('',(-0.,-0.,-1.));
#3244 = ORIENTED_EDGE('',*,*,#2972,.T.);
#3245 = ORIENTED_EDGE('',*,*,#3246,.F.);
#3246 = EDGE_CURVE('',#3247,#2973,#3249,.T.);
#3247 = VERTEX_POINT('',#3248);
#3248 = CARTESIAN_POINT('',(-11.54791017615,15.401567146346,54.7));
#3249 = LINE('',#3250,#3251);
#3250 = CARTESIAN_POINT('',(-11.54791017615,15.401567146346,52.99));
#3251 = VECTOR('',#3252,1.);
#3252 = DIRECTION('',(-0.,-0.,-1.));
#3253 = ORIENTED_EDGE('',*,*,#3254,.F.);
#3254 = EDGE_CURVE('',#3255,#3247,#3257,.T.);
#3255 = VERTEX_POINT('',#3256);
#3256 = CARTESIAN_POINT('',(-18.29175488337,5.997849888628,54.7));
#3257 = CIRCLE('',#3258,19.25);
#3258 = AXIS2_PLACEMENT_3D('',#3259,#3260,#3261);
#3259 = CARTESIAN_POINT('',(0.,0.,54.7));
#3260 = DIRECTION('',(0.,0.,-1.));
#3261 = DIRECTION('',(1.,0.,0.));
#3262 = ORIENTED_EDGE('',*,*,#3263,.F.);
#3263 = EDGE_CURVE('',#3264,#3255,#3266,.T.);
#3264 = VERTEX_POINT('',#3265);
#3265 = CARTESIAN_POINT('',(-18.29175488337,5.997849888628,58.3));
#3266 = LINE('',#3267,#3268);
#3267 = CARTESIAN_POINT('',(-18.29175488337,5.997849888628,52.99));
#3268 = VECTOR('',#3269,1.);
#3269 = DIRECTION('',(-0.,-0.,-1.));
#3270 = ORIENTED_EDGE('',*,*,#3271,.T.);
#3271 = EDGE_CURVE('',#3264,#3272,#3274,.T.);
#3272 = VERTEX_POINT('',#3273);
#3273 = CARTESIAN_POINT('',(-7.564193318749,17.701567146346,58.3));
#3274 = CIRCLE('',#3275,19.25);
#3275 = AXIS2_PLACEMENT_3D('',#3276,#3277,#3278);
#3276 = CARTESIAN_POINT('',(0.,0.,58.3));
#3277 = DIRECTION('',(0.,0.,-1.));
#3278 = DIRECTION('',(1.,0.,0.));
#3279 = ORIENTED_EDGE('',*,*,#3280,.T.);
#3280 = EDGE_CURVE('',#3272,#2998,#3281,.T.);
#3281 = LINE('',#3282,#3283);
#3282 = CARTESIAN_POINT('',(-7.564193318749,17.701567146346,52.99));
#3283 = VECTOR('',#3284,1.);
#3284 = DIRECTION('',(-0.,-0.,-1.));
#3285 = ORIENTED_EDGE('',*,*,#3005,.T.);
#3286 = ORIENTED_EDGE('',*,*,#3165,.F.);
#3287 = ORIENTED_EDGE('',*,*,#3288,.F.);
#3288 = EDGE_CURVE('',#3289,#3166,#3291,.T.);
#3289 = VERTEX_POINT('',#3290);
#3290 = CARTESIAN_POINT('',(14.340167813325,12.842199464487,54.7));
#3291 = CIRCLE('',#3292,19.25);
#3292 = AXIS2_PLACEMENT_3D('',#3293,#3294,#3295);
#3293 = CARTESIAN_POINT('',(0.,0.,54.7));
#3294 = DIRECTION('',(0.,0.,-1.));
#3295 = DIRECTION('',(1.,0.,0.));
#3296 = ORIENTED_EDGE('',*,*,#3297,.F.);
#3297 = EDGE_CURVE('',#3298,#3289,#3300,.T.);
#3298 = VERTEX_POINT('',#3299);
#3299 = CARTESIAN_POINT('',(14.340167813325,12.842199464487,58.3));
#3300 = LINE('',#3301,#3302);
#3301 = CARTESIAN_POINT('',(14.340167813325,12.842199464487,52.99));
#3302 = VECTOR('',#3303,1.);
#3303 = DIRECTION('',(-0.,-0.,-1.));
#3304 = ORIENTED_EDGE('',*,*,#3305,.T.);
#3305 = EDGE_CURVE('',#3298,#3306,#3308,.T.);
#3306 = VERTEX_POINT('',#3307);
#3307 = CARTESIAN_POINT('',(19.25,-5.E-15,58.3));
#3308 = CIRCLE('',#3309,19.25);
#3309 = AXIS2_PLACEMENT_3D('',#3310,#3311,#3312);
#3310 = CARTESIAN_POINT('',(0.,0.,58.3));
#3311 = DIRECTION('',(0.,0.,-1.));
#3312 = DIRECTION('',(1.,0.,0.));
#3313 = ORIENTED_EDGE('',*,*,#3314,.T.);
#3314 = EDGE_CURVE('',#3306,#3315,#3317,.T.);
#3315 = VERTEX_POINT('',#3316);
#3316 = CARTESIAN_POINT('',(19.25,-5.E-15,84.6));
#3317 = LINE('',#3318,#3319);
#3318 = CARTESIAN_POINT('',(19.25,-4.71E-15,52.99));
#3319 = VECTOR('',#3320,1.);
#3320 = DIRECTION('',(0.,0.,1.));
#3321 = ORIENTED_EDGE('',*,*,#3322,.T.);
#3322 = EDGE_CURVE('',#3315,#3315,#3323,.T.);
#3323 = CIRCLE('',#3324,19.25);
#3324 = AXIS2_PLACEMENT_3D('',#3325,#3326,#3327);
#3325 = CARTESIAN_POINT('',(0.,0.,84.6));
#3326 = DIRECTION('',(0.,0.,1.));
#3327 = DIRECTION('',(1.,0.,0.));
#3328 = ORIENTED_EDGE('',*,*,#3314,.F.);
#3329 = ORIENTED_EDGE('',*,*,#3330,.T.);
#3330 = EDGE_CURVE('',#3306,#3110,#3331,.T.);
#3331 = CIRCLE('',#3332,19.25);
#3332 = AXIS2_PLACEMENT_3D('',#3333,#3334,#3335);
#3333 = CARTESIAN_POINT('',(0.,0.,58.3));
#3334 = DIRECTION('',(0.,0.,-1.));
#3335 = DIRECTION('',(1.,0.,0.));
#3336 = CYLINDRICAL_SURFACE('',#3337,19.25);
#3337 = AXIS2_PLACEMENT_3D('',#3338,#3339,#3340);
#3338 = CARTESIAN_POINT('',(0.,0.,52.99));
#3339 = DIRECTION('',(-0.,-0.,-1.));
#3340 = DIRECTION('',(1.,0.,0.));
#3341 = ADVANCED_FACE('',(#3342),#3360,.T.);
#3342 = FACE_BOUND('',#3343,.T.);
#3343 = EDGE_LOOP('',(#3344,#3352,#3353,#3354));
#3344 = ORIENTED_EDGE('',*,*,#3345,.F.);
#3345 = EDGE_CURVE('',#2990,#3346,#3348,.T.);
#3346 = VERTEX_POINT('',#3347);
#3347 = CARTESIAN_POINT('',(-8.658141571296,19.596341100609,58.3));
#3348 = LINE('',#3349,#3350);
#3349 = CARTESIAN_POINT('',(-8.658141571296,19.596341100609,52.99));
#3350 = VECTOR('',#3351,1.);
#3351 = DIRECTION('',(0.,0.,1.));
#3352 = ORIENTED_EDGE('',*,*,#2997,.T.);
#3353 = ORIENTED_EDGE('',*,*,#3280,.F.);
#3354 = ORIENTED_EDGE('',*,*,#3355,.T.);
#3355 = EDGE_CURVE('',#3272,#3346,#3356,.T.);
#3356 = LINE('',#3357,#3358);
#3357 = CARTESIAN_POINT('',(-7.383141571296,17.387976320958,58.3));
#3358 = VECTOR('',#3359,1.);
#3359 = DIRECTION('',(-0.5,0.866025403784,0.));
#3360 = PLANE('',#3361);
#3361 = AXIS2_PLACEMENT_3D('',#3362,#3363,#3364);
#3362 = CARTESIAN_POINT('',(-7.383141571296,17.387976320958,52.99));
#3363 = DIRECTION('',(-0.866025403784,-0.5,0.));
#3364 = DIRECTION('',(0.,0.,1.));
#3365 = ADVANCED_FACE('',(#3366),#3392,.F.);
#3366 = FACE_BOUND('',#3367,.F.);
#3367 = EDGE_LOOP('',(#3368,#3369,#3370,#3378,#3386));
#3368 = ORIENTED_EDGE('',*,*,#3345,.F.);
#3369 = ORIENTED_EDGE('',*,*,#2989,.T.);
#3370 = ORIENTED_EDGE('',*,*,#3371,.T.);
#3371 = EDGE_CURVE('',#2982,#3372,#3374,.T.);
#3372 = VERTEX_POINT('',#3373);
#3373 = CARTESIAN_POINT('',(-12.6418584287,17.296341100609,58.3));
#3374 = LINE('',#3375,#3376);
#3375 = CARTESIAN_POINT('',(-12.6418584287,17.296341100609,52.99));
#3376 = VECTOR('',#3377,1.);
#3377 = DIRECTION('',(0.,0.,1.));
#3378 = ORIENTED_EDGE('',*,*,#3379,.F.);
#3379 = EDGE_CURVE('',#3380,#3372,#3382,.T.);
#3380 = VERTEX_POINT('',#3381);
#3381 = CARTESIAN_POINT('',(-10.65,18.446341100609,58.3));
#3382 = LINE('',#3383,#3384);
#3383 = CARTESIAN_POINT('',(-8.658141571296,19.596341100609,58.3));
#3384 = VECTOR('',#3385,1.);
#3385 = DIRECTION('',(-0.866025403784,-0.5,0.));
#3386 = ORIENTED_EDGE('',*,*,#3387,.F.);
#3387 = EDGE_CURVE('',#3346,#3380,#3388,.T.);
#3388 = LINE('',#3389,#3390);
#3389 = CARTESIAN_POINT('',(-8.658141571296,19.596341100609,58.3));
#3390 = VECTOR('',#3391,1.);
#3391 = DIRECTION('',(-0.866025403784,-0.5,0.));
#3392 = PLANE('',#3393);
#3393 = AXIS2_PLACEMENT_3D('',#3394,#3395,#3396);
#3394 = CARTESIAN_POINT('',(-8.658141571296,19.596341100609,52.99));
#3395 = DIRECTION('',(-0.5,0.866025403784,0.));
#3396 = DIRECTION('',(0.,0.,1.));
#3397 = ADVANCED_FACE('',(#3398),#3425,.F.);
#3398 = FACE_BOUND('',#3399,.F.);
#3399 = EDGE_LOOP('',(#3400,#3401,#3402,#3403,#3411,#3419));
#3400 = ORIENTED_EDGE('',*,*,#3371,.F.);
#3401 = ORIENTED_EDGE('',*,*,#2981,.T.);
#3402 = ORIENTED_EDGE('',*,*,#3246,.F.);
#3403 = ORIENTED_EDGE('',*,*,#3404,.F.);
#3404 = EDGE_CURVE('',#3405,#3247,#3407,.T.);
#3405 = VERTEX_POINT('',#3406);
#3406 = CARTESIAN_POINT('',(-12.57958717475,17.188484124922,54.7));
#3407 = LINE('',#3408,#3409);
#3408 = CARTESIAN_POINT('',(-6.679358428704,6.968988160479,54.7));
#3409 = VECTOR('',#3410,1.);
#3410 = DIRECTION('',(0.5,-0.866025403784,0.));
#3411 = ORIENTED_EDGE('',*,*,#3412,.T.);
#3412 = EDGE_CURVE('',#3405,#3413,#3415,.T.);
#3413 = VERTEX_POINT('',#3414);
#3414 = CARTESIAN_POINT('',(-12.57958717475,17.188484124922,58.3));
#3415 = LINE('',#3416,#3417);
#3416 = CARTESIAN_POINT('',(-12.57958717475,17.188484124922,54.7));
#3417 = VECTOR('',#3418,1.);
#3418 = DIRECTION('',(0.,0.,1.));
#3419 = ORIENTED_EDGE('',*,*,#3420,.T.);
#3420 = EDGE_CURVE('',#3413,#3372,#3421,.T.);
#3421 = LINE('',#3422,#3423);
#3422 = CARTESIAN_POINT('',(-11.3668584287,15.087976320958,58.3));
#3423 = VECTOR('',#3424,1.);
#3424 = DIRECTION('',(-0.5,0.866025403784,0.));
#3425 = PLANE('',#3426);
#3426 = AXIS2_PLACEMENT_3D('',#3427,#3428,#3429);
#3427 = CARTESIAN_POINT('',(-11.3668584287,15.087976320958,52.99));
#3428 = DIRECTION('',(-0.866025403784,-0.5,0.));
#3429 = DIRECTION('',(0.,0.,1.));
#3430 = ADVANCED_FACE('',(#3431),#3449,.T.);
#3431 = FACE_BOUND('',#3432,.T.);
#3432 = EDGE_LOOP('',(#3433,#3441,#3442,#3443));
#3433 = ORIENTED_EDGE('',*,*,#3434,.F.);
#3434 = EDGE_CURVE('',#2957,#3435,#3437,.T.);
#3435 = VERTEX_POINT('',#3436);
#3436 = CARTESIAN_POINT('',(-12.6418584287,-17.2963411006,58.3));
#3437 = LINE('',#3438,#3439);
#3438 = CARTESIAN_POINT('',(-12.6418584287,-17.2963411006,52.99));
#3439 = VECTOR('',#3440,1.);
#3440 = DIRECTION('',(0.,0.,1.));
#3441 = ORIENTED_EDGE('',*,*,#2964,.T.);
#3442 = ORIENTED_EDGE('',*,*,#3239,.F.);
#3443 = ORIENTED_EDGE('',*,*,#3444,.T.);
#3444 = EDGE_CURVE('',#3231,#3435,#3445,.T.);
#3445 = LINE('',#3446,#3447);
#3446 = CARTESIAN_POINT('',(-11.3668584287,-15.08797632095,58.3));
#3447 = VECTOR('',#3448,1.);
#3448 = DIRECTION('',(-0.5,-0.866025403784,0.));
#3449 = PLANE('',#3450);
#3450 = AXIS2_PLACEMENT_3D('',#3451,#3452,#3453);
#3451 = CARTESIAN_POINT('',(-11.3668584287,-15.08797632095,52.99));
#3452 = DIRECTION('',(0.866025403784,-0.5,0.));
#3453 = DIRECTION('',(0.,0.,1.));
#3454 = ADVANCED_FACE('',(#3455),#3481,.F.);
#3455 = FACE_BOUND('',#3456,.F.);
#3456 = EDGE_LOOP('',(#3457,#3458,#3459,#3467,#3475));
#3457 = ORIENTED_EDGE('',*,*,#3434,.F.);
#3458 = ORIENTED_EDGE('',*,*,#2956,.T.);
#3459 = ORIENTED_EDGE('',*,*,#3460,.T.);
#3460 = EDGE_CURVE('',#2949,#3461,#3463,.T.);
#3461 = VERTEX_POINT('',#3462);
#3462 = CARTESIAN_POINT('',(-8.658141571296,-19.5963411006,58.3));
#3463 = LINE('',#3464,#3465);
#3464 = CARTESIAN_POINT('',(-8.658141571296,-19.5963411006,52.99));
#3465 = VECTOR('',#3466,1.);
#3466 = DIRECTION('',(0.,0.,1.));
#3467 = ORIENTED_EDGE('',*,*,#3468,.F.);
#3468 = EDGE_CURVE('',#3469,#3461,#3471,.T.);
#3469 = VERTEX_POINT('',#3470);
#3470 = CARTESIAN_POINT('',(-10.65,-18.4463411006,58.3));
#3471 = LINE('',#3472,#3473);
#3472 = CARTESIAN_POINT('',(-12.6418584287,-17.2963411006,58.3));
#3473 = VECTOR('',#3474,1.);
#3474 = DIRECTION('',(0.866025403784,-0.5,0.));
#3475 = ORIENTED_EDGE('',*,*,#3476,.F.);
#3476 = EDGE_CURVE('',#3435,#3469,#3477,.T.);
#3477 = LINE('',#3478,#3479);
#3478 = CARTESIAN_POINT('',(-12.6418584287,-17.2963411006,58.3));
#3479 = VECTOR('',#3480,1.);
#3480 = DIRECTION('',(0.866025403784,-0.5,0.));
#3481 = PLANE('',#3482);
#3482 = AXIS2_PLACEMENT_3D('',#3483,#3484,#3485);
#3483 = CARTESIAN_POINT('',(-12.6418584287,-17.2963411006,52.99));
#3484 = DIRECTION('',(-0.5,-0.866025403784,0.));
#3485 = DIRECTION('',(0.,0.,1.));
#3486 = ADVANCED_FACE('',(#3487),#3514,.F.);
#3487 = FACE_BOUND('',#3488,.F.);
#3488 = EDGE_LOOP('',(#3489,#3490,#3491,#3492,#3500,#3508));
#3489 = ORIENTED_EDGE('',*,*,#3460,.F.);
#3490 = ORIENTED_EDGE('',*,*,#2948,.T.);
#3491 = ORIENTED_EDGE('',*,*,#3205,.F.);
#3492 = ORIENTED_EDGE('',*,*,#3493,.F.);
#3493 = EDGE_CURVE('',#3494,#3206,#3496,.T.);
#3494 = VERTEX_POINT('',#3495);
#3495 = CARTESIAN_POINT('',(-8.595870317349,-19.48848412492,54.7));
#3496 = LINE('',#3497,#3498);
#3497 = CARTESIAN_POINT('',(-2.695641571296,-9.268988160479,54.7));
#3498 = VECTOR('',#3499,1.);
#3499 = DIRECTION('',(0.5,0.866025403784,0.));
#3500 = ORIENTED_EDGE('',*,*,#3501,.T.);
#3501 = EDGE_CURVE('',#3494,#3502,#3504,.T.);
#3502 = VERTEX_POINT('',#3503);
#3503 = CARTESIAN_POINT('',(-8.595870317349,-19.48848412492,58.3));
#3504 = LINE('',#3505,#3506);
#3505 = CARTESIAN_POINT('',(-8.595870317349,-19.48848412492,54.7));
#3506 = VECTOR('',#3507,1.);
#3507 = DIRECTION('',(0.,0.,1.));
#3508 = ORIENTED_EDGE('',*,*,#3509,.T.);
#3509 = EDGE_CURVE('',#3502,#3461,#3510,.T.);
#3510 = LINE('',#3511,#3512);
#3511 = CARTESIAN_POINT('',(-7.383141571296,-17.38797632095,58.3));
#3512 = VECTOR('',#3513,1.);
#3513 = DIRECTION('',(-0.5,-0.866025403784,0.));
#3514 = PLANE('',#3515);
#3515 = AXIS2_PLACEMENT_3D('',#3516,#3517,#3518);
#3516 = CARTESIAN_POINT('',(-7.383141571296,-17.38797632095,52.99));
#3517 = DIRECTION('',(0.866025403784,-0.5,0.));
#3518 = DIRECTION('',(0.,0.,1.));
#3519 = ADVANCED_FACE('',(#3520),#3539,.F.);
#3520 = FACE_BOUND('',#3521,.T.);
#3521 = EDGE_LOOP('',(#3522,#3531,#3537,#3538));
#3522 = ORIENTED_EDGE('',*,*,#3523,.F.);
#3523 = EDGE_CURVE('',#3524,#3524,#3526,.T.);
#3524 = VERTEX_POINT('',#3525);
#3525 = CARTESIAN_POINT('',(-12.04213562373,-14.14213562373,88.6));
#3526 = CIRCLE('',#3527,2.1);
#3527 = AXIS2_PLACEMENT_3D('',#3528,#3529,#3530);
#3528 = CARTESIAN_POINT('',(-14.14213562373,-14.14213562373,88.6));
#3529 = DIRECTION('',(0.,0.,1.));
#3530 = DIRECTION('',(1.,0.,0.));
#3531 = ORIENTED_EDGE('',*,*,#3532,.T.);
#3532 = EDGE_CURVE('',#3524,#3040,#3533,.T.);
#3533 = LINE('',#3534,#3535);
#3534 = CARTESIAN_POINT('',(-12.04213562373,-14.14213562373,88.6));
#3535 = VECTOR('',#3536,1.);
#3536 = DIRECTION('',(0.,0.,1.));
#3537 = ORIENTED_EDGE('',*,*,#3039,.F.);
#3538 = ORIENTED_EDGE('',*,*,#3532,.F.);
#3539 = CYLINDRICAL_SURFACE('',#3540,2.1);
#3540 = AXIS2_PLACEMENT_3D('',#3541,#3542,#3543);
#3541 = CARTESIAN_POINT('',(-14.14213562373,-14.14213562373,88.6));
#3542 = DIRECTION('',(-0.,-0.,-1.));
#3543 = DIRECTION('',(1.,0.,0.));
#3544 = ADVANCED_FACE('',(#3545),#3564,.F.);
#3545 = FACE_BOUND('',#3546,.T.);
#3546 = EDGE_LOOP('',(#3547,#3556,#3562,#3563));
#3547 = ORIENTED_EDGE('',*,*,#3548,.F.);
#3548 = EDGE_CURVE('',#3549,#3549,#3551,.T.);
#3549 = VERTEX_POINT('',#3550);
#3550 = CARTESIAN_POINT('',(16.242135623731,-14.14213562373,88.6));
#3551 = CIRCLE('',#3552,2.1);
#3552 = AXIS2_PLACEMENT_3D('',#3553,#3554,#3555);
#3553 = CARTESIAN_POINT('',(14.142135623731,-14.14213562373,88.6));
#3554 = DIRECTION('',(0.,0.,1.));
#3555 = DIRECTION('',(1.,0.,0.));
#3556 = ORIENTED_EDGE('',*,*,#3557,.T.);
#3557 = EDGE_CURVE('',#3549,#3051,#3558,.T.);
#3558 = LINE('',#3559,#3560);
#3559 = CARTESIAN_POINT('',(16.242135623731,-14.14213562373,88.6));
#3560 = VECTOR('',#3561,1.);
#3561 = DIRECTION('',(0.,0.,1.));
#3562 = ORIENTED_EDGE('',*,*,#3050,.F.);
#3563 = ORIENTED_EDGE('',*,*,#3557,.F.);
#3564 = CYLINDRICAL_SURFACE('',#3565,2.1);
#3565 = AXIS2_PLACEMENT_3D('',#3566,#3567,#3568);
#3566 = CARTESIAN_POINT('',(14.142135623731,-14.14213562373,88.6));
#3567 = DIRECTION('',(-0.,-0.,-1.));
#3568 = DIRECTION('',(1.,0.,0.));
#3569 = ADVANCED_FACE('',(#3570),#3589,.F.);
#3570 = FACE_BOUND('',#3571,.T.);
#3571 = EDGE_LOOP('',(#3572,#3581,#3587,#3588));
#3572 = ORIENTED_EDGE('',*,*,#3573,.F.);
#3573 = EDGE_CURVE('',#3574,#3574,#3576,.T.);
#3574 = VERTEX_POINT('',#3575);
#3575 = CARTESIAN_POINT('',(-12.04213562373,14.142135623731,88.6));
#3576 = CIRCLE('',#3577,2.1);
#3577 = AXIS2_PLACEMENT_3D('',#3578,#3579,#3580);
#3578 = CARTESIAN_POINT('',(-14.14213562373,14.142135623731,88.6));
#3579 = DIRECTION('',(0.,0.,1.));
#3580 = DIRECTION('',(1.,0.,0.));
#3581 = ORIENTED_EDGE('',*,*,#3582,.T.);
#3582 = EDGE_CURVE('',#3574,#3062,#3583,.T.);
#3583 = LINE('',#3584,#3585);
#3584 = CARTESIAN_POINT('',(-12.04213562373,14.142135623731,88.6));
#3585 = VECTOR('',#3586,1.);
#3586 = DIRECTION('',(0.,0.,1.));
#3587 = ORIENTED_EDGE('',*,*,#3061,.F.);
#3588 = ORIENTED_EDGE('',*,*,#3582,.F.);
#3589 = CYLINDRICAL_SURFACE('',#3590,2.1);
#3590 = AXIS2_PLACEMENT_3D('',#3591,#3592,#3593);
#3591 = CARTESIAN_POINT('',(-14.14213562373,14.142135623731,88.6));
#3592 = DIRECTION('',(-0.,-0.,-1.));
#3593 = DIRECTION('',(1.,0.,0.));
#3594 = ADVANCED_FACE('',(#3595),#3614,.F.);
#3595 = FACE_BOUND('',#3596,.F.);
#3596 = EDGE_LOOP('',(#3597,#3598,#3606,#3613));
#3597 = ORIENTED_EDGE('',*,*,#3072,.F.);
#3598 = ORIENTED_EDGE('',*,*,#3599,.F.);
#3599 = EDGE_CURVE('',#3600,#3073,#3602,.T.);
#3600 = VERTEX_POINT('',#3601);
#3601 = CARTESIAN_POINT('',(16.6,-4.E-15,93.1));
#3602 = LINE('',#3603,#3604);
#3603 = CARTESIAN_POINT('',(16.6,-4.07E-15,93.1));
#3604 = VECTOR('',#3605,1.);
#3605 = DIRECTION('',(0.,0.,1.));
#3606 = ORIENTED_EDGE('',*,*,#3607,.T.);
#3607 = EDGE_CURVE('',#3600,#3600,#3608,.T.);
#3608 = CIRCLE('',#3609,16.6);
#3609 = AXIS2_PLACEMENT_3D('',#3610,#3611,#3612);
#3610 = CARTESIAN_POINT('',(0.,0.,93.1));
#3611 = DIRECTION('',(0.,0.,1.));
#3612 = DIRECTION('',(1.,0.,0.));
#3613 = ORIENTED_EDGE('',*,*,#3599,.T.);
#3614 = CYLINDRICAL_SURFACE('',#3615,16.6);
#3615 = AXIS2_PLACEMENT_3D('',#3616,#3617,#3618);
#3616 = CARTESIAN_POINT('',(0.,0.,93.1));
#3617 = DIRECTION('',(0.,0.,1.));
#3618 = DIRECTION('',(1.,0.,0.));
#3619 = ADVANCED_FACE('',(#3620),#3639,.F.);
#3620 = FACE_BOUND('',#3621,.T.);
#3621 = EDGE_LOOP('',(#3622,#3631,#3637,#3638));
#3622 = ORIENTED_EDGE('',*,*,#3623,.F.);
#3623 = EDGE_CURVE('',#3624,#3624,#3626,.T.);
#3624 = VERTEX_POINT('',#3625);
#3625 = CARTESIAN_POINT('',(16.242135623731,14.142135623731,88.6));
#3626 = CIRCLE('',#3627,2.1);
#3627 = AXIS2_PLACEMENT_3D('',#3628,#3629,#3630);
#3628 = CARTESIAN_POINT('',(14.142135623731,14.142135623731,88.6));
#3629 = DIRECTION('',(0.,0.,1.));
#3630 = DIRECTION('',(1.,0.,0.));
#3631 = ORIENTED_EDGE('',*,*,#3632,.T.);
#3632 = EDGE_CURVE('',#3624,#3084,#3633,.T.);
#3633 = LINE('',#3634,#3635);
#3634 = CARTESIAN_POINT('',(16.242135623731,14.142135623731,88.6));
#3635 = VECTOR('',#3636,1.);
#3636 = DIRECTION('',(0.,0.,1.));
#3637 = ORIENTED_EDGE('',*,*,#3083,.F.);
#3638 = ORIENTED_EDGE('',*,*,#3632,.F.);
#3639 = CYLINDRICAL_SURFACE('',#3640,2.1);
#3640 = AXIS2_PLACEMENT_3D('',#3641,#3642,#3643);
#3641 = CARTESIAN_POINT('',(14.142135623731,14.142135623731,88.6));
#3642 = DIRECTION('',(-0.,-0.,-1.));
#3643 = DIRECTION('',(1.,0.,0.));
#3644 = ADVANCED_FACE('',(#3645),#3668,.F.);
#3645 = FACE_BOUND('',#3646,.F.);
#3646 = EDGE_LOOP('',(#3647,#3648,#3649,#3650,#3651,#3652,#3661,#3667));
#3647 = ORIENTED_EDGE('',*,*,#3330,.T.);
#3648 = ORIENTED_EDGE('',*,*,#3117,.T.);
#3649 = ORIENTED_EDGE('',*,*,#3149,.T.);
#3650 = ORIENTED_EDGE('',*,*,#3141,.T.);
#3651 = ORIENTED_EDGE('',*,*,#3189,.F.);
#3652 = ORIENTED_EDGE('',*,*,#3653,.T.);
#3653 = EDGE_CURVE('',#3182,#3654,#3656,.T.);
#3654 = VERTEX_POINT('',#3655);
#3655 = CARTESIAN_POINT('',(15.867302567471,14.20981031655,58.3));
#3656 = CIRCLE('',#3657,21.3);
#3657 = AXIS2_PLACEMENT_3D('',#3658,#3659,#3660);
#3658 = CARTESIAN_POINT('',(0.,0.,58.3));
#3659 = DIRECTION('',(0.,0.,1.));
#3660 = DIRECTION('',(1.,0.,0.));
#3661 = ORIENTED_EDGE('',*,*,#3662,.F.);
#3662 = EDGE_CURVE('',#3298,#3654,#3663,.T.);
#3663 = LINE('',#3664,#3665);
#3664 = CARTESIAN_POINT('',(0.,0.,58.3));
#3665 = VECTOR('',#3666,1.);
#3666 = DIRECTION('',(0.74494378251,0.667127244908,0.));
#3667 = ORIENTED_EDGE('',*,*,#3305,.T.);
#3668 = PLANE('',#3669);
#3669 = AXIS2_PLACEMENT_3D('',#3670,#3671,#3672);
#3670 = CARTESIAN_POINT('',(18.403446943824,5.826374664052,58.3));
#3671 = DIRECTION('',(0.,0.,1.));
#3672 = DIRECTION('',(1.,0.,0.));
#3673 = ADVANCED_FACE('',(#3674),#3693,.F.);
#3674 = FACE_BOUND('',#3675,.F.);
#3675 = EDGE_LOOP('',(#3676,#3677,#3678,#3687));
#3676 = ORIENTED_EDGE('',*,*,#3653,.F.);
#3677 = ORIENTED_EDGE('',*,*,#3181,.F.);
#3678 = ORIENTED_EDGE('',*,*,#3679,.T.);
#3679 = EDGE_CURVE('',#3174,#3680,#3682,.T.);
#3680 = VERTEX_POINT('',#3681);
#3681 = CARTESIAN_POINT('',(15.867302567471,14.20981031655,54.7));
#3682 = CIRCLE('',#3683,21.3);
#3683 = AXIS2_PLACEMENT_3D('',#3684,#3685,#3686);
#3684 = CARTESIAN_POINT('',(0.,0.,54.7));
#3685 = DIRECTION('',(0.,0.,1.));
#3686 = DIRECTION('',(1.,0.,0.));
#3687 = ORIENTED_EDGE('',*,*,#3688,.T.);
#3688 = EDGE_CURVE('',#3680,#3654,#3689,.T.);
#3689 = LINE('',#3690,#3691);
#3690 = CARTESIAN_POINT('',(15.867302567471,14.20981031655,54.7));
#3691 = VECTOR('',#3692,1.);
#3692 = DIRECTION('',(0.,0.,1.));
#3693 = CYLINDRICAL_SURFACE('',#3694,21.3);
#3694 = AXIS2_PLACEMENT_3D('',#3695,#3696,#3697);
#3695 = CARTESIAN_POINT('',(0.,0.,54.7));
#3696 = DIRECTION('',(0.,0.,1.));
#3697 = DIRECTION('',(1.,0.,0.));
#3698 = ADVANCED_FACE('',(#3699),#3710,.T.);
#3699 = FACE_BOUND('',#3700,.T.);
#3700 = EDGE_LOOP('',(#3701,#3702,#3703,#3709));
#3701 = ORIENTED_EDGE('',*,*,#3173,.F.);
#3702 = ORIENTED_EDGE('',*,*,#3679,.T.);
#3703 = ORIENTED_EDGE('',*,*,#3704,.F.);
#3704 = EDGE_CURVE('',#3289,#3680,#3705,.T.);
#3705 = LINE('',#3706,#3707);
#3706 = CARTESIAN_POINT('',(0.,0.,54.7));
#3707 = VECTOR('',#3708,1.);
#3708 = DIRECTION('',(0.74494378251,0.667127244908,0.));
#3709 = ORIENTED_EDGE('',*,*,#3288,.T.);
#3710 = PLANE('',#3711);
#3711 = AXIS2_PLACEMENT_3D('',#3712,#3713,#3714);
#3712 = CARTESIAN_POINT('',(0.,0.,54.7));
#3713 = DIRECTION('',(0.,0.,1.));
#3714 = DIRECTION('',(1.,0.,0.));
#3715 = ADVANCED_FACE('',(#3716,#3719),#3730,.F.);
#3716 = FACE_BOUND('',#3717,.F.);
#3717 = EDGE_LOOP('',(#3718));
#3718 = ORIENTED_EDGE('',*,*,#3322,.T.);
#3719 = FACE_BOUND('',#3720,.F.);
#3720 = EDGE_LOOP('',(#3721));
#3721 = ORIENTED_EDGE('',*,*,#3722,.T.);
#3722 = EDGE_CURVE('',#3723,#3723,#3725,.T.);
#3723 = VERTEX_POINT('',#3724);
#3724 = CARTESIAN_POINT('',(11.,-3.E-15,84.6));
#3725 = CIRCLE('',#3726,11.);
#3726 = AXIS2_PLACEMENT_3D('',#3727,#3728,#3729);
#3727 = CARTESIAN_POINT('',(0.,0.,84.6));
#3728 = DIRECTION('',(0.,0.,-1.));
#3729 = DIRECTION('',(1.,0.,0.));
#3730 = PLANE('',#3731);
#3731 = AXIS2_PLACEMENT_3D('',#3732,#3733,#3734);
#3732 = CARTESIAN_POINT('',(0.,0.,84.6));
#3733 = DIRECTION('',(0.,0.,1.));
#3734 = DIRECTION('',(1.,0.,0.));
#3735 = ADVANCED_FACE('',(#3736),#3742,.T.);
#3736 = FACE_BOUND('',#3737,.T.);
#3737 = EDGE_LOOP('',(#3738,#3739,#3740,#3741));
#3738 = ORIENTED_EDGE('',*,*,#3662,.F.);
#3739 = ORIENTED_EDGE('',*,*,#3297,.T.);
#3740 = ORIENTED_EDGE('',*,*,#3704,.T.);
#3741 = ORIENTED_EDGE('',*,*,#3688,.T.);
#3742 = PLANE('',#3743);
#3743 = AXIS2_PLACEMENT_3D('',#3744,#3745,#3746);
#3744 = CARTESIAN_POINT('',(0.,0.,54.7));
#3745 = DIRECTION('',(0.667127244908,-0.74494378251,0.));
#3746 = DIRECTION('',(0.74494378251,0.667127244908,0.));
#3747 = ADVANCED_FACE('',(#3748),#3770,.F.);
#3748 = FACE_BOUND('',#3749,.F.);
#3749 = EDGE_LOOP('',(#3750,#3751,#3752,#3753,#3754,#3755,#3764));
#3750 = ORIENTED_EDGE('',*,*,#3271,.T.);
#3751 = ORIENTED_EDGE('',*,*,#3355,.T.);
#3752 = ORIENTED_EDGE('',*,*,#3387,.T.);
#3753 = ORIENTED_EDGE('',*,*,#3379,.T.);
#3754 = ORIENTED_EDGE('',*,*,#3420,.F.);
#3755 = ORIENTED_EDGE('',*,*,#3756,.T.);
#3756 = EDGE_CURVE('',#3413,#3757,#3759,.T.);
#3757 = VERTEX_POINT('',#3758);
#3758 = CARTESIAN_POINT('',(-20.23970800082,6.636581954689,58.3));
#3759 = CIRCLE('',#3760,21.3);
#3760 = AXIS2_PLACEMENT_3D('',#3761,#3762,#3763);
#3761 = CARTESIAN_POINT('',(0.,0.,58.3));
#3762 = DIRECTION('',(0.,0.,1.));
#3763 = DIRECTION('',(-0.5,0.866025403784,0.));
#3764 = ORIENTED_EDGE('',*,*,#3765,.F.);
#3765 = EDGE_CURVE('',#3264,#3757,#3766,.T.);
#3766 = LINE('',#3767,#3768);
#3767 = CARTESIAN_POINT('',(0.,0.,58.3));
#3768 = VECTOR('',#3769,1.);
#3769 = DIRECTION('',(-0.950221032903,0.311576617591,0.));
#3770 = PLANE('',#3771);
#3771 = AXIS2_PLACEMENT_3D('',#3772,#3773,#3774);
#3772 = CARTESIAN_POINT('',(-14.24751194294,13.024665238525,58.3));
#3773 = DIRECTION('',(0.,0.,1.));
#3774 = DIRECTION('',(1.,0.,0.));
#3775 = ADVANCED_FACE('',(#3776),#3794,.T.);
#3776 = FACE_BOUND('',#3777,.T.);
#3777 = EDGE_LOOP('',(#3778,#3779,#3780,#3788));
#3778 = ORIENTED_EDGE('',*,*,#3765,.F.);
#3779 = ORIENTED_EDGE('',*,*,#3263,.T.);
#3780 = ORIENTED_EDGE('',*,*,#3781,.T.);
#3781 = EDGE_CURVE('',#3255,#3782,#3784,.T.);
#3782 = VERTEX_POINT('',#3783);
#3783 = CARTESIAN_POINT('',(-20.23970800082,6.636581954689,54.7));
#3784 = LINE('',#3785,#3786);
#3785 = CARTESIAN_POINT('',(0.,0.,54.7));
#3786 = VECTOR('',#3787,1.);
#3787 = DIRECTION('',(-0.950221032903,0.311576617591,0.));
#3788 = ORIENTED_EDGE('',*,*,#3789,.T.);
#3789 = EDGE_CURVE('',#3782,#3757,#3790,.T.);
#3790 = LINE('',#3791,#3792);
#3791 = CARTESIAN_POINT('',(-20.23970800082,6.636581954689,54.7));
#3792 = VECTOR('',#3793,1.);
#3793 = DIRECTION('',(0.,0.,1.));
#3794 = PLANE('',#3795);
#3795 = AXIS2_PLACEMENT_3D('',#3796,#3797,#3798);
#3796 = CARTESIAN_POINT('',(0.,0.,54.7));
#3797 = DIRECTION('',(0.311576617591,0.950221032903,0.));
#3798 = DIRECTION('',(-0.950221032903,0.311576617591,0.));
#3799 = ADVANCED_FACE('',(#3800),#3812,.T.);
#3800 = FACE_BOUND('',#3801,.T.);
#3801 = EDGE_LOOP('',(#3802,#3803,#3810,#3811));
#3802 = ORIENTED_EDGE('',*,*,#3404,.F.);
#3803 = ORIENTED_EDGE('',*,*,#3804,.T.);
#3804 = EDGE_CURVE('',#3405,#3782,#3805,.T.);
#3805 = CIRCLE('',#3806,21.3);
#3806 = AXIS2_PLACEMENT_3D('',#3807,#3808,#3809);
#3807 = CARTESIAN_POINT('',(0.,0.,54.7));
#3808 = DIRECTION('',(0.,0.,1.));
#3809 = DIRECTION('',(-0.5,0.866025403784,0.));
#3810 = ORIENTED_EDGE('',*,*,#3781,.F.);
#3811 = ORIENTED_EDGE('',*,*,#3254,.T.);
#3812 = PLANE('',#3813);
#3813 = AXIS2_PLACEMENT_3D('',#3814,#3815,#3816);
#3814 = CARTESIAN_POINT('',(0.,0.,54.7));
#3815 = DIRECTION('',(0.,0.,1.));
#3816 = DIRECTION('',(-0.5,0.866025403784,0.));
#3817 = ADVANCED_FACE('',(#3818),#3840,.F.);
#3818 = FACE_BOUND('',#3819,.F.);
#3819 = EDGE_LOOP('',(#3820,#3821,#3822,#3823,#3824,#3825,#3834));
#3820 = ORIENTED_EDGE('',*,*,#3230,.T.);
#3821 = ORIENTED_EDGE('',*,*,#3444,.T.);
#3822 = ORIENTED_EDGE('',*,*,#3476,.T.);
#3823 = ORIENTED_EDGE('',*,*,#3468,.T.);
#3824 = ORIENTED_EDGE('',*,*,#3509,.F.);
#3825 = ORIENTED_EDGE('',*,*,#3826,.T.);
#3826 = EDGE_CURVE('',#3502,#3827,#3829,.T.);
#3827 = VERTEX_POINT('',#3828);
#3828 = CARTESIAN_POINT('',(4.372405433355,-20.84639227123,58.3));
#3829 = CIRCLE('',#3830,21.3);
#3830 = AXIS2_PLACEMENT_3D('',#3831,#3832,#3833);
#3831 = CARTESIAN_POINT('',(0.,0.,58.3));
#3832 = DIRECTION('',(0.,0.,1.));
#3833 = DIRECTION('',(-0.5,-0.866025403784,0.));
#3834 = ORIENTED_EDGE('',*,*,#3835,.F.);
#3835 = EDGE_CURVE('',#3223,#3827,#3836,.T.);
#3836 = LINE('',#3837,#3838);
#3837 = CARTESIAN_POINT('',(0.,0.,58.3));
#3838 = VECTOR('',#3839,1.);
#3839 = DIRECTION('',(0.205277250392,-0.978703862499,0.));
#3840 = PLANE('',#3841);
#3841 = AXIS2_PLACEMENT_3D('',#3842,#3843,#3844);
#3842 = CARTESIAN_POINT('',(-4.155935000877,-18.85103990257,58.3));
#3843 = DIRECTION('',(0.,0.,1.));
#3844 = DIRECTION('',(1.,0.,0.));
#3845 = ADVANCED_FACE('',(#3846),#3864,.T.);
#3846 = FACE_BOUND('',#3847,.T.);
#3847 = EDGE_LOOP('',(#3848,#3849,#3850,#3858));
#3848 = ORIENTED_EDGE('',*,*,#3835,.F.);
#3849 = ORIENTED_EDGE('',*,*,#3222,.T.);
#3850 = ORIENTED_EDGE('',*,*,#3851,.T.);
#3851 = EDGE_CURVE('',#3214,#3852,#3854,.T.);
#3852 = VERTEX_POINT('',#3853);
#3853 = CARTESIAN_POINT('',(4.372405433355,-20.84639227123,54.7));
#3854 = LINE('',#3855,#3856);
#3855 = CARTESIAN_POINT('',(0.,0.,54.7));
#3856 = VECTOR('',#3857,1.);
#3857 = DIRECTION('',(0.205277250392,-0.978703862499,0.));
#3858 = ORIENTED_EDGE('',*,*,#3859,.T.);
#3859 = EDGE_CURVE('',#3852,#3827,#3860,.T.);
#3860 = LINE('',#3861,#3862);
#3861 = CARTESIAN_POINT('',(4.372405433355,-20.84639227123,54.7));
#3862 = VECTOR('',#3863,1.);
#3863 = DIRECTION('',(0.,0.,1.));
#3864 = PLANE('',#3865);
#3865 = AXIS2_PLACEMENT_3D('',#3866,#3867,#3868);
#3866 = CARTESIAN_POINT('',(0.,0.,54.7));
#3867 = DIRECTION('',(-0.978703862499,-0.205277250392,0.));
#3868 = DIRECTION('',(0.205277250392,-0.978703862499,0.));
#3869 = ADVANCED_FACE('',(#3870),#3882,.T.);
#3870 = FACE_BOUND('',#3871,.T.);
#3871 = EDGE_LOOP('',(#3872,#3873,#3880,#3881));
#3872 = ORIENTED_EDGE('',*,*,#3493,.F.);
#3873 = ORIENTED_EDGE('',*,*,#3874,.T.);
#3874 = EDGE_CURVE('',#3494,#3852,#3875,.T.);
#3875 = CIRCLE('',#3876,21.3);
#3876 = AXIS2_PLACEMENT_3D('',#3877,#3878,#3879);
#3877 = CARTESIAN_POINT('',(0.,0.,54.7));
#3878 = DIRECTION('',(0.,0.,1.));
#3879 = DIRECTION('',(-0.5,-0.866025403784,0.));
#3880 = ORIENTED_EDGE('',*,*,#3851,.F.);
#3881 = ORIENTED_EDGE('',*,*,#3213,.T.);
#3882 = PLANE('',#3883);
#3883 = AXIS2_PLACEMENT_3D('',#3884,#3885,#3886);
#3884 = CARTESIAN_POINT('',(0.,0.,54.7));
#3885 = DIRECTION('',(0.,0.,1.));
#3886 = DIRECTION('',(-0.5,-0.866025403784,0.));
#3887 = ADVANCED_FACE('',(#3888),#3894,.F.);
#3888 = FACE_BOUND('',#3889,.F.);
#3889 = EDGE_LOOP('',(#3890,#3891,#3892,#3893));
#3890 = ORIENTED_EDGE('',*,*,#3756,.F.);
#3891 = ORIENTED_EDGE('',*,*,#3412,.F.);
#3892 = ORIENTED_EDGE('',*,*,#3804,.T.);
#3893 = ORIENTED_EDGE('',*,*,#3789,.T.);
#3894 = CYLINDRICAL_SURFACE('',#3895,21.3);
#3895 = AXIS2_PLACEMENT_3D('',#3896,#3897,#3898);
#3896 = CARTESIAN_POINT('',(0.,0.,54.7));
#3897 = DIRECTION('',(0.,0.,1.));
#3898 = DIRECTION('',(-0.5,0.866025403784,0.));
#3899 = ADVANCED_FACE('',(#3900),#3906,.F.);
#3900 = FACE_BOUND('',#3901,.F.);
#3901 = EDGE_LOOP('',(#3902,#3903,#3904,#3905));
#3902 = ORIENTED_EDGE('',*,*,#3826,.F.);
#3903 = ORIENTED_EDGE('',*,*,#3501,.F.);
#3904 = ORIENTED_EDGE('',*,*,#3874,.T.);
#3905 = ORIENTED_EDGE('',*,*,#3859,.T.);
#3906 = CYLINDRICAL_SURFACE('',#3907,21.3);
#3907 = AXIS2_PLACEMENT_3D('',#3908,#3909,#3910);
#3908 = CARTESIAN_POINT('',(0.,0.,54.7));
#3909 = DIRECTION('',(0.,0.,1.));
#3910 = DIRECTION('',(-0.5,-0.866025403784,0.));
#3911 = ADVANCED_FACE('',(#3912),#3915,.T.);
#3912 = FACE_BOUND('',#3913,.F.);
#3913 = EDGE_LOOP('',(#3914));
#3914 = ORIENTED_EDGE('',*,*,#3523,.F.);
#3915 = PLANE('',#3916);
#3916 = AXIS2_PLACEMENT_3D('',#3917,#3918,#3919);
#3917 = CARTESIAN_POINT('',(-14.14213562373,-14.14213562373,88.6));
#3918 = DIRECTION('',(0.,0.,1.));
#3919 = DIRECTION('',(1.,0.,0.));
#3920 = ADVANCED_FACE('',(#3921),#3924,.T.);
#3921 = FACE_BOUND('',#3922,.F.);
#3922 = EDGE_LOOP('',(#3923));
#3923 = ORIENTED_EDGE('',*,*,#3548,.F.);
#3924 = PLANE('',#3925);
#3925 = AXIS2_PLACEMENT_3D('',#3926,#3927,#3928);
#3926 = CARTESIAN_POINT('',(14.142135623731,-14.14213562373,88.6));
#3927 = DIRECTION('',(0.,0.,1.));
#3928 = DIRECTION('',(1.,0.,0.));
#3929 = ADVANCED_FACE('',(#3930),#3933,.T.);
#3930 = FACE_BOUND('',#3931,.F.);
#3931 = EDGE_LOOP('',(#3932));
#3932 = ORIENTED_EDGE('',*,*,#3573,.F.);
#3933 = PLANE('',#3934);
#3934 = AXIS2_PLACEMENT_3D('',#3935,#3936,#3937);
#3935 = CARTESIAN_POINT('',(-14.14213562373,14.142135623731,88.6));
#3936 = DIRECTION('',(0.,0.,1.));
#3937 = DIRECTION('',(1.,0.,0.));
#3938 = ADVANCED_FACE('',(#3939,#3942),#3953,.T.);
#3939 = FACE_BOUND('',#3940,.T.);
#3940 = EDGE_LOOP('',(#3941));
#3941 = ORIENTED_EDGE('',*,*,#3607,.T.);
#3942 = FACE_BOUND('',#3943,.T.);
#3943 = EDGE_LOOP('',(#3944));
#3944 = ORIENTED_EDGE('',*,*,#3945,.F.);
#3945 = EDGE_CURVE('',#3946,#3946,#3948,.T.);
#3946 = VERTEX_POINT('',#3947);
#3947 = CARTESIAN_POINT('',(14.,-3.E-15,93.1));
#3948 = CIRCLE('',#3949,14.);
#3949 = AXIS2_PLACEMENT_3D('',#3950,#3951,#3952);
#3950 = CARTESIAN_POINT('',(0.,0.,93.1));
#3951 = DIRECTION('',(0.,0.,1.));
#3952 = DIRECTION('',(1.,0.,0.));
#3953 = PLANE('',#3954);
#3954 = AXIS2_PLACEMENT_3D('',#3955,#3956,#3957);
#3955 = CARTESIAN_POINT('',(0.,0.,93.1));
#3956 = DIRECTION('',(0.,0.,1.));
#3957 = DIRECTION('',(1.,0.,0.));
#3958 = ADVANCED_FACE('',(#3959),#3962,.T.);
#3959 = FACE_BOUND('',#3960,.F.);
#3960 = EDGE_LOOP('',(#3961));
#3961 = ORIENTED_EDGE('',*,*,#3623,.F.);
#3962 = PLANE('',#3963);
#3963 = AXIS2_PLACEMENT_3D('',#3964,#3965,#3966);
#3964 = CARTESIAN_POINT('',(14.142135623731,14.142135623731,88.6));
#3965 = DIRECTION('',(0.,0.,1.));
#3966 = DIRECTION('',(1.,0.,0.));
#3967 = ADVANCED_FACE('',(#3968),#3987,.F.);
#3968 = FACE_BOUND('',#3969,.T.);
#3969 = EDGE_LOOP('',(#3970,#3971,#3979,#3986));
#3970 = ORIENTED_EDGE('',*,*,#3722,.T.);
#3971 = ORIENTED_EDGE('',*,*,#3972,.T.);
#3972 = EDGE_CURVE('',#3723,#3973,#3975,.T.);
#3973 = VERTEX_POINT('',#3974);
#3974 = CARTESIAN_POINT('',(11.,-3.E-15,94.6));
#3975 = LINE('',#3976,#3977);
#3976 = CARTESIAN_POINT('',(11.,-2.69E-15,84.59));
#3977 = VECTOR('',#3978,1.);
#3978 = DIRECTION('',(0.,0.,1.));
#3979 = ORIENTED_EDGE('',*,*,#3980,.F.);
#3980 = EDGE_CURVE('',#3973,#3973,#3981,.T.);
#3981 = CIRCLE('',#3982,11.);
#3982 = AXIS2_PLACEMENT_3D('',#3983,#3984,#3985);
#3983 = CARTESIAN_POINT('',(0.,0.,94.6));
#3984 = DIRECTION('',(0.,0.,-1.));
#3985 = DIRECTION('',(1.,0.,0.));
#3986 = ORIENTED_EDGE('',*,*,#3972,.F.);
#3987 = CYLINDRICAL_SURFACE('',#3988,11.);
#3988 = AXIS2_PLACEMENT_3D('',#3989,#3990,#3991);
#3989 = CARTESIAN_POINT('',(0.,0.,84.59));
#3990 = DIRECTION('',(-0.,-0.,-1.));
#3991 = DIRECTION('',(1.,0.,0.));
#3992 = ADVANCED_FACE('',(#3993),#4012,.T.);
#3993 = FACE_BOUND('',#3994,.T.);
#3994 = EDGE_LOOP('',(#3995,#4004,#4010,#4011));
#3995 = ORIENTED_EDGE('',*,*,#3996,.F.);
#3996 = EDGE_CURVE('',#3997,#3997,#3999,.T.);
#3997 = VERTEX_POINT('',#3998);
#3998 = CARTESIAN_POINT('',(14.,-3.E-15,94.6));
#3999 = CIRCLE('',#4000,14.);
#4000 = AXIS2_PLACEMENT_3D('',#4001,#4002,#4003);
#4001 = CARTESIAN_POINT('',(0.,0.,94.6));
#4002 = DIRECTION('',(0.,0.,1.));
#4003 = DIRECTION('',(1.,0.,0.));
#4004 = ORIENTED_EDGE('',*,*,#4005,.F.);
#4005 = EDGE_CURVE('',#3946,#3997,#4006,.T.);
#4006 = LINE('',#4007,#4008);
#4007 = CARTESIAN_POINT('',(14.,-3.43E-15,92.1));
#4008 = VECTOR('',#4009,1.);
#4009 = DIRECTION('',(0.,0.,1.));
#4010 = ORIENTED_EDGE('',*,*,#3945,.T.);
#4011 = ORIENTED_EDGE('',*,*,#4005,.T.);
#4012 = CYLINDRICAL_SURFACE('',#4013,14.);
#4013 = AXIS2_PLACEMENT_3D('',#4014,#4015,#4016);
#4014 = CARTESIAN_POINT('',(0.,0.,92.1));
#4015 = DIRECTION('',(0.,0.,1.));
#4016 = DIRECTION('',(1.,0.,0.));
#4017 = ADVANCED_FACE('',(#4018,#4021),#4024,.T.);
#4018 = FACE_BOUND('',#4019,.T.);
#4019 = EDGE_LOOP('',(#4020));
#4020 = ORIENTED_EDGE('',*,*,#3996,.T.);
#4021 = FACE_BOUND('',#4022,.T.);
#4022 = EDGE_LOOP('',(#4023));
#4023 = ORIENTED_EDGE('',*,*,#3980,.T.);
#4024 = PLANE('',#4025);
#4025 = AXIS2_PLACEMENT_3D('',#4026,#4027,#4028);
#4026 = CARTESIAN_POINT('',(0.,0.,94.6));
#4027 = DIRECTION('',(0.,0.,1.));
#4028 = DIRECTION('',(1.,0.,0.));
#4029 = ( GEOMETRIC_REPRESENTATION_CONTEXT(3) 
GLOBAL_UNCERTAINTY_ASSIGNED_CONTEXT((#4033)) 
GLOBAL_UNIT_ASSIGNED_CONTEXT((#4030,#4031,#4032)) REPRESENTATION_CONTEXT
('Context #1','3D Context with UNIT and UNCERTAINTY') );
#4030 = ( LENGTH_UNIT() NAMED_UNIT(*) SI_UNIT(.MILLI.,.METRE.) );
#4031 = ( NAMED_UNIT(*) PLANE_ANGLE_UNIT() SI_UNIT($,.RADIAN.) );
#4032 = ( NAMED_UNIT(*) SI_UNIT($,.STERADIAN.) SOLID_ANGLE_UNIT() );
#4033 = UNCERTAINTY_MEASURE_WITH_UNIT(LENGTH_MEASURE(1.E-05),#4030,
  'distance_accuracy_value','confusion accuracy');
#4034 = PRODUCT_RELATED_PRODUCT_CATEGORY('part',$,(#7));
ENDSEC;
END-ISO-10303-21;
