ISO-10303-21;
HEADER;
FILE_DESCRIPTION(('FreeCAD Model'),'2;1');
FILE_NAME('Open CASCADE Shape Model','2026-10-09T22:44:33',('FreeCAD'),(
    'FreeCAD'),'Open CASCADE STEP processor 7.8','FreeCAD','Unknown');
FILE_SCHEMA(('AUTOMOTIVE_DESIGN { 1 0 10303 214 1 1 1 1 }'));
ENDSEC;
DATA;
#1 = APPLICATION_PROTOCOL_DEFINITION('international standard',
  'automotive_design',2000,#2);
#2 = APPLICATION_CONTEXT(
  'core data for automotive mechanical design processes');
#3 = SHAPE_DEFINITION_REPRESENTATION(#4,#10);
#4 = PRODUCT_DEFINITION_SHAPE('','',#5);
#5 = PRODUCT_DEFINITION('design','',#6,#9);
#6 = PRODUCT_DEFINITION_FORMATION('','',#7);
#7 = PRODUCT('Open CASCADE STEP translator 7.8 1',
  'Open CASCADE STEP translator 7.8 1','',(#8));
#8 = PRODUCT_CONTEXT('',#2,'mechanical');
#9 = PRODUCT_DEFINITION_CONTEXT('part definition',#2,'design');
#10 = SHAPE_REPRESENTATION('',(#11,#15,#2429),#3593);
#11 = AXIS2_PLACEMENT_3D('',#12,#13,#14);
#12 = CARTESIAN_POINT('',(0.,0.,0.));
#13 = DIRECTION('',(0.,0.,1.));
#14 = DIRECTION('',(1.,0.,-0.));
#15 = MANIFOLD_SOLID_BREP('',#16);
#16 = CLOSED_SHELL('',(#17,#154,#163,#191,#395,#556,#804,#897,#931,#948,
    #1022,#1033,#1094,#1119,#1144,#1169,#1194,#1214,#1245,#1270,#1294,
    #1312,#1332,#1352,#1372,#1392,#1522,#1561,#1586,#1611,#1636,#1661,
    #1689,#1907,#2040,#2060,#2081,#2311,#2391,#2417));
#17 = ADVANCED_FACE('',(#18),#149,.T.);
#18 = FACE_BOUND('',#19,.F.);
#19 = EDGE_LOOP('',(#20,#29,#37,#134,#142,#148));
#20 = ORIENTED_EDGE('',*,*,#21,.F.);
#21 = EDGE_CURVE('',#22,#22,#24,.T.);
#22 = VERTEX_POINT('',#23);
#23 = CARTESIAN_POINT('',(6.4125,-2.E-15,-7.));
#24 = CIRCLE('',#25,6.4125);
#25 = AXIS2_PLACEMENT_3D('',#26,#27,#28);
#26 = CARTESIAN_POINT('',(0.,0.,-7.));
#27 = DIRECTION('',(0.,0.,1.));
#28 = DIRECTION('',(1.,0.,0.));
#29 = ORIENTED_EDGE('',*,*,#30,.T.);
#30 = EDGE_CURVE('',#22,#31,#33,.T.);
#31 = VERTEX_POINT('',#32);
#32 = CARTESIAN_POINT('',(6.4125,0.,-6.939655172414));
#33 = LINE('',#34,#35);
#34 = CARTESIAN_POINT('',(6.4125,-1.57E-15,-7.));
#35 = VECTOR('',#36,1.);
#36 = DIRECTION('',(0.,0.,1.));
#37 = ORIENTED_EDGE('',*,*,#38,.T.);
#38 = EDGE_CURVE('',#31,#39,#41,.T.);
#39 = VERTEX_POINT('',#40);
#40 = CARTESIAN_POINT('',(6.4125,-2.E-15,-4.630561566345));
#41 = B_SPLINE_CURVE_WITH_KNOTS('',7,(#42,#43,#44,#45,#46,#47,#48,#49,
    #50,#51,#52,#53,#54,#55,#56,#57,#58,#59,#60,#61,#62,#63,#64,#65,#66,
    #67,#68,#69,#70,#71,#72,#73,#74,#75,#76,#77,#78,#79,#80,#81,#82,#83,
    #84,#85,#86,#87,#88,#89,#90,#91,#92,#93,#94,#95,#96,#97,#98,#99,#100
    ,#101,#102,#103,#104,#105,#106,#107,#108,#109,#110,#111,#112,#113,
    #114,#115,#116,#117,#118,#119,#120,#121,#122,#123,#124,#125,#126,
    #127,#128,#129,#130,#131,#132,#133),.UNSPECIFIED.,.F.,.F.,(8,6,6,6,6
    ,6,6,6,6,6,6,6,6,6,6,8),(0.,3.911789437194E-02,8.468649835589E-02,
    0.135437008579,0.225516144374,0.323878629288,0.427809083663,
    0.516883594902,0.580796637339,0.635788570678,0.689604588788,
    0.73113941796,0.783547721295,0.875065337359,0.97307322287,1.),
  .UNSPECIFIED.);
#42 = CARTESIAN_POINT('',(6.4125,8.9E-16,-6.939655172414));
#43 = CARTESIAN_POINT('',(6.4125,0.225145368599,-6.926751991016));
#44 = CARTESIAN_POINT('',(6.403277471348,0.450292919072,-6.913848413632)
  );
#45 = CARTESIAN_POINT('',(6.384832462002,0.67498616483,-6.900944940827)
  );
#46 = CARTESIAN_POINT('',(6.357192834974,0.898771885623,-6.888041671638)
  );
#47 = CARTESIAN_POINT('',(6.320414186105,1.121200330894,-6.875138507136)
  );
#48 = CARTESIAN_POINT('',(6.274579761824,1.341825423149,-6.862235353989)
  );
#49 = CARTESIAN_POINT('',(6.155987635018,1.814596227817,-6.834301537401)
  );
#50 = CARTESIAN_POINT('',(6.080034805121,2.065946759612,-6.819270530359)
  );
#51 = CARTESIAN_POINT('',(5.99211808669,2.313554891673,-6.804239607659)
  );
#52 = CARTESIAN_POINT('',(5.892461625134,2.556738282788,-6.789208697955)
  );
#53 = CARTESIAN_POINT('',(5.781337126025,2.79483434092,-6.774177610129)
  );
#54 = CARTESIAN_POINT('',(5.659063469325,3.027200648565,-6.759146285619)
  );
#55 = CARTESIAN_POINT('',(5.377818373052,3.504931753049,-6.727374515096)
  );
#56 = CARTESIAN_POINT('',(5.21625060671,3.748777750199,-6.710633572137)
  );
#57 = CARTESIAN_POINT('',(5.041809385586,3.983891201668,-6.693892837223)
  );
#58 = CARTESIAN_POINT('',(4.855065645881,4.209461838239,-6.677152300383)
  );
#59 = CARTESIAN_POINT('',(4.656649877531,4.424727954441,-6.660411727848)
  );
#60 = CARTESIAN_POINT('',(4.44725181284,4.628976987357,-6.643671087916)
  );
#61 = CARTESIAN_POINT('',(3.837799990783,5.163355691807,-6.597218343231)
  );
#62 = CARTESIAN_POINT('',(3.415656274685,5.46845878123,-6.567500422446)
  );
#63 = CARTESIAN_POINT('',(2.965473355295,5.733062955598,-6.537787313828)
  );
#64 = CARTESIAN_POINT('',(2.491939066405,5.95418192445,-6.508077093422)
  );
#65 = CARTESIAN_POINT('',(2.000054794962,6.129480360667,-6.478363872927)
  );
#66 = CARTESIAN_POINT('',(1.495119129247,6.257281373098,-6.448645766585)
  );
#67 = CARTESIAN_POINT('',(0.423348443409,6.423506461131,-6.38648751699)
  );
#68 = CARTESIAN_POINT('',(-0.145187607748,6.452674112087,-6.35403253337)
  );
#69 = CARTESIAN_POINT('',(-0.715419342645,6.423040156114,-6.321583231201
    ));
#70 = CARTESIAN_POINT('',(-1.280106214404,6.334713722266,-6.289137804436
    ));
#71 = CARTESIAN_POINT('',(-1.83215008875,6.188805113721,-6.256688604666)
  );
#72 = CARTESIAN_POINT('',(-2.364624802428,5.987421019923,-6.224233666223
    ));
#73 = CARTESIAN_POINT('',(-3.405733729034,5.466164201097,-6.157506518285
    ));
#74 = CARTESIAN_POINT('',(-3.911654124533,5.140058380325,-6.12321374828)
  );
#75 = CARTESIAN_POINT('',(-4.380643224436,4.759554532169,-6.088931488137
    ));
#76 = CARTESIAN_POINT('',(-4.805861027392,4.329791246807,-6.054652841954
    ));
#77 = CARTESIAN_POINT('',(-5.181358563565,3.856782692067,-6.020370354564
    ));
#78 = CARTESIAN_POINT('',(-5.502068197692,3.347419315192,-5.98607714881)
  );
#79 = CARTESIAN_POINT('',(-5.988800799569,2.348883487074,-5.922413811001
    ));
#80 = CARTESIAN_POINT('',(-6.170493588975,1.867004164786,-5.893026203932
    ));
#81 = CARTESIAN_POINT('',(-6.306795043175,1.369039092964,-5.86364205899)
  );
#82 = CARTESIAN_POINT('',(-6.396102605613,0.860118267088,-5.834260373149
    ));
#83 = CARTESIAN_POINT('',(-6.437493831799,0.345498399287,-5.804876480241
    ));
#84 = CARTESIAN_POINT('',(-6.430729053797,-0.169453174118,
    -5.775489102931));
#85 = CARTESIAN_POINT('',(-6.337459217726,-1.045028449261,
    -5.725025642552));
#86 = CARTESIAN_POINT('',(-6.274011490679,-1.40822568688,-5.703942806162
    ));
#87 = CARTESIAN_POINT('',(-6.18628948913,-1.766834753943,-5.682860866644
    ));
#88 = CARTESIAN_POINT('',(-6.074707518157,-2.118917521361,
    -5.661779416518));
#89 = CARTESIAN_POINT('',(-5.939861876894,-2.462592346844,
    -5.640697315701));
#90 = CARTESIAN_POINT('',(-5.782530167436,-2.796036300889,
    -5.619614197513));
#91 = CARTESIAN_POINT('',(-5.44981970068,-3.39408307244,-5.580392506871)
  );
#92 = CARTESIAN_POINT('',(-5.280013305351,-3.661819920526,
    -5.562252286878));
#93 = CARTESIAN_POINT('',(-5.094893282088,-3.919588637799,-5.5441123613)
  );
#94 = CARTESIAN_POINT('',(-4.895169107793,-4.166344998516,
    -5.525972744166));
#95 = CARTESIAN_POINT('',(-4.681632350026,-4.401111458093,
    -5.507833226511));
#96 = CARTESIAN_POINT('',(-4.455155720773,-4.622977709915,
    -5.489693834719));
#97 = CARTESIAN_POINT('',(-3.983343012158,-5.034786521069,
    -5.453803972264));
#98 = CARTESIAN_POINT('',(-3.738503192083,-5.225319490549,
    -5.436053041849));
#99 = CARTESIAN_POINT('',(-3.483078740127,-5.401920566922,
    -5.418300387712));
#100 = CARTESIAN_POINT('',(-3.218023001269,-5.563893711776,
    -5.40054867074));
#101 = CARTESIAN_POINT('',(-2.94434248785,-5.710623346692,
    -5.382797248498));
#102 = CARTESIAN_POINT('',(-2.663093421233,-5.841577628155,
    -5.365045432618));
#103 = CARTESIAN_POINT('',(-2.153337791058,-6.044868928914,
    -5.333594007278));
#104 = CARTESIAN_POINT('',(-1.927434610076,-6.123765740149,
    -5.319893658777));
#105 = CARTESIAN_POINT('',(-1.698185405056,-6.192803424047,
    -5.306193352445));
#106 = CARTESIAN_POINT('',(-1.466106940298,-6.25181399755,
    -5.292493018873));
#107 = CARTESIAN_POINT('',(-1.231724859508,-6.300663821381,
    -5.278792532195));
#108 = CARTESIAN_POINT('',(-0.995573404841,-6.33925367913,
    -5.265091872801));
#109 = CARTESIAN_POINT('',(-0.458673202887,-6.403183622769,
    -5.234104008249));
#110 = CARTESIAN_POINT('',(-0.157187303722,-6.422411760019,
    -5.216816227215));
#111 = CARTESIAN_POINT('',(0.145168338522,-6.425071657919,
    -5.199528672441));
#112 = CARTESIAN_POINT('',(0.447302601306,-6.411126285005,
    -5.182241332444));
#113 = CARTESIAN_POINT('',(0.748127890795,-6.38062580096,-5.164953929462
    ));
#114 = CARTESIAN_POINT('',(1.046560916449,-6.333707580413,
    -5.147666416504));
#115 = CARTESIAN_POINT('',(1.856600609144,-6.160408868297,
    -5.100192350629));
#116 = CARTESIAN_POINT('',(2.361226945933,-6.000829606269,
    -5.069999451383));
#117 = CARTESIAN_POINT('',(2.849522396747,-5.793086601076,
    -5.039811726534));
#118 = CARTESIAN_POINT('',(3.316043702508,-5.539267532951,
    -5.009627151347));
#119 = CARTESIAN_POINT('',(3.755706665697,-5.242138534755,
    -4.979439358987));
#120 = CARTESIAN_POINT('',(4.163803105259,-4.905134886067,
    -4.949246282261));
#121 = CARTESIAN_POINT('',(4.93482619567,-4.133502469329,-4.886730538328
    ));
#122 = CARTESIAN_POINT('',(5.292698455852,-3.69344346739,-4.854392696909
    ));
#123 = CARTESIAN_POINT('',(5.60445162719,-3.217559685593,-4.822060426473
    ));
#124 = CARTESIAN_POINT('',(5.865942511064,-2.7116945026,-4.789731954792)
  );
#125 = CARTESIAN_POINT('',(6.073907585467,-2.182161395797,
    -4.757399771039));
#126 = CARTESIAN_POINT('',(6.225976312145,-1.63571787436,-4.725061949346
    ));
#127 = CARTESIAN_POINT('',(6.347046856079,-0.92691469017,-4.683851733573
    ));
#128 = CARTESIAN_POINT('',(6.368833104766,-0.773414368463,
    -4.674969973655));
#129 = CARTESIAN_POINT('',(6.386287240582,-0.619323898817,
    -4.666088263019));
#130 = CARTESIAN_POINT('',(6.399390534541,-0.464788995913,
    -4.657206537541));
#131 = CARTESIAN_POINT('',(6.408130256981,-0.30995705124,-4.648324787818
    ));
#132 = CARTESIAN_POINT('',(6.412500000018,-0.15497713533,-4.639443078287
    ));
#133 = CARTESIAN_POINT('',(6.4125,-8.9E-16,-4.630561566345));
#134 = ORIENTED_EDGE('',*,*,#135,.F.);
#135 = EDGE_CURVE('',#136,#39,#138,.T.);
#136 = VERTEX_POINT('',#137);
#137 = CARTESIAN_POINT('',(6.4125,0.,-5.060344827586));
#138 = LINE('',#139,#140);
#139 = CARTESIAN_POINT('',(6.4125,-1.57E-15,-7.));
#140 = VECTOR('',#141,1.);
#141 = DIRECTION('',(0.,0.,1.));
#142 = ORIENTED_EDGE('',*,*,#143,.F.);
#143 = EDGE_CURVE('',#31,#136,#144,.T.);
#144 = LINE('',#145,#146);
#145 = CARTESIAN_POINT('',(6.4125,-1.57E-15,-7.));
#146 = VECTOR('',#147,1.);
#147 = DIRECTION('',(0.,0.,1.));
#148 = ORIENTED_EDGE('',*,*,#30,.F.);
#149 = CYLINDRICAL_SURFACE('',#150,6.4125);
#150 = AXIS2_PLACEMENT_3D('',#151,#152,#153);
#151 = CARTESIAN_POINT('',(0.,0.,-7.));
#152 = DIRECTION('',(-0.,-0.,-1.));
#153 = DIRECTION('',(1.,0.,0.));
#154 = ADVANCED_FACE('',(#155),#158,.F.);
#155 = FACE_BOUND('',#156,.T.);
#156 = EDGE_LOOP('',(#157));
#157 = ORIENTED_EDGE('',*,*,#21,.F.);
#158 = PLANE('',#159);
#159 = AXIS2_PLACEMENT_3D('',#160,#161,#162);
#160 = CARTESIAN_POINT('',(0.,0.,-7.));
#161 = DIRECTION('',(0.,0.,1.));
#162 = DIRECTION('',(1.,0.,0.));
#163 = ADVANCED_FACE('',(#164),#186,.T.);
#164 = FACE_BOUND('',#165,.T.);
#165 = EDGE_LOOP('',(#166,#167,#174,#181));
#166 = ORIENTED_EDGE('',*,*,#143,.F.);
#167 = ORIENTED_EDGE('',*,*,#168,.T.);
#168 = EDGE_CURVE('',#31,#169,#171,.T.);
#169 = VERTEX_POINT('',#170);
#170 = CARTESIAN_POINT('',(7.7625,0.,-6.125));
#171 = B_SPLINE_CURVE_WITH_KNOTS('',1,(#172,#173),.UNSPECIFIED.,.F.,.F.,
  (2,2),(0.,1.693553955444),.PIECEWISE_BEZIER_KNOTS.);
#172 = CARTESIAN_POINT('',(6.3125,1.78E-15,-7.));
#173 = CARTESIAN_POINT('',(7.7625,-8.9E-16,-6.125));
#174 = ORIENTED_EDGE('',*,*,#175,.T.);
#175 = EDGE_CURVE('',#169,#176,#178,.T.);
#176 = VERTEX_POINT('',#177);
#177 = CARTESIAN_POINT('',(7.7625,1.E-15,-5.875));
#178 = B_SPLINE_CURVE_WITH_KNOTS('',1,(#179,#180),.UNSPECIFIED.,.F.,.F.,
  (2,2),(0.,0.25),.PIECEWISE_BEZIER_KNOTS.);
#179 = CARTESIAN_POINT('',(7.7625,0.,-6.125));
#180 = CARTESIAN_POINT('',(7.7625,-1.78E-15,-5.875));
#181 = ORIENTED_EDGE('',*,*,#182,.T.);
#182 = EDGE_CURVE('',#176,#136,#183,.T.);
#183 = B_SPLINE_CURVE_WITH_KNOTS('',1,(#184,#185),.UNSPECIFIED.,.F.,.F.,
  (2,2),(0.,1.693553955444),.PIECEWISE_BEZIER_KNOTS.);
#184 = CARTESIAN_POINT('',(7.7625,8.9E-16,-5.875));
#185 = CARTESIAN_POINT('',(6.3125,1.78E-15,-5.));
#186 = PLANE('',#187);
#187 = AXIS2_PLACEMENT_3D('',#188,#189,#190);
#188 = CARTESIAN_POINT('',(6.812428913894,8.1E-16,-6.));
#189 = DIRECTION('',(-9.7E-16,-1.,-4.3E-16));
#190 = DIRECTION('',(-1.,9.7E-16,0.));
#191 = ADVANCED_FACE('',(#192),#390,.T.);
#192 = FACE_BOUND('',#193,.F.);
#193 = EDGE_LOOP('',(#194,#285,#286,#384));
#194 = ORIENTED_EDGE('',*,*,#195,.F.);
#195 = EDGE_CURVE('',#136,#196,#198,.T.);
#196 = VERTEX_POINT('',#197);
#197 = CARTESIAN_POINT('',(6.4125,-2.E-15,-2.751256651787));
#198 = B_SPLINE_CURVE_WITH_KNOTS('',8,(#199,#200,#201,#202,#203,#204,
    #205,#206,#207,#208,#209,#210,#211,#212,#213,#214,#215,#216,#217,
    #218,#219,#220,#221,#222,#223,#224,#225,#226,#227,#228,#229,#230,
    #231,#232,#233,#234,#235,#236,#237,#238,#239,#240,#241,#242,#243,
    #244,#245,#246,#247,#248,#249,#250,#251,#252,#253,#254,#255,#256,
    #257,#258,#259,#260,#261,#262,#263,#264,#265,#266,#267,#268,#269,
    #270,#271,#272,#273,#274,#275,#276,#277,#278,#279,#280,#281,#282,
    #283,#284),.UNSPECIFIED.,.F.,.F.,(9,7,7,7,7,7,7,7,7,7,7,7,9),(0.,
    7.030519800427E-02,0.135040451732,0.223567985083,0.326896452307,
    0.425847346194,0.521625973665,0.580838644675,0.65133240398,
    0.691740269335,0.780105669202,0.873154699451,1.),.UNSPECIFIED.);
#199 = CARTESIAN_POINT('',(6.4125,3.55E-15,-5.060344827586));
#200 = CARTESIAN_POINT('',(6.4125,0.354050221512,-5.040054051629));
#201 = CARTESIAN_POINT('',(6.390159395647,0.708122685763,-5.019763172806
    ));
#202 = CARTESIAN_POINT('',(6.34547346556,1.060539564423,-4.999472334424)
  );
#203 = CARTESIAN_POINT('',(6.278593793431,1.409655003616,-4.97918150896)
  );
#204 = CARTESIAN_POINT('',(6.189812350308,1.753853106993,-4.958890352361
    ));
#205 = CARTESIAN_POINT('',(6.079555964495,2.091548255969,-4.938598468161
    ));
#206 = CARTESIAN_POINT('',(5.948391179077,2.421187767131,-4.918306081417
    ));
#207 = CARTESIAN_POINT('',(5.657678684268,3.035968462368,-4.879331719046
    ));
#208 = CARTESIAN_POINT('',(5.501188433442,3.322596618115,-4.860647597165
    ));
#209 = CARTESIAN_POINT('',(5.328124170005,3.599959816508,-4.841964009165
    ));
#210 = CARTESIAN_POINT('',(5.139132950148,3.866942799555,-4.823280997865
    ));
#211 = CARTESIAN_POINT('',(4.934945057777,4.12249155381,-4.8045980041));
#212 = CARTESIAN_POINT('',(4.716370895097,4.365612159946,-4.785914471131
    ));
#213 = CARTESIAN_POINT('',(4.484303166837,4.595373526894,-4.767230445942
    ));
#214 = CARTESIAN_POINT('',(3.905255001797,5.105672527135,-4.722997209156
    ));
#215 = CARTESIAN_POINT('',(3.547311942382,5.373902886757,-4.697442936308
    ));
#216 = CARTESIAN_POINT('',(3.168426084737,5.613349730107,-4.67189002812)
  );
#217 = CARTESIAN_POINT('',(2.771320279255,5.822132765977,-4.646339054625
    ));
#218 = CARTESIAN_POINT('',(2.35887679834,5.998693070092,-4.620788044873)
  );
#219 = CARTESIAN_POINT('',(1.934122829677,6.141776839156,-4.595235043105
    ));
#220 = CARTESIAN_POINT('',(1.500233986263,6.250456600164,-4.569680662849
    ));
#221 = CARTESIAN_POINT('',(0.547367812439,6.41025062895,-4.514308902097)
  );
#222 = CARTESIAN_POINT('',(2.604875560314E-02,6.44874319143,
    -4.484479230458));
#223 = CARTESIAN_POINT('',(-0.498031746112,6.438721100635,
    -4.454653978149));
#224 = CARTESIAN_POINT('',(-1.01960240333,6.380048503635,-4.42483386829)
  );
#225 = CARTESIAN_POINT('',(-1.533481179107,6.273244851043,
    -4.395013782647));
#226 = CARTESIAN_POINT('',(-2.034582341255,6.119431534875,-4.36518857417
    ));
#227 = CARTESIAN_POINT('',(-2.517939616326,5.920380469559,
    -4.335358902465));
#228 = CARTESIAN_POINT('',(-3.420028955111,5.447189201754,
    -4.276978701026));
#229 = CARTESIAN_POINT('',(-3.840863928541,5.176465645383,
    -4.248412824058));
#230 = CARTESIAN_POINT('',(-4.237008514894,4.868678893966,
    -4.219849373871));
#231 = CARTESIAN_POINT('',(-4.604687371166,4.526505764642,
    -4.191289374591));
#232 = CARTESIAN_POINT('',(-4.940514473117,4.153021987449,
    -4.162729395246));
#233 = CARTESIAN_POINT('',(-5.241472825051,3.751665590181,
    -4.134165989483));
#234 = CARTESIAN_POINT('',(-5.504951068279,3.326256625402,
    -4.105600141628));
#235 = CARTESIAN_POINT('',(-5.945545350203,2.450161986631,
    -4.049398850932));
#236 = CARTESIAN_POINT('',(-6.125257588091,2.000528654055,
    -4.021750685298));
#237 = CARTESIAN_POINT('',(-6.266008712531,1.536015445672,
    -3.994105658237));
#238 = CARTESIAN_POINT('',(-6.366411258387,1.060580875891,
    -3.966464178417));
#239 = CARTESIAN_POINT('',(-6.425559141236,0.578273492355,
    -3.938822633973));
#240 = CARTESIAN_POINT('',(-6.442996766142,9.321683856004E-02,
    -3.911177428732));
#241 = CARTESIAN_POINT('',(-6.418753388747,-0.390394343566,
    -3.883529047829));
#242 = CARTESIAN_POINT('',(-6.313066094266,-1.163731301253,
    -3.838796644345));
#243 = CARTESIAN_POINT('',(-6.256986827576,-1.457039975805,
    -3.821706403495));
#244 = CARTESIAN_POINT('',(-6.18533812627,-1.747224770465,
    -3.804616251792));
#245 = CARTESIAN_POINT('',(-6.098327837728,-2.033321519278,
    -3.78752631839));
#246 = CARTESIAN_POINT('',(-5.996232774327,-2.31438853928,
    -3.770436389304));
#247 = CARTESIAN_POINT('',(-5.879396670049,-2.589506561183,
    -3.753346248568));
#248 = CARTESIAN_POINT('',(-5.748231778452,-2.857779866102,
    -3.736256011235));
#249 = CARTESIAN_POINT('',(-5.430589853757,-3.42853856282,-3.69882101328
    ));
#250 = CARTESIAN_POINT('',(-5.238317838663,-3.727836570543,
    -3.678474477074));
#251 = CARTESIAN_POINT('',(-5.027226719941,-4.014751393013,
    -3.658128627011));
#252 = CARTESIAN_POINT('',(-4.79825745445,-4.287907410509,
    -3.637783682545));
#253 = CARTESIAN_POINT('',(-4.552460223212,-4.546024801515,
    -3.617438684469));
#254 = CARTESIAN_POINT('',(-4.290989274477,-4.787916988685,
    -3.597092438807));
#255 = CARTESIAN_POINT('',(-4.01510568929,-5.012495371318,
    -3.576745015271));
#256 = CARTESIAN_POINT('',(-3.560577036902,-5.33702692956,
    -3.544737679918));
#257 = CARTESIAN_POINT('',(-3.390674384848,-5.449268465744,
    -3.533075639697));
#258 = CARTESIAN_POINT('',(-3.216737118989,-5.555322207174,
    -3.521413611719));
#259 = CARTESIAN_POINT('',(-3.039029617349,-5.655018910509,
    -3.509751528281));
#260 = CARTESIAN_POINT('',(-2.857823471287,-5.748203727227,
    -3.498089335967));
#261 = CARTESIAN_POINT('',(-2.673397326393,-5.83473609606,
    -3.486427009715));
#262 = CARTESIAN_POINT('',(-2.486036723366,-5.914489635427,
    -3.47476456689));
#263 = CARTESIAN_POINT('',(-1.880528891145,-6.146690201675,
    -3.437598130833));
#264 = CARTESIAN_POINT('',(-1.452322944243,-6.273098451642,
    -3.412090029654));
#265 = CARTESIAN_POINT('',(-1.014555603699,-6.365353801613,
    -3.386583858132));
#266 = CARTESIAN_POINT('',(-0.570415349927,-6.422647579915,
    -3.361080278381));
#267 = CARTESIAN_POINT('',(-0.123128468303,-6.4445245633,-3.335577046405
    ));
#268 = CARTESIAN_POINT('',(0.324048433415,-6.430863349774,
    -3.310071691918));
#269 = CARTESIAN_POINT('',(0.767832220272,-6.381897968332,
    -3.284564365894));
#270 = CARTESIAN_POINT('',(1.665161061557,-6.210231518951,
    -3.232205583513));
#271 = CARTESIAN_POINT('',(2.118143189108,-6.083727944669,
    -3.205345005116));
#272 = CARTESIAN_POINT('',(2.559977233552,-5.919487701906,
    -3.178486240771));
#273 = CARTESIAN_POINT('',(2.987006552231,-5.718697509077,-3.15162993379
    ));
#274 = CARTESIAN_POINT('',(3.395769375446,-5.482934653024,
    -3.124773499999));
#275 = CARTESIAN_POINT('',(3.782993194663,-5.214138631546,
    -3.097914402869));
#276 = CARTESIAN_POINT('',(4.145614510322,-4.914632889239,
    -3.071053454441));
#277 = CARTESIAN_POINT('',(4.937784539999,-4.140832525676,
    -3.007588731281));
#278 = CARTESIAN_POINT('',(5.34422748247,-3.64215165613,-2.970956176353)
  );
#279 = CARTESIAN_POINT('',(5.692660556646,-3.098240360379,
    -2.934337695344));
#280 = CARTESIAN_POINT('',(5.977437419625,-2.517106571113,-2.89772941325
    ));
#281 = CARTESIAN_POINT('',(6.194159380835,-1.907316552248,
    -2.861120697601));
#282 = CARTESIAN_POINT('',(6.339774527362,-1.278002202559,
    -2.824501255825));
#283 = CARTESIAN_POINT('',(6.412500000029,-0.638793773884,
    -2.787867438584));
#284 = CARTESIAN_POINT('',(6.4125,-1.78E-15,-2.751256651787));
#285 = ORIENTED_EDGE('',*,*,#135,.T.);
#286 = ORIENTED_EDGE('',*,*,#287,.T.);
#287 = EDGE_CURVE('',#39,#288,#290,.T.);
#288 = VERTEX_POINT('',#289);
#289 = CARTESIAN_POINT('',(6.4125,-2.E-15,-2.321473453649));
#290 = B_SPLINE_CURVE_WITH_KNOTS('',8,(#291,#292,#293,#294,#295,#296,
    #297,#298,#299,#300,#301,#302,#303,#304,#305,#306,#307,#308,#309,
    #310,#311,#312,#313,#314,#315,#316,#317,#318,#319,#320,#321,#322,
    #323,#324,#325,#326,#327,#328,#329,#330,#331,#332,#333,#334,#335,
    #336,#337,#338,#339,#340,#341,#342,#343,#344,#345,#346,#347,#348,
    #349,#350,#351,#352,#353,#354,#355,#356,#357,#358,#359,#360,#361,
    #362,#363,#364,#365,#366,#367,#368,#369,#370,#371,#372,#373,#374,
    #375,#376,#377,#378,#379,#380,#381,#382,#383),.UNSPECIFIED.,.F.,.F.,
  (9,7,7,7,7,7,7,7,7,7,7,7,7,9),(0.,8.123524100899E-02,0.166984095049,
    0.269416357435,0.330885930804,0.382482587682,0.434453207033,
    0.527016599724,0.622816245827,0.727369743026,0.815583886313,
    0.879344715927,0.9347838045,1.),.UNSPECIFIED.);
#291 = CARTESIAN_POINT('',(6.4125,0.,-4.630561566345));
#292 = CARTESIAN_POINT('',(6.4125,0.409105824429,-4.607116312621));
#293 = CARTESIAN_POINT('',(6.382671094745,0.818257971667,-4.583668707176
    ));
#294 = CARTESIAN_POINT('',(6.323002059414,1.224850250887,-4.560222389436
    ));
#295 = CARTESIAN_POINT('',(6.233766557283,1.626343288137,-4.536777462485
    ));
#296 = CARTESIAN_POINT('',(6.11548592459,2.020258594125,-4.513332304484)
  );
#297 = CARTESIAN_POINT('',(5.968916131732,2.40417893965,-4.489885353619)
  );
#298 = CARTESIAN_POINT('',(5.795058920798,2.775755038671,-4.466436866579
    ));
#299 = CARTESIAN_POINT('',(5.384230546048,3.509515735762,-4.418241709919
    ));
#300 = CARTESIAN_POINT('',(5.144234919008,3.870128544091,-4.393489023929
    ));
#301 = CARTESIAN_POINT('',(4.876698817841,4.211867045676,-4.368737534251
    ));
#302 = CARTESIAN_POINT('',(4.583379233613,4.532292603684,-4.343987807886
    ));
#303 = CARTESIAN_POINT('',(4.266261368458,4.829185168216,-4.319238190722
    ));
#304 = CARTESIAN_POINT('',(3.927542881228,5.100534763028,-4.294486979866
    ));
#305 = CARTESIAN_POINT('',(3.569642579259,5.344557153526,-4.269734614768
    ));
#306 = CARTESIAN_POINT('',(2.74797902773,5.816775265997,-4.215422014896)
  );
#307 = CARTESIAN_POINT('',(2.276966264724,6.032769389078,-4.185850316711
    ));
#308 = CARTESIAN_POINT('',(1.786775987646,6.205033600903,-4.156282639593
    ));
#309 = CARTESIAN_POINT('',(1.282173728359,6.3316501972,-4.126719174204)
  );
#310 = CARTESIAN_POINT('',(0.768065798442,6.411324787885,-4.09715493127)
  );
#311 = CARTESIAN_POINT('',(0.249475213877,6.443341044989,-4.067585618292
    ));
#312 = CARTESIAN_POINT('',(-0.268462423847,6.427611644463,
    -4.038012916543));
#313 = CARTESIAN_POINT('',(-1.087746555693,6.327147394367,
    -3.990707954935));
#314 = CARTESIAN_POINT('',(-1.392942994516,6.272515706565,
    -3.972965975038));
#315 = CARTESIAN_POINT('',(-1.694964397296,6.201063868891,
    -3.955226087442));
#316 = CARTESIAN_POINT('',(-1.992728445952,6.113013144892,
    -3.937484907658));
#317 = CARTESIAN_POINT('',(-2.285179586116,6.008664683967,
    -3.919742483986));
#318 = CARTESIAN_POINT('',(-2.571287781696,5.888397286157,
    -3.902000548513));
#319 = CARTESIAN_POINT('',(-2.850048580366,5.752669818823,
    -3.884258645711));
#320 = CARTESIAN_POINT('',(-3.347491094399,5.475580228801,
    -3.851625753425));
#321 = CARTESIAN_POINT('',(-3.568644270045,5.338617188155,
    -3.836733753667));
#322 = CARTESIAN_POINT('',(-3.783371843405,5.19145768321,-3.821841857789
    ));
#323 = CARTESIAN_POINT('',(-3.991125707017,5.034456422871,
    -3.806950060374));
#324 = CARTESIAN_POINT('',(-4.191384009375,4.868001035354,
    -3.792058175428));
#325 = CARTESIAN_POINT('',(-4.383650747899,4.692511108362,-3.77716604035
    ));
#326 = CARTESIAN_POINT('',(-4.567456393733,4.508438578944,
    -3.762273693339));
#327 = CARTESIAN_POINT('',(-4.918530366863,4.122707563062,
    -3.732381419578));
#328 = CARTESIAN_POINT('',(-5.085675581178,3.920924252318,
    -3.717380954701));
#329 = CARTESIAN_POINT('',(-5.243342484917,3.711415756203,-3.70238057433
    ));
#330 = CARTESIAN_POINT('',(-5.391116457258,3.49470363825,-3.687380364461
    ));
#331 = CARTESIAN_POINT('',(-5.528618892689,3.271333140691,
    -3.672380222413));
#332 = CARTESIAN_POINT('',(-5.655506611588,3.04187247379,-3.657380033004
    ));
#333 = CARTESIAN_POINT('',(-5.771472751685,2.806913063962,
    -3.642379850875));
#334 = CARTESIAN_POINT('',(-6.062863387654,2.139894452569,
    -3.600664439344));
#335 = CARTESIAN_POINT('',(-6.214022607902,1.697133398288,
    -3.573944278108));
#336 = CARTESIAN_POINT('',(-6.328149094323,1.242339348283,
    -3.547226785738));
#337 = CARTESIAN_POINT('',(-6.404168331051,0.779141313482,
    -3.520512288615));
#338 = CARTESIAN_POINT('',(-6.441429601632,0.311227902779,
    -3.493797715166));
#339 = CARTESIAN_POINT('',(-6.439680181111,-0.157663822115,
    -3.467080023485));
#340 = CARTESIAN_POINT('',(-6.399093111738,-0.623752974453,
    -3.440359600408));
#341 = CARTESIAN_POINT('',(-6.238850901586,-1.558736829542,
    -3.385993604902));
#342 = CARTESIAN_POINT('',(-6.116447286594,-2.027355923215,
    -3.358337182476));
#343 = CARTESIAN_POINT('',(-5.953838528374,-2.484808152913,
    -3.33068282075));
#344 = CARTESIAN_POINT('',(-5.752259625454,-2.927081448443,
    -3.303031413903));
#345 = CARTESIAN_POINT('',(-5.513386930618,-3.350377459396,
    -3.275380056947));
#346 = CARTESIAN_POINT('',(-5.239304241682,-3.751105230731,
    -3.247725822829));
#347 = CARTESIAN_POINT('',(-4.932527816241,-4.12590484494,
    -3.220069553965));
#348 = CARTESIAN_POINT('',(-4.228910271042,-4.849094914993,
    -3.162243228397));
#349 = CARTESIAN_POINT('',(-3.826205931094,-5.19214291773,
    -3.132058529094));
#350 = CARTESIAN_POINT('',(-3.391881227027,-5.496763902362,
    -3.101879221879));
#351 = CARTESIAN_POINT('',(-2.930266698587,-5.759619073565,
    -3.071704447527));
#352 = CARTESIAN_POINT('',(-2.446015477607,-5.977983526826,
    -3.041529543748));
#353 = CARTESIAN_POINT('',(-1.944069216031,-6.149699902922,
    -3.011349840882));
#354 = CARTESIAN_POINT('',(-1.429677030104,-6.273230518201,-2.9811646408
    ));
#355 = CARTESIAN_POINT('',(-0.46867999225,-6.410760832332,
    -2.925528162146));
#356 = CARTESIAN_POINT('',(-2.385663165689E-02,-6.438887896116,
    -2.900063485791));
#357 = CARTESIAN_POINT('',(0.422702323351,-6.431712136692,
    -2.874600140143));
#358 = CARTESIAN_POINT('',(0.867723588225,-6.389153052879,
    -2.849138788928));
#359 = CARTESIAN_POINT('',(1.307975943889,-6.311481379287,
    -2.823677530213));
#360 = CARTESIAN_POINT('',(1.740273435293,-6.199297954944,
    -2.798214397543));
#361 = CARTESIAN_POINT('',(2.161483639267,-6.053553119744,
    -2.772749896702));
#362 = CARTESIAN_POINT('',(2.86276043359,-5.746987634598,-2.728886961739
    ));
#363 = CARTESIAN_POINT('',(3.149631797475,-5.601525455589,-2.71048371066
    ));
#364 = CARTESIAN_POINT('',(3.428011564943,-5.439717068576,
    -2.692080906094));
#365 = CARTESIAN_POINT('',(3.696815570487,-5.26214745319,-2.67367855385)
  );
#366 = CARTESIAN_POINT('',(3.955014692881,-5.069481775572,
    -2.655276124733));
#367 = CARTESIAN_POINT('',(4.201633913834,-4.86246253244,-2.636873108206
    ));
#368 = CARTESIAN_POINT('',(4.435754753861,-4.641911665477,
    -2.618469579285));
#369 = CARTESIAN_POINT('',(4.848474111738,-4.205996320403,
    -2.584065818535));
#370 = CARTESIAN_POINT('',(5.030345067922,-3.993697069875,
    -2.568064249129));
#371 = CARTESIAN_POINT('',(5.201570460942,-3.772432829364,
    -2.552062752991));
#372 = CARTESIAN_POINT('',(5.36163674478,-3.54282999535,-2.536061481522)
  );
#373 = CARTESIAN_POINT('',(5.510077145828,-3.305545785369,
    -2.520060361844));
#374 = CARTESIAN_POINT('',(5.646470636997,-3.061267068644,
    -2.504059320431));
#375 = CARTESIAN_POINT('',(5.770443060496,-2.810710667822,
    -2.488058423513));
#376 = CARTESIAN_POINT('',(6.012513529251,-2.253376954599,
    -2.453235636456));
#377 = CARTESIAN_POINT('',(6.125729229049,-1.944455724923,
    -2.434412927403));
#378 = CARTESIAN_POINT('',(6.220782311881,-1.629085898441,
    -2.415588523824));
#379 = CARTESIAN_POINT('',(6.29725260442,-1.308515505983,-2.396764759354
    ));
#380 = CARTESIAN_POINT('',(6.354821909842,-0.984018416589,
    -2.377942836282));
#381 = CARTESIAN_POINT('',(6.393275068511,-0.656886934546,-2.35911936329
    ));
#382 = CARTESIAN_POINT('',(6.4125,-0.328435591145,-2.34029605445));
#383 = CARTESIAN_POINT('',(6.4125,1.78E-15,-2.321473453649));
#384 = ORIENTED_EDGE('',*,*,#385,.F.);
#385 = EDGE_CURVE('',#196,#288,#386,.T.);
#386 = LINE('',#387,#388);
#387 = CARTESIAN_POINT('',(6.4125,-1.57E-15,-7.));
#388 = VECTOR('',#389,1.);
#389 = DIRECTION('',(0.,0.,1.));
#390 = CYLINDRICAL_SURFACE('',#391,6.4125);
#391 = AXIS2_PLACEMENT_3D('',#392,#393,#394);
#392 = CARTESIAN_POINT('',(0.,0.,-7.));
#393 = DIRECTION('',(-0.,-0.,-1.));
#394 = DIRECTION('',(1.,0.,0.));
#395 = ADVANCED_FACE('',(#396),#487,.F.);
#396 = FACE_BOUND('',#397,.F.);
#397 = EDGE_LOOP('',(#398,#399,#400,#439,#446,#486));
#398 = ORIENTED_EDGE('',*,*,#38,.F.);
#399 = ORIENTED_EDGE('',*,*,#168,.T.);
#400 = ORIENTED_EDGE('',*,*,#401,.T.);
#401 = EDGE_CURVE('',#169,#402,#404,.T.);
#402 = VERTEX_POINT('',#403);
#403 = CARTESIAN_POINT('',(-6.324833002729,-4.500321514911,
    -0.125000000016));
#404 = B_SPLINE_CURVE_WITH_KNOTS('',9,(#405,#406,#407,#408,#409,#410,
    #411,#412,#413,#414,#415,#416,#417,#418,#419,#420,#421,#422,#423,
    #424,#425,#426,#427,#428,#429,#430,#431,#432,#433,#434,#435,#436,
    #437,#438),.UNSPECIFIED.,.F.,.F.,(10,8,8,8,10),(0.,4.089245904526,
    8.178491809052,12.267737713578,16.356983618104),.UNSPECIFIED.);
#405 = CARTESIAN_POINT('',(7.7625,-8.9E-16,-6.125));
#406 = CARTESIAN_POINT('',(7.762499999985,3.520377201018,-5.958333333519
    ));
#407 = CARTESIAN_POINT('',(5.966282634991,7.041104090919,-5.791666665939
    ));
#408 = CARTESIAN_POINT('',(2.374805714851,9.511886399569,-5.625000001714
    ));
#409 = CARTESIAN_POINT('',(-2.302940213129,9.898330267463,
    -5.458333330783));
#410 = CARTESIAN_POINT('',(-6.635261796689,7.697647472073,
    -5.291666669277));
#411 = CARTESIAN_POINT('',(-9.082048026409,3.692165855652,
    -5.124999998218));
#412 = CARTESIAN_POINT('',(-9.204939967697,-0.665398745408,
    -4.958333334133));
#413 = CARTESIAN_POINT('',(-7.421121476088,-4.192423872266,
    -4.791666666491));
#414 = CARTESIAN_POINT('',(-1.735286195881,-8.344953187736,
    -4.458333333521));
#415 = CARTESIAN_POINT('',(2.167295382584,-8.970869858874,
    -4.291666665954));
#416 = CARTESIAN_POINT('',(6.280799811651,-7.527764527828,
    -4.125000001568));
#417 = CARTESIAN_POINT('',(9.35173966273,-3.978120283618,-3.95833333118)
  );
#418 = CARTESIAN_POINT('',(10.129692164407,0.818420654983,
    -3.791666668683));
#419 = CARTESIAN_POINT('',(8.338100465506,5.156720439062,-3.624999998774
    ));
#420 = CARTESIAN_POINT('',(4.891583122303,7.825988107406,-3.458333333803
    ));
#421 = CARTESIAN_POINT('',(0.991228002335,8.465632222983,-3.291666666608
    ));
#422 = CARTESIAN_POINT('',(-5.715609457355,6.323074443509,
    -2.958333333364));
#423 = CARTESIAN_POINT('',(-8.522758006225,3.540659722195,
    -2.791666666603));
#424 = CARTESIAN_POINT('',(-9.783445145463,-0.632365513659,-2.6250000003
    ));
#425 = CARTESIAN_POINT('',(-8.728085976355,-5.205861206827,
    -2.458333332687));
#426 = CARTESIAN_POINT('',(-5.313413378509,-8.663031454399,
    -2.291666667555));
#427 = CARTESIAN_POINT('',(-0.753320356559,-9.774875625847,
    -2.124999999257));
#428 = CARTESIAN_POINT('',(3.434978070256,-8.565897556967,
    -1.958333333744));
#429 = CARTESIAN_POINT('',(6.251899229989,-5.793377072621,
    -1.791666666554));
#430 = CARTESIAN_POINT('',(8.477244364704,0.886447893714,-1.458333333486
    ));
#431 = CARTESIAN_POINT('',(7.88588938956,4.794415901411,-1.291666666001)
  );
#432 = CARTESIAN_POINT('',(5.259452966432,8.273683554173,-1.125000001573
    ));
#433 = CARTESIAN_POINT('',(0.943643705189,10.118795000788,
    -0.958333331036));
#434 = CARTESIAN_POINT('',(-3.862152193391,9.400226388175,
    -0.791666668967));
#435 = CARTESIAN_POINT('',(-7.449506804785,6.373423995431,-0.62499999847
    ));
#436 = CARTESIAN_POINT('',(-8.943378234088,2.278082759968,
    -0.458333334009));
#437 = CARTESIAN_POINT('',(-8.365777190607,-1.631941752857,
    -0.291666666514));
#438 = CARTESIAN_POINT('',(-6.324833002729,-4.500321514911,
    -0.125000000016));
#439 = ORIENTED_EDGE('',*,*,#440,.F.);
#440 = EDGE_CURVE('',#441,#402,#443,.T.);
#441 = VERTEX_POINT('',#442);
#442 = CARTESIAN_POINT('',(-5.224862045734,-3.717656903622,
    -0.939655172409));
#443 = B_SPLINE_CURVE_WITH_KNOTS('',1,(#444,#445),.UNSPECIFIED.,.F.,.F.,
  (2,2),(0.,1.693553955444),.PIECEWISE_BEZIER_KNOTS.);
#444 = CARTESIAN_POINT('',(-5.143382715577,-3.659681747223,-1.));
#445 = CARTESIAN_POINT('',(-6.324833002729,-4.500321514911,
    -0.125000000016));
#446 = ORIENTED_EDGE('',*,*,#447,.F.);
#447 = EDGE_CURVE('',#288,#441,#448,.T.);
#448 = B_SPLINE_CURVE_WITH_KNOTS('',6,(#449,#450,#451,#452,#453,#454,
    #455,#456,#457,#458,#459,#460,#461,#462,#463,#464,#465,#466,#467,
    #468,#469,#470,#471,#472,#473,#474,#475,#476,#477,#478,#479,#480,
    #481,#482,#483,#484,#485),.UNSPECIFIED.,.F.,.F.,(7,5,5,5,5,5,5,7),(
    0.,0.134773476421,0.297120271947,0.457775447248,0.630667806637,
    0.780103912369,0.886405980943,1.),.UNSPECIFIED.);
#449 = CARTESIAN_POINT('',(6.4125,1.78E-15,-2.321473453649));
#450 = CARTESIAN_POINT('',(6.4125,0.541553190685,-2.290437111075));
#451 = CARTESIAN_POINT('',(6.357617046103,1.083189117953,-2.259395851569
    ));
#452 = CARTESIAN_POINT('',(6.247821281247,1.617769962295,-2.228359131575
    ));
#453 = CARTESIAN_POINT('',(6.084372541845,2.138458399143,-2.197322130919
    ));
#454 = CARTESIAN_POINT('',(5.869487636867,2.63866467346,-2.166280237543)
  );
#455 = CARTESIAN_POINT('',(5.290053539337,3.682533124028,-2.09785719323)
  );
#456 = CARTESIAN_POINT('',(4.903719004147,4.21443599343,-2.060459938976)
  );
#457 = CARTESIAN_POINT('',(4.4537030279,4.696788874142,-2.023077465973)
  );
#458 = CARTESIAN_POINT('',(3.948138056249,5.120560369667,-1.985694857615
    ));
#459 = CARTESIAN_POINT('',(3.396472756313,5.478110008788,-1.948297329235
    ));
#460 = CARTESIAN_POINT('',(2.229831489215,6.046879003819,-1.873913320522
    ));
#461 = CARTESIAN_POINT('',(1.615212602354,6.25976108672,-1.836903995282)
  );
#462 = CARTESIAN_POINT('',(0.977192987288,6.397197860252,-1.799906660974
    ));
#463 = CARTESIAN_POINT('',(0.327238515987,6.456503368861,-1.762909517215
    ));
#464 = CARTESIAN_POINT('',(-0.322905890418,6.436818005082,
    -1.725900532828));
#465 = CARTESIAN_POINT('',(-1.648041480312,6.23592476641,-1.649088737772
    ));
#466 = CARTESIAN_POINT('',(-2.321661558474,6.042450362154,
    -1.609259045449));
#467 = CARTESIAN_POINT('',(-2.966850926194,5.761804451089,
    -1.569449194254));
#468 = CARTESIAN_POINT('',(-3.570059131416,5.399629311421,
    -1.529639129678));
#469 = CARTESIAN_POINT('',(-4.118823585103,4.963677154865,
    -1.489809066935));
#470 = CARTESIAN_POINT('',(-5.020671940899,4.034052012772,
    -1.415580525769));
#471 = CARTESIAN_POINT('',(-5.390449106406,3.555981409982,
    -1.381158492643));
#472 = CARTESIAN_POINT('',(-5.705036722853,3.03781638186,-1.346744866879
    ));
#473 = CARTESIAN_POINT('',(-5.959360343022,2.487562646023,
    -1.312331527331));
#474 = CARTESIAN_POINT('',(-6.149611177474,1.913898235384,
    -1.277909960527));
#475 = CARTESIAN_POINT('',(-6.362172594832,0.908500204795,
    -1.219016583497));
#476 = CARTESIAN_POINT('',(-6.417127232539,0.483501395901,
    -1.194535333811));
#477 = CARTESIAN_POINT('',(-6.437957145236,5.480617319326E-02,
    -1.170055925237));
#478 = CARTESIAN_POINT('',(-6.424428711901,-0.374181745109,
    -1.145576376672));
#479 = CARTESIAN_POINT('',(-6.376717370954,-0.800054829714,
    -1.121094762731));
#480 = CARTESIAN_POINT('',(-6.208691237648,-1.667529757954,
    -1.070454821411));
#481 = CARTESIAN_POINT('',(-6.083607770867,-2.108272806407,
    -1.044292830707));
#482 = CARTESIAN_POINT('',(-5.921035505377,-2.537469834144,
    -1.018133213647));
#483 = CARTESIAN_POINT('',(-5.722370469077,-2.951198197494,
    -0.991973937797));
#484 = CARTESIAN_POINT('',(-5.489490391458,-3.345743455005,
    -0.965814598883));
#485 = CARTESIAN_POINT('',(-5.224862045734,-3.717656903622,
    -0.939655172409));
#486 = ORIENTED_EDGE('',*,*,#287,.F.);
#487 = B_SPLINE_SURFACE_WITH_KNOTS('',1,9,(
    (#488,#489,#490,#491,#492,#493,#494,#495,#496,#497,#498,#499,#500
      ,#501,#502,#503,#504,#505,#506,#507,#508,#509,#510,#511,#512,#513
      ,#514,#515,#516,#517,#518,#519,#520,#521)
    ,(#522,#523,#524,#525,#526,#527,#528,#529,#530,#531,#532,#533,#534
      ,#535,#536,#537,#538,#539,#540,#541,#542,#543,#544,#545,#546,#547
      ,#548,#549,#550,#551,#552,#553,#554,#555
  )),.UNSPECIFIED.,.F.,.F.,.F.,(2,2),(10,8,8,8,10),(0.,1.693553955444),(
    0.,4.089245904526,8.178491809052,12.267737713578,16.356983618104),
  .UNSPECIFIED.);
#488 = CARTESIAN_POINT('',(6.3125,1.78E-15,-7.));
#489 = CARTESIAN_POINT('',(6.312499999871,2.862786612643,-6.833333333333
    ));
#490 = CARTESIAN_POINT('',(4.851807940279,5.725857594331,-6.666666666667
    ));
#491 = CARTESIAN_POINT('',(1.931202714225,7.735108907571,-6.499999999999
    ));
#492 = CARTESIAN_POINT('',(-1.87276136405,8.049366803557,-6.333333333335
    ));
#493 = CARTESIAN_POINT('',(-5.395824811187,6.259761632479,
    -6.166666666665));
#494 = CARTESIAN_POINT('',(-7.385562404402,3.002485920501,
    -6.000000000001));
#495 = CARTESIAN_POINT('',(-7.485498685558,-0.54110525947,
    -5.833333333333));
#496 = CARTESIAN_POINT('',(-6.034889445118,-3.409297996108,
    -5.666666666667));
#497 = CARTESIAN_POINT('',(-1.411142558654,-6.786153558314,
    -5.333333333333));
#498 = CARTESIAN_POINT('',(1.762454377113,-7.29515181811,-5.166666666666
    ));
#499 = CARTESIAN_POINT('',(5.107574726272,-6.121612054716,
    -5.000000000002));
#500 = CARTESIAN_POINT('',(7.604876858823,-3.23502535239,-4.833333333328
    ));
#501 = CARTESIAN_POINT('',(8.237511342214,0.665543367376,-4.666666666673
    ));
#502 = CARTESIAN_POINT('',(6.780580893148,4.193468311789,-4.499999999994
    ));
#503 = CARTESIAN_POINT('',(3.977857450867,6.364128815174,-4.333333333337
    ));
#504 = CARTESIAN_POINT('',(0.806071080713,6.88429029406,-4.166666666666)
  );
#505 = CARTESIAN_POINT('',(-4.647959381505,5.141952647306,
    -3.833333333335));
#506 = CARTESIAN_POINT('',(-6.930745238757,2.879280450367,
    -3.666666666661));
#507 = CARTESIAN_POINT('',(-7.955941704183,-0.514242486949,
    -3.500000000011));
#508 = CARTESIAN_POINT('',(-7.097718869706,-4.233429805687,
    -3.333333333319));
#509 = CARTESIAN_POINT('',(-4.320891717099,-7.044816239452,
    -3.166666666679));
#510 = CARTESIAN_POINT('',(-0.612603510152,-7.948972932062,
    -2.999999999994));
#511 = CARTESIAN_POINT('',(2.793339654269,-6.965826515946,
    -2.833333333335));
#512 = CARTESIAN_POINT('',(5.084072642835,-4.711200356897,
    -2.666666666666));
#513 = CARTESIAN_POINT('',(6.89373333994,0.720863423975,-2.333333333333)
  );
#514 = CARTESIAN_POINT('',(6.412840808365,3.89884062849,-2.166666666666)
  );
#515 = CARTESIAN_POINT('',(4.277010865608,6.728196771055,-2.));
#516 = CARTESIAN_POINT('',(0.767375316708,8.228649718513,-1.833333333333
    ));
#517 = CARTESIAN_POINT('',(-3.140719578129,7.644306483836,
    -1.666666666667));
#518 = CARTESIAN_POINT('',(-6.057972522231,5.182897129193,-1.5));
#519 = CARTESIAN_POINT('',(-7.272795504342,1.852547172396,
    -1.333333333333));
#520 = CARTESIAN_POINT('',(-6.803087731518,-1.327102391745,
    -1.166666666667));
#521 = CARTESIAN_POINT('',(-5.143382715577,-3.659681747223,-1.));
#522 = CARTESIAN_POINT('',(7.7625,-8.9E-16,-6.125));
#523 = CARTESIAN_POINT('',(7.762499999985,3.520377201018,-5.958333333519
    ));
#524 = CARTESIAN_POINT('',(5.966282634991,7.041104090919,-5.791666665939
    ));
#525 = CARTESIAN_POINT('',(2.374805714851,9.511886399569,-5.625000001714
    ));
#526 = CARTESIAN_POINT('',(-2.302940213129,9.898330267463,
    -5.458333330783));
#527 = CARTESIAN_POINT('',(-6.635261796689,7.697647472073,
    -5.291666669277));
#528 = CARTESIAN_POINT('',(-9.082048026409,3.692165855652,
    -5.124999998218));
#529 = CARTESIAN_POINT('',(-9.204939967697,-0.665398745408,
    -4.958333334133));
#530 = CARTESIAN_POINT('',(-7.421121476088,-4.192423872266,
    -4.791666666491));
#531 = CARTESIAN_POINT('',(-1.735286195881,-8.344953187736,
    -4.458333333521));
#532 = CARTESIAN_POINT('',(2.167295382584,-8.970869858874,
    -4.291666665954));
#533 = CARTESIAN_POINT('',(6.280799811651,-7.527764527828,
    -4.125000001568));
#534 = CARTESIAN_POINT('',(9.35173966273,-3.978120283618,-3.95833333118)
  );
#535 = CARTESIAN_POINT('',(10.129692164407,0.818420654983,
    -3.791666668683));
#536 = CARTESIAN_POINT('',(8.338100465506,5.156720439062,-3.624999998774
    ));
#537 = CARTESIAN_POINT('',(4.891583122303,7.825988107406,-3.458333333803
    ));
#538 = CARTESIAN_POINT('',(0.991228002335,8.465632222983,-3.291666666608
    ));
#539 = CARTESIAN_POINT('',(-5.715609457355,6.323074443509,
    -2.958333333364));
#540 = CARTESIAN_POINT('',(-8.522758006225,3.540659722195,
    -2.791666666603));
#541 = CARTESIAN_POINT('',(-9.783445145463,-0.632365513659,-2.6250000003
    ));
#542 = CARTESIAN_POINT('',(-8.728085976355,-5.205861206827,
    -2.458333332687));
#543 = CARTESIAN_POINT('',(-5.313413378509,-8.663031454399,
    -2.291666667555));
#544 = CARTESIAN_POINT('',(-0.753320356559,-9.774875625847,
    -2.124999999257));
#545 = CARTESIAN_POINT('',(3.434978070256,-8.565897556967,
    -1.958333333744));
#546 = CARTESIAN_POINT('',(6.251899229989,-5.793377072621,
    -1.791666666554));
#547 = CARTESIAN_POINT('',(8.477244364704,0.886447893714,-1.458333333486
    ));
#548 = CARTESIAN_POINT('',(7.88588938956,4.794415901411,-1.291666666001)
  );
#549 = CARTESIAN_POINT('',(5.259452966432,8.273683554173,-1.125000001573
    ));
#550 = CARTESIAN_POINT('',(0.943643705189,10.118795000788,
    -0.958333331036));
#551 = CARTESIAN_POINT('',(-3.862152193391,9.400226388175,
    -0.791666668967));
#552 = CARTESIAN_POINT('',(-7.449506804785,6.373423995431,-0.62499999847
    ));
#553 = CARTESIAN_POINT('',(-8.943378234088,2.278082759968,
    -0.458333334009));
#554 = CARTESIAN_POINT('',(-8.365777190607,-1.631941752857,
    -0.291666666514));
#555 = CARTESIAN_POINT('',(-6.324833002729,-4.500321514911,
    -0.125000000016));
#556 = ADVANCED_FACE('',(#557),#735,.F.);
#557 = FACE_BOUND('',#558,.F.);
#558 = EDGE_LOOP('',(#559,#598,#599,#600,#672,#700));
#559 = ORIENTED_EDGE('',*,*,#560,.F.);
#560 = EDGE_CURVE('',#176,#561,#563,.T.);
#561 = VERTEX_POINT('',#562);
#562 = CARTESIAN_POINT('',(-7.463851065103,-2.13244523443,0.));
#563 = B_SPLINE_CURVE_WITH_KNOTS('',9,(#564,#565,#566,#567,#568,#569,
    #570,#571,#572,#573,#574,#575,#576,#577,#578,#579,#580,#581,#582,
    #583,#584,#585,#586,#587,#588,#589,#590,#591,#592,#593,#594,#595,
    #596,#597),.UNSPECIFIED.,.F.,.F.,(10,8,8,8,10),(0.,4.089245904526,
    8.178491809052,12.267737713578,16.356983618104),.UNSPECIFIED.);
#564 = CARTESIAN_POINT('',(7.7625,-1.78E-15,-5.875));
#565 = CARTESIAN_POINT('',(7.762500000018,3.520377201019,-5.708333333519
    ));
#566 = CARTESIAN_POINT('',(5.966282634895,7.041104090934,-5.541666665938
    ));
#567 = CARTESIAN_POINT('',(2.374805715002,9.511886399501,-5.375000001714
    ));
#568 = CARTESIAN_POINT('',(-2.302940213248,9.898330267621,
    -5.208333330782));
#569 = CARTESIAN_POINT('',(-6.635261796673,7.697647471862,
    -5.041666669278));
#570 = CARTESIAN_POINT('',(-9.082048026355,3.692165855835,
    -4.874999998217));
#571 = CARTESIAN_POINT('',(-9.204939967752,-0.665398745504,
    -4.708333334133));
#572 = CARTESIAN_POINT('',(-7.42112147607,-4.192423872241,
    -4.541666666491));
#573 = CARTESIAN_POINT('',(-1.735286195899,-8.344953187763,
    -4.208333333521));
#574 = CARTESIAN_POINT('',(2.167295382655,-8.970869858794,
    -4.041666665954));
#575 = CARTESIAN_POINT('',(6.280799811512,-7.527764527955,
    -3.875000001568));
#576 = CARTESIAN_POINT('',(9.351739662911,-3.978120283523,-3.70833333118
    ));
#577 = CARTESIAN_POINT('',(10.129692164259,0.818420654976,
    -3.541666668683));
#578 = CARTESIAN_POINT('',(8.338100465591,5.156720439011,-3.374999998774
    ));
#579 = CARTESIAN_POINT('',(4.891583122277,7.825988107451,-3.208333333803
    ));
#580 = CARTESIAN_POINT('',(0.991228002339,8.465632222973,-3.041666666608
    ));
#581 = CARTESIAN_POINT('',(-5.715609457357,6.323074443513,
    -2.708333333364));
#582 = CARTESIAN_POINT('',(-8.522758006236,3.540659722201,
    -2.541666666603));
#583 = CARTESIAN_POINT('',(-9.783445145421,-0.632365513682,
    -2.375000000301));
#584 = CARTESIAN_POINT('',(-8.728085976455,-5.205861206785,
    -2.208333332687));
#585 = CARTESIAN_POINT('',(-5.313413378376,-8.663031454452,
    -2.041666667556));
#586 = CARTESIAN_POINT('',(-0.753320356675,-9.774875625809,
    -1.874999999256));
#587 = CARTESIAN_POINT('',(3.434978070319,-8.565897556988,
    -1.708333333745));
#588 = CARTESIAN_POINT('',(6.251899229971,-5.793377072616,
    -1.541666666554));
#589 = CARTESIAN_POINT('',(8.477244364729,0.886447893706,-1.208333333486
    ));
#590 = CARTESIAN_POINT('',(7.885889389479,4.794415901452,-1.041666666001
    ));
#591 = CARTESIAN_POINT('',(5.25945296656,8.273683554073,-0.875000001573)
  );
#592 = CARTESIAN_POINT('',(0.943643705102,10.118795000953,
    -0.708333331036));
#593 = CARTESIAN_POINT('',(-3.862152193406,9.400226388001,
    -0.541666668967));
#594 = CARTESIAN_POINT('',(-7.449506804707,6.373423995561,-0.37499999847
    ));
#595 = CARTESIAN_POINT('',(-8.943378234155,2.278082759907,
    -0.208333334009));
#596 = CARTESIAN_POINT('',(-8.365777190585,-1.631941752841,
    -4.166666651414E-02));
#597 = CARTESIAN_POINT('',(-6.324833002731,-4.500321514913,
    0.124999999984));
#598 = ORIENTED_EDGE('',*,*,#182,.T.);
#599 = ORIENTED_EDGE('',*,*,#195,.T.);
#600 = ORIENTED_EDGE('',*,*,#601,.T.);
#601 = EDGE_CURVE('',#196,#602,#604,.T.);
#602 = VERTEX_POINT('',#603);
#603 = CARTESIAN_POINT('',(6.4125,-2.E-15,-0.442163979901));
#604 = B_SPLINE_CURVE_WITH_KNOTS('',6,(#605,#606,#607,#608,#609,#610,
    #611,#612,#613,#614,#615,#616,#617,#618,#619,#620,#621,#622,#623,
    #624,#625,#626,#627,#628,#629,#630,#631,#632,#633,#634,#635,#636,
    #637,#638,#639,#640,#641,#642,#643,#644,#645,#646,#647,#648,#649,
    #650,#651,#652,#653,#654,#655,#656,#657,#658,#659,#660,#661,#662,
    #663,#664,#665,#666,#667,#668,#669,#670,#671),.UNSPECIFIED.,.F.,.F.,
  (7,5,5,5,5,5,5,5,5,5,5,5,5,7),(0.,7.507941861146E-02,0.171357971532,
    0.230655082444,0.301969738454,0.340785137829,0.430037523437,
    0.522676893322,0.625865585078,0.726041832795,0.821174886576,
    0.879532630312,0.950935564862,1.),.UNSPECIFIED.);
#605 = CARTESIAN_POINT('',(6.4125,-8.9E-16,-2.751256651787));
#606 = CARTESIAN_POINT('',(6.4125,0.504141697528,-2.722363094957));
#607 = CARTESIAN_POINT('',(6.364938012532,1.008341751076,-2.693465779215
    ));
#608 = CARTESIAN_POINT('',(6.269794284518,1.506861625128,-2.664572080739
    ));
#609 = CARTESIAN_POINT('',(6.128006993415,1.994171199101,-2.635678698187
    ));
#610 = CARTESIAN_POINT('',(5.941253521604,2.464918295917,-2.60678214288)
  );
#611 = CARTESIAN_POINT('',(5.418377498443,3.489884046735,-2.540838785828
    ));
#612 = CARTESIAN_POINT('',(5.054834943519,4.030402092865,-2.503777990887
    ));
#613 = CARTESIAN_POINT('',(4.627035436723,4.52457942962,-2.466731259723)
  );
#614 = CARTESIAN_POINT('',(4.142559952493,4.96333589935,-2.429684428234)
  );
#615 = CARTESIAN_POINT('',(3.610312600839,5.338889992907,-2.392623139011
    ));
#616 = CARTESIAN_POINT('',(2.690610805777,5.834321406695,-2.332753300429
    ));
#617 = CARTESIAN_POINT('',(2.325983373881,5.997043073556,-2.309932754811
    ));
#618 = CARTESIAN_POINT('',(1.949735295802,6.132320494768,-2.287113152139
    ));
#619 = CARTESIAN_POINT('',(1.564448558265,6.239168545122,-2.264293553433
    ));
#620 = CARTESIAN_POINT('',(1.172799631125,6.316900684746,-2.241473048892
    ));
#621 = CARTESIAN_POINT('',(0.302242039786,6.423248010581,-2.191209880221
    ));
#622 = CARTESIAN_POINT('',(-0.178335716028,6.438724679226,-2.16376377417
    ));
#623 = CARTESIAN_POINT('',(-0.659292356811,6.411002080711,
    -2.136320837379));
#624 = CARTESIAN_POINT('',(-1.135824560797,6.340258576654,
    -2.108878384468));
#625 = CARTESIAN_POINT('',(-1.603192661832,6.227297939381,
    -2.081430367161));
#626 = CARTESIAN_POINT('',(-2.303623194657,5.990109207381,
    -2.039049805752));
#627 = CARTESIAN_POINT('',(-2.546417147147,5.894469567944,
    -2.024112940501));
#628 = CARTESIAN_POINT('',(-2.784396785162,5.787038385787,-2.00917604433
    ));
#629 = CARTESIAN_POINT('',(-3.016849581711,5.668123814484,
    -1.994238930925));
#630 = CARTESIAN_POINT('',(-3.243091847842,5.538090250371,
    -1.979301555743));
#631 = CARTESIAN_POINT('',(-3.966906147504,5.073754753219,
    -1.930016901263));
#632 = CARTESIAN_POINT('',(-4.435163430086,4.693505843375,
    -1.895661486877));
#633 = CARTESIAN_POINT('',(-4.859023896329,4.261818738301,
    -1.861315793819));
#634 = CARTESIAN_POINT('',(-5.231757952138,3.785286134079,
    -1.826971199086));
#635 = CARTESIAN_POINT('',(-5.547703141979,3.27144000081,-1.792617103398
    ));
#636 = CARTESIAN_POINT('',(-6.067507346648,2.166209081621,
    -1.722620326531));
#637 = CARTESIAN_POINT('',(-6.266789947763,1.572341192154,
    -1.686960765666));
#638 = CARTESIAN_POINT('',(-6.395914038095,0.957348285096,
    -1.651310960736));
#639 = CARTESIAN_POINT('',(-6.452522193926,0.331499767372,
    -1.615660868796));
#640 = CARTESIAN_POINT('',(-6.435856832963,-0.294700419253,
    -1.580000355799));
#641 = CARTESIAN_POINT('',(-6.249162186952,-1.596313910697,
    -1.504640840245));
#642 = CARTESIAN_POINT('',(-6.061813834666,-2.269702639298,
    -1.464916549597));
#643 = CARTESIAN_POINT('',(-5.787526932065,-2.915546670016,
    -1.425211913484));
#644 = CARTESIAN_POINT('',(-5.431780958591,-3.520354200297,
    -1.385507383902));
#645 = CARTESIAN_POINT('',(-5.002155576476,-4.071693263115,
    -1.345783142787));
#646 = CARTESIAN_POINT('',(-4.031324119648,-5.032002620587,
    -1.267523092174));
#647 = CARTESIAN_POINT('',(-3.493379044248,-5.445018298784,
    -1.228957890104));
#648 = CARTESIAN_POINT('',(-2.905504905906,-5.788172343111,
    -1.190407353941));
#649 = CARTESIAN_POINT('',(-2.27909538425,-6.054555668403,
    -1.151856915746));
#650 = CARTESIAN_POINT('',(-1.626494564147,-6.239161980687,
    -1.11329180409));
#651 = CARTESIAN_POINT('',(-0.329864058313,-6.435790985665,
    -1.038131756071));
#652 = CARTESIAN_POINT('',(0.313345649582,-6.456095536303,-1.00151255486
    ));
#653 = CARTESIAN_POINT('',(0.956499925598,-6.39907659454,-0.96490665378)
  );
#654 = CARTESIAN_POINT('',(1.588216151327,-6.265534766889,
    -0.928300590488));
#655 = CARTESIAN_POINT('',(2.197374965196,-6.058032557818,
    -0.891681020544));
#656 = CARTESIAN_POINT('',(3.12665175744,-5.61228630645,-0.832613634705)
  );
#657 = CARTESIAN_POINT('',(3.467553508367,-5.416896216063,
    -0.810154757389));
#658 = CARTESIAN_POINT('',(3.793633104129,-5.19674119697,-0.787696728282
    ));
#659 = CARTESIAN_POINT('',(4.102679467944,-4.953252826919,
    -0.765238678131));
#660 = CARTESIAN_POINT('',(4.392655095042,-4.688100854575,
    -0.742779794426));
#661 = CARTESIAN_POINT('',(4.990951775172,-4.054680168076,
    -0.692844377153));
#662 = CARTESIAN_POINT('',(5.288933981804,-3.67655720761,-0.665364372702
    ));
#663 = CARTESIAN_POINT('',(5.552281666306,-3.272432762515,
    -0.637887485843));
#664 = CARTESIAN_POINT('',(5.778278353351,-2.846294515359,
    -0.610411230862));
#665 = CARTESIAN_POINT('',(5.964751557605,-2.402451050182,
    -0.582929322568));
#666 = CARTESIAN_POINT('',(6.210180576027,-1.63167238143,-0.536570828719
    ));
#667 = CARTESIAN_POINT('',(6.290787917541,-1.311574673141,
    -0.517689983501));
#668 = CARTESIAN_POINT('',(6.351563379524,-0.986813179609,
    -0.498809059428));
#669 = CARTESIAN_POINT('',(6.392187401722,-0.658921923375,-0.47992764124
    ));
#670 = CARTESIAN_POINT('',(6.4125,-0.329458214426,-0.461045682133));
#671 = CARTESIAN_POINT('',(6.4125,-2.66E-15,-0.442163979901));
#672 = ORIENTED_EDGE('',*,*,#673,.T.);
#673 = EDGE_CURVE('',#602,#674,#676,.T.);
#674 = VERTEX_POINT('',#675);
#675 = CARTESIAN_POINT('',(2.304784403071,5.983992911918,6.97948058E-07)
  );
#676 = B_SPLINE_CURVE_WITH_KNOTS('',4,(#677,#678,#679,#680,#681,#682,
    #683,#684,#685,#686,#687,#688,#689,#690,#691,#692,#693,#694,#695,
    #696,#697,#698,#699),.UNSPECIFIED.,.F.,.F.,(5,3,3,3,3,3,3,5),(0.,
    0.132505211093,0.288211541549,0.461092686124,0.62784430787,
    0.787013871524,0.882566978236,1.),.UNSPECIFIED.);
#677 = CARTESIAN_POINT('',(6.4125,-2.66E-15,-0.442163979901));
#678 = CARTESIAN_POINT('',(6.412505220915,0.798652701686,-0.396390054212
    ));
#679 = CARTESIAN_POINT('',(6.279840405242,1.597506000752,-0.350616500955
    ));
#680 = CARTESIAN_POINT('',(6.01464569697,2.36264867047,-0.304845033081)
  );
#681 = CARTESIAN_POINT('',(5.184556178543,3.888633186003,-0.205282725849
    ));
#682 = CARTESIAN_POINT('',(4.574922658499,4.625873799896,-0.15149093018)
  );
#683 = CARTESIAN_POINT('',(3.830965249942,5.227313681635,
    -9.769852692969E-02));
#684 = CARTESIAN_POINT('',(2.080842378936,6.154377931998,
    1.581654105427E-02));
#685 = CARTESIAN_POINT('',(1.053603159016,6.442811222783,
    7.553831314239E-02));
#686 = CARTESIAN_POINT('',(-1.200460966769E-02,6.496624528295,
    0.135259735722));
#687 = CARTESIAN_POINT('',(-2.031964244303,6.164552125927,0.252592069401
    ));
#688 = CARTESIAN_POINT('',(-2.990245803489,5.793999687591,0.310202774544
    ));
#689 = CARTESIAN_POINT('',(-3.84744613588,5.227594195288,0.367813011595)
  );
#690 = CARTESIAN_POINT('',(-5.230179148265,3.832227817708,0.480406399514
    ));
#691 = CARTESIAN_POINT('',(-5.769797856666,3.015632451427,0.535389627471
    ));
#692 = CARTESIAN_POINT('',(-6.132193014952,2.106407681799,0.590373654236
    ));
#693 = CARTESIAN_POINT('',(-6.410613572512,0.596568669933,0.678367792948
    ));
#694 = CARTESIAN_POINT('',(-6.447239097982,1.764116178047E-02,
    0.711375941161));
#695 = CARTESIAN_POINT('',(-6.413782287486,-0.561477678371,
    0.744384062341));
#696 = CARTESIAN_POINT('',(-6.187882614215,-1.825181755874,
    0.817957616937));
#697 = CARTESIAN_POINT('',(-5.960744222322,-2.503725769473,
    0.858522181397));
#698 = CARTESIAN_POINT('',(-5.635218264584,-3.140938909425,
    0.899088680004));
#699 = CARTESIAN_POINT('',(-5.224862045734,-3.717656903622,
    0.939655172419));
#700 = ORIENTED_EDGE('',*,*,#701,.T.);
#701 = EDGE_CURVE('',#674,#561,#702,.T.);
#702 = B_SPLINE_CURVE_WITH_KNOTS('',7,(#703,#704,#705,#706,#707,#708,
    #709,#710,#711,#712,#713,#714,#715,#716,#717,#718,#719,#720,#721,
    #722,#723,#724,#725,#726,#727,#728,#729,#730,#731,#732,#733,#734),
  .UNSPECIFIED.,.F.,.F.,(8,6,6,6,6,8),(0.,0.200136065754,0.42838645186,
    0.691609997274,0.83946070193,1.),.UNSPECIFIED.);
#703 = CARTESIAN_POINT('',(3.201218735129,5.440580714667,0.));
#704 = CARTESIAN_POINT('',(2.813440238707,5.722143299519,0.));
#705 = CARTESIAN_POINT('',(2.400454079926,5.969316711408,0.));
#706 = CARTESIAN_POINT('',(1.966251355076,6.179672293913,0.));
#707 = CARTESIAN_POINT('',(1.514954879156,6.35147427118,0.));
#708 = CARTESIAN_POINT('',(1.050753021689,6.483541136358,0.));
#709 = CARTESIAN_POINT('',(0.577875594306,6.575206819273,0.));
#710 = CARTESIAN_POINT('',(-0.443696139499,6.68474528215,0.));
#711 = CARTESIAN_POINT('',(-0.993882954261,6.690460739871,0.));
#712 = CARTESIAN_POINT('',(-1.543615881196,6.643341217198,0.));
#713 = CARTESIAN_POINT('',(-2.086911636978,6.544191909716,0.));
#714 = CARTESIAN_POINT('',(-2.618112285413,6.39455628883,0.));
#715 = CARTESIAN_POINT('',(-3.131888106324,6.196648158938,0.));
#716 = CARTESIAN_POINT('',(-4.189937359809,5.67303028895,0.));
#717 = CARTESIAN_POINT('',(-4.727081374357,5.332255401008,0.));
#718 = CARTESIAN_POINT('',(-5.227058171745,4.935637248902,0.));
#719 = CARTESIAN_POINT('',(-5.683533121335,4.488688547142,0.));
#720 = CARTESIAN_POINT('',(-6.091178841935,3.99754851877,0.));
#721 = CARTESIAN_POINT('',(-6.445639720151,3.468952998299,0.));
#722 = CARTESIAN_POINT('',(-6.91111673871,2.59656779788,0.));
#723 = CARTESIAN_POINT('',(-7.060773981885,2.273262910258,0.));
#724 = CARTESIAN_POINT('',(-7.19210972093,1.941694249222,0.));
#725 = CARTESIAN_POINT('',(-7.304688765577,1.603149293524,0.));
#726 = CARTESIAN_POINT('',(-7.398187918892,1.258926426153,0.));
#727 = CARTESIAN_POINT('',(-7.472391010732,0.910332607465,0.));
#728 = CARTESIAN_POINT('',(-7.586697756453,0.176857174655,0.));
#729 = CARTESIAN_POINT('',(-7.623331614596,-0.208591685843,0.));
#730 = CARTESIAN_POINT('',(-7.636955613075,-0.595979057398,0.));
#731 = CARTESIAN_POINT('',(-7.627591268423,-0.983655430812,0.));
#732 = CARTESIAN_POINT('',(-7.595399879664,-1.370005786284,0.));
#733 = CARTESIAN_POINT('',(-7.540675451494,-1.753450318758,0.));
#734 = CARTESIAN_POINT('',(-7.463851065103,-2.13244523443,0.));
#735 = B_SPLINE_SURFACE_WITH_KNOTS('',1,9,(
    (#736,#737,#738,#739,#740,#741,#742,#743,#744,#745,#746,#747,#748
      ,#749,#750,#751,#752,#753,#754,#755,#756,#757,#758,#759,#760,#761
      ,#762,#763,#764,#765,#766,#767,#768,#769)
    ,(#770,#771,#772,#773,#774,#775,#776,#777,#778,#779,#780,#781,#782
      ,#783,#784,#785,#786,#787,#788,#789,#790,#791,#792,#793,#794,#795
      ,#796,#797,#798,#799,#800,#801,#802,#803
  )),.UNSPECIFIED.,.F.,.F.,.F.,(2,2),(10,8,8,8,10),(0.,1.693553955444),(
    0.,4.089245904526,8.178491809052,12.267737713578,16.356983618104),
  .UNSPECIFIED.);
#736 = CARTESIAN_POINT('',(7.7625,8.9E-16,-5.875));
#737 = CARTESIAN_POINT('',(7.762500000018,3.520377201019,-5.708333333519
    ));
#738 = CARTESIAN_POINT('',(5.966282634895,7.041104090935,-5.541666665938
    ));
#739 = CARTESIAN_POINT('',(2.374805715002,9.511886399501,-5.375000001714
    ));
#740 = CARTESIAN_POINT('',(-2.302940213249,9.898330267622,
    -5.208333330782));
#741 = CARTESIAN_POINT('',(-6.635261796672,7.697647471861,
    -5.041666669278));
#742 = CARTESIAN_POINT('',(-9.082048026355,3.692165855835,
    -4.874999998217));
#743 = CARTESIAN_POINT('',(-9.204939967752,-0.665398745504,
    -4.708333334133));
#744 = CARTESIAN_POINT('',(-7.42112147607,-4.192423872241,
    -4.541666666491));
#745 = CARTESIAN_POINT('',(-1.735286195899,-8.344953187763,
    -4.208333333521));
#746 = CARTESIAN_POINT('',(2.167295382654,-8.970869858794,
    -4.041666665954));
#747 = CARTESIAN_POINT('',(6.280799811513,-7.527764527955,
    -3.875000001568));
#748 = CARTESIAN_POINT('',(9.35173966291,-3.978120283523,-3.70833333118)
  );
#749 = CARTESIAN_POINT('',(10.129692164259,0.818420654976,
    -3.541666668683));
#750 = CARTESIAN_POINT('',(8.338100465591,5.156720439011,-3.374999998774
    ));
#751 = CARTESIAN_POINT('',(4.891583122277,7.825988107451,-3.208333333803
    ));
#752 = CARTESIAN_POINT('',(0.991228002339,8.465632222973,-3.041666666608
    ));
#753 = CARTESIAN_POINT('',(-5.715609457357,6.323074443513,
    -2.708333333364));
#754 = CARTESIAN_POINT('',(-8.522758006236,3.540659722201,
    -2.541666666603));
#755 = CARTESIAN_POINT('',(-9.783445145421,-0.632365513682,
    -2.375000000301));
#756 = CARTESIAN_POINT('',(-8.728085976455,-5.205861206785,
    -2.208333332687));
#757 = CARTESIAN_POINT('',(-5.313413378376,-8.663031454452,
    -2.041666667555));
#758 = CARTESIAN_POINT('',(-0.753320356675,-9.774875625809,
    -1.874999999257));
#759 = CARTESIAN_POINT('',(3.434978070319,-8.565897556989,
    -1.708333333745));
#760 = CARTESIAN_POINT('',(6.251899229971,-5.793377072616,
    -1.541666666554));
#761 = CARTESIAN_POINT('',(8.477244364729,0.886447893706,-1.208333333486
    ));
#762 = CARTESIAN_POINT('',(7.885889389479,4.794415901452,-1.041666666001
    ));
#763 = CARTESIAN_POINT('',(5.25945296656,8.273683554073,-0.875000001573)
  );
#764 = CARTESIAN_POINT('',(0.943643705102,10.118795000953,
    -0.708333331036));
#765 = CARTESIAN_POINT('',(-3.862152193405,9.400226388001,
    -0.541666668968));
#766 = CARTESIAN_POINT('',(-7.449506804708,6.373423995561,
    -0.374999998469));
#767 = CARTESIAN_POINT('',(-8.943378234155,2.278082759907,-0.20833333401
    ));
#768 = CARTESIAN_POINT('',(-8.365777190586,-1.631941752841,
    -4.166666651414E-02));
#769 = CARTESIAN_POINT('',(-6.324833002731,-4.500321514913,
    0.124999999984));
#770 = CARTESIAN_POINT('',(6.3125,1.78E-15,-5.));
#771 = CARTESIAN_POINT('',(6.312500000131,2.86278661265,-4.833333333333)
  );
#772 = CARTESIAN_POINT('',(4.851807939512,5.725857594458,-4.666666666667
    ));
#773 = CARTESIAN_POINT('',(1.931202715434,7.735108907029,-4.499999999999
    ));
#774 = CARTESIAN_POINT('',(-1.872761365009,8.049366804831,
    -4.333333333335));
#775 = CARTESIAN_POINT('',(-5.395824811052,6.259761630785,
    -4.166666666665));
#776 = CARTESIAN_POINT('',(-7.385562403972,3.002485921969,
    -4.000000000001));
#777 = CARTESIAN_POINT('',(-7.485498685998,-0.54110526024,
    -3.833333333333));
#778 = CARTESIAN_POINT('',(-6.034889444979,-3.409297995906,
    -3.666666666667));
#779 = CARTESIAN_POINT('',(-1.411142558804,-6.786153558531,
    -3.333333333333));
#780 = CARTESIAN_POINT('',(1.762454377674,-7.295151817469,
    -3.166666666666));
#781 = CARTESIAN_POINT('',(5.107574725158,-6.121612055734,
    -3.000000000002));
#782 = CARTESIAN_POINT('',(7.604876860268,-3.235025351632,
    -2.833333333329));
#783 = CARTESIAN_POINT('',(8.237511341023,0.665543367319,-2.666666666673
    ));
#784 = CARTESIAN_POINT('',(6.780580893827,4.193468311384,-2.499999999994
    ));
#785 = CARTESIAN_POINT('',(3.977857450656,6.364128815531,-2.333333333337
    ));
#786 = CARTESIAN_POINT('',(0.806071080741,6.884290293985,-2.166666666666
    ));
#787 = CARTESIAN_POINT('',(-4.647959381521,5.141952647341,
    -1.833333333335));
#788 = CARTESIAN_POINT('',(-6.930745238844,2.879280450409,
    -1.666666666661));
#789 = CARTESIAN_POINT('',(-7.955941703845,-0.514242487129,
    -1.500000000011));
#790 = CARTESIAN_POINT('',(-7.097718870508,-4.23342980535,
    -1.333333333319));
#791 = CARTESIAN_POINT('',(-4.320891716036,-7.044816239875,
    -1.166666666679));
#792 = CARTESIAN_POINT('',(-0.612603511079,-7.948972931758,
    -0.999999999993));
#793 = CARTESIAN_POINT('',(2.793339654775,-6.965826516119,
    -0.833333333335));
#794 = CARTESIAN_POINT('',(5.084072642692,-4.711200356859,
    -0.666666666666));
#795 = CARTESIAN_POINT('',(6.893733340139,0.720863423916,-0.333333333334
    ));
#796 = CARTESIAN_POINT('',(6.41284080772,3.898840628817,-0.166666666666)
  );
#797 = CARTESIAN_POINT('',(4.277010866626,6.728196770252,-7.4185E-13));
#798 = CARTESIAN_POINT('',(0.767375316011,8.228649719834,0.166666666667)
  );
#799 = CARTESIAN_POINT('',(-3.14071957825,7.644306482443,0.333333333333)
  );
#800 = CARTESIAN_POINT('',(-6.057972521607,5.182897130235,0.5));
#801 = CARTESIAN_POINT('',(-7.272795504881,1.852547171908,0.666666666667
    ));
#802 = CARTESIAN_POINT('',(-6.803087731344,-1.327102391618,
    0.833333333333));
#803 = CARTESIAN_POINT('',(-5.143382715595,-3.659681747236,1.));
#804 = ADVANCED_FACE('',(#805),#828,.F.);
#805 = FACE_BOUND('',#806,.F.);
#806 = EDGE_LOOP('',(#807,#808,#809,#810,#823));
#807 = ORIENTED_EDGE('',*,*,#401,.F.);
#808 = ORIENTED_EDGE('',*,*,#175,.T.);
#809 = ORIENTED_EDGE('',*,*,#560,.T.);
#810 = ORIENTED_EDGE('',*,*,#811,.T.);
#811 = EDGE_CURVE('',#561,#812,#814,.T.);
#812 = VERTEX_POINT('',#813);
#813 = CARTESIAN_POINT('',(-6.32483300273,-4.500321514912,0.));
#814 = B_SPLINE_CURVE_WITH_KNOTS('',4,(#815,#816,#817,#818,#819,#820,
    #821,#822),.UNSPECIFIED.,.F.,.F.,(5,3,5),(0.,0.499998614596,1.),
  .UNSPECIFIED.);
#815 = CARTESIAN_POINT('',(-7.463851065103,-2.13244523443,0.));
#816 = CARTESIAN_POINT('',(-7.373186250097,-2.449783123011,0.));
#817 = CARTESIAN_POINT('',(-7.264531435193,-2.761982386274,0.));
#818 = CARTESIAN_POINT('',(-7.138325496219,-3.067508685038,0.));
#819 = CARTESIAN_POINT('',(-6.85219418677,-3.662340783831,0.));
#820 = CARTESIAN_POINT('',(-6.692267600502,-3.95164846617,0.));
#821 = CARTESIAN_POINT('',(-6.516172674307,-4.231409290417,0.));
#822 = CARTESIAN_POINT('',(-6.32483300273,-4.500321514912,0.));
#823 = ORIENTED_EDGE('',*,*,#824,.F.);
#824 = EDGE_CURVE('',#402,#812,#825,.T.);
#825 = B_SPLINE_CURVE_WITH_KNOTS('',1,(#826,#827),.UNSPECIFIED.,.F.,.F.,
  (2,2),(0.,0.25),.PIECEWISE_BEZIER_KNOTS.);
#826 = CARTESIAN_POINT('',(-6.324833002729,-4.500321514911,
    -0.125000000016));
#827 = CARTESIAN_POINT('',(-6.324833002731,-4.500321514913,
    0.124999999984));
#828 = B_SPLINE_SURFACE_WITH_KNOTS('',1,9,(
    (#829,#830,#831,#832,#833,#834,#835,#836,#837,#838,#839,#840,#841
      ,#842,#843,#844,#845,#846,#847,#848,#849,#850,#851,#852,#853,#854
      ,#855,#856,#857,#858,#859,#860,#861,#862)
    ,(#863,#864,#865,#866,#867,#868,#869,#870,#871,#872,#873,#874,#875
      ,#876,#877,#878,#879,#880,#881,#882,#883,#884,#885,#886,#887,#888
      ,#889,#890,#891,#892,#893,#894,#895,#896
  )),.UNSPECIFIED.,.F.,.F.,.F.,(2,2),(10,8,8,8,10),(0.,0.25),(0.,
    4.089245904526,8.178491809052,12.267737713578,16.356983618104),
  .UNSPECIFIED.);
#829 = CARTESIAN_POINT('',(7.7625,0.,-6.125));
#830 = CARTESIAN_POINT('',(7.762499999985,3.520377201018,-5.958333333519
    ));
#831 = CARTESIAN_POINT('',(5.966282634991,7.041104090919,-5.791666665938
    ));
#832 = CARTESIAN_POINT('',(2.374805714852,9.511886399569,-5.625000001714
    ));
#833 = CARTESIAN_POINT('',(-2.302940213129,9.898330267463,
    -5.458333330783));
#834 = CARTESIAN_POINT('',(-6.635261796688,7.697647472073,
    -5.291666669278));
#835 = CARTESIAN_POINT('',(-9.08204802641,3.692165855651,-5.124999998218
    ));
#836 = CARTESIAN_POINT('',(-9.204939967696,-0.665398745408,
    -4.958333334133));
#837 = CARTESIAN_POINT('',(-7.421121476088,-4.192423872266,
    -4.791666666491));
#838 = CARTESIAN_POINT('',(-1.735286195881,-8.344953187736,
    -4.458333333521));
#839 = CARTESIAN_POINT('',(2.167295382584,-8.970869858874,
    -4.291666665954));
#840 = CARTESIAN_POINT('',(6.280799811652,-7.527764527828,
    -4.125000001568));
#841 = CARTESIAN_POINT('',(9.35173966273,-3.978120283618,-3.95833333118)
  );
#842 = CARTESIAN_POINT('',(10.129692164408,0.818420654983,
    -3.791666668683));
#843 = CARTESIAN_POINT('',(8.338100465506,5.156720439062,-3.624999998774
    ));
#844 = CARTESIAN_POINT('',(4.891583122303,7.825988107406,-3.458333333803
    ));
#845 = CARTESIAN_POINT('',(0.991228002335,8.465632222983,-3.291666666608
    ));
#846 = CARTESIAN_POINT('',(-5.715609457355,6.323074443509,
    -2.958333333364));
#847 = CARTESIAN_POINT('',(-8.522758006225,3.540659722195,
    -2.791666666603));
#848 = CARTESIAN_POINT('',(-9.783445145463,-0.63236551366,
    -2.625000000301));
#849 = CARTESIAN_POINT('',(-8.728085976355,-5.205861206827,
    -2.458333332687));
#850 = CARTESIAN_POINT('',(-5.313413378509,-8.663031454399,
    -2.291666667555));
#851 = CARTESIAN_POINT('',(-0.753320356559,-9.774875625847,
    -2.124999999257));
#852 = CARTESIAN_POINT('',(3.434978070256,-8.565897556967,
    -1.958333333745));
#853 = CARTESIAN_POINT('',(6.251899229989,-5.793377072621,
    -1.791666666554));
#854 = CARTESIAN_POINT('',(8.477244364704,0.886447893714,-1.458333333486
    ));
#855 = CARTESIAN_POINT('',(7.88588938956,4.794415901411,-1.291666666001)
  );
#856 = CARTESIAN_POINT('',(5.259452966432,8.273683554173,-1.125000001573
    ));
#857 = CARTESIAN_POINT('',(0.94364370519,10.118795000788,-0.958333331036
    ));
#858 = CARTESIAN_POINT('',(-3.862152193391,9.400226388174,
    -0.791666668967));
#859 = CARTESIAN_POINT('',(-7.449506804785,6.373423995432,-0.62499999847
    ));
#860 = CARTESIAN_POINT('',(-8.943378234088,2.278082759967,
    -0.458333334009));
#861 = CARTESIAN_POINT('',(-8.365777190607,-1.631941752857,
    -0.291666666514));
#862 = CARTESIAN_POINT('',(-6.324833002729,-4.500321514911,
    -0.125000000016));
#863 = CARTESIAN_POINT('',(7.7625,-1.78E-15,-5.875));
#864 = CARTESIAN_POINT('',(7.762500000018,3.520377201019,-5.708333333519
    ));
#865 = CARTESIAN_POINT('',(5.966282634895,7.041104090934,-5.541666665938
    ));
#866 = CARTESIAN_POINT('',(2.374805715002,9.511886399501,-5.375000001714
    ));
#867 = CARTESIAN_POINT('',(-2.302940213248,9.898330267621,
    -5.208333330782));
#868 = CARTESIAN_POINT('',(-6.635261796673,7.697647471862,
    -5.041666669278));
#869 = CARTESIAN_POINT('',(-9.082048026355,3.692165855835,
    -4.874999998217));
#870 = CARTESIAN_POINT('',(-9.204939967752,-0.665398745504,
    -4.708333334133));
#871 = CARTESIAN_POINT('',(-7.42112147607,-4.192423872241,
    -4.541666666491));
#872 = CARTESIAN_POINT('',(-1.735286195899,-8.344953187763,
    -4.208333333521));
#873 = CARTESIAN_POINT('',(2.167295382655,-8.970869858794,
    -4.041666665954));
#874 = CARTESIAN_POINT('',(6.280799811512,-7.527764527955,
    -3.875000001568));
#875 = CARTESIAN_POINT('',(9.351739662911,-3.978120283523,-3.70833333118
    ));
#876 = CARTESIAN_POINT('',(10.129692164259,0.818420654976,
    -3.541666668683));
#877 = CARTESIAN_POINT('',(8.338100465591,5.156720439011,-3.374999998774
    ));
#878 = CARTESIAN_POINT('',(4.891583122277,7.825988107451,-3.208333333803
    ));
#879 = CARTESIAN_POINT('',(0.991228002339,8.465632222973,-3.041666666608
    ));
#880 = CARTESIAN_POINT('',(-5.715609457357,6.323074443513,
    -2.708333333364));
#881 = CARTESIAN_POINT('',(-8.522758006236,3.540659722201,
    -2.541666666603));
#882 = CARTESIAN_POINT('',(-9.783445145421,-0.632365513682,
    -2.375000000301));
#883 = CARTESIAN_POINT('',(-8.728085976455,-5.205861206785,
    -2.208333332687));
#884 = CARTESIAN_POINT('',(-5.313413378376,-8.663031454452,
    -2.041666667556));
#885 = CARTESIAN_POINT('',(-0.753320356675,-9.774875625809,
    -1.874999999256));
#886 = CARTESIAN_POINT('',(3.434978070319,-8.565897556988,
    -1.708333333745));
#887 = CARTESIAN_POINT('',(6.251899229971,-5.793377072616,
    -1.541666666554));
#888 = CARTESIAN_POINT('',(8.477244364729,0.886447893706,-1.208333333486
    ));
#889 = CARTESIAN_POINT('',(7.885889389479,4.794415901452,-1.041666666001
    ));
#890 = CARTESIAN_POINT('',(5.25945296656,8.273683554073,-0.875000001573)
  );
#891 = CARTESIAN_POINT('',(0.943643705102,10.118795000953,
    -0.708333331036));
#892 = CARTESIAN_POINT('',(-3.862152193406,9.400226388001,
    -0.541666668967));
#893 = CARTESIAN_POINT('',(-7.449506804707,6.373423995561,-0.37499999847
    ));
#894 = CARTESIAN_POINT('',(-8.943378234155,2.278082759907,
    -0.208333334009));
#895 = CARTESIAN_POINT('',(-8.365777190585,-1.631941752841,
    -4.166666651414E-02));
#896 = CARTESIAN_POINT('',(-6.324833002731,-4.500321514913,
    0.124999999984));
#897 = ADVANCED_FACE('',(#898),#926,.T.);
#898 = FACE_BOUND('',#899,.F.);
#899 = EDGE_LOOP('',(#900,#901,#902,#903,#911,#920));
#900 = ORIENTED_EDGE('',*,*,#601,.F.);
#901 = ORIENTED_EDGE('',*,*,#385,.T.);
#902 = ORIENTED_EDGE('',*,*,#447,.T.);
#903 = ORIENTED_EDGE('',*,*,#904,.F.);
#904 = EDGE_CURVE('',#905,#441,#907,.T.);
#905 = VERTEX_POINT('',#906);
#906 = CARTESIAN_POINT('',(-5.224862045734,-3.717656903622,0.));
#907 = LINE('',#908,#909);
#908 = CARTESIAN_POINT('',(-5.224862045734,-3.717656903622,-7.));
#909 = VECTOR('',#910,1.);
#910 = DIRECTION('',(-0.,-0.,-1.));
#911 = ORIENTED_EDGE('',*,*,#912,.F.);
#912 = EDGE_CURVE('',#913,#905,#915,.T.);
#913 = VERTEX_POINT('',#914);
#914 = CARTESIAN_POINT('',(6.4125,-2.E-15,0.));
#915 = CIRCLE('',#916,6.4125);
#916 = AXIS2_PLACEMENT_3D('',#917,#918,#919);
#917 = CARTESIAN_POINT('',(0.,0.,0.));
#918 = DIRECTION('',(0.,0.,-1.));
#919 = DIRECTION('',(1.,0.,0.));
#920 = ORIENTED_EDGE('',*,*,#921,.F.);
#921 = EDGE_CURVE('',#602,#913,#922,.T.);
#922 = LINE('',#923,#924);
#923 = CARTESIAN_POINT('',(6.4125,-1.57E-15,-7.));
#924 = VECTOR('',#925,1.);
#925 = DIRECTION('',(0.,0.,1.));
#926 = CYLINDRICAL_SURFACE('',#927,6.4125);
#927 = AXIS2_PLACEMENT_3D('',#928,#929,#930);
#928 = CARTESIAN_POINT('',(0.,0.,-7.));
#929 = DIRECTION('',(-0.,-0.,-1.));
#930 = DIRECTION('',(1.,0.,0.));
#931 = ADVANCED_FACE('',(#932),#943,.F.);
#932 = FACE_BOUND('',#933,.F.);
#933 = EDGE_LOOP('',(#934,#935,#936,#937));
#934 = ORIENTED_EDGE('',*,*,#904,.T.);
#935 = ORIENTED_EDGE('',*,*,#440,.T.);
#936 = ORIENTED_EDGE('',*,*,#824,.T.);
#937 = ORIENTED_EDGE('',*,*,#938,.F.);
#938 = EDGE_CURVE('',#905,#812,#939,.T.);
#939 = LINE('',#940,#941);
#940 = CARTESIAN_POINT('',(-2.775360722923,-1.974758158451,0.));
#941 = VECTOR('',#942,1.);
#942 = DIRECTION('',(-0.814793301478,-0.579751563919,0.));
#943 = PLANE('',#944);
#944 = AXIS2_PLACEMENT_3D('',#945,#946,#947);
#945 = CARTESIAN_POINT('',(-5.550721445843,-3.949516316908,-5.50754E-12)
  );
#946 = DIRECTION('',(-0.579751563919,0.814793301478,5.76E-15));
#947 = DIRECTION('',(0.814793301478,0.579751563919,3.944304526105E-31));
#948 = ADVANCED_FACE('',(#949,#960,#971,#984,#995,#1006),#1017,.F.);
#949 = FACE_BOUND('',#950,.F.);
#950 = EDGE_LOOP('',(#951));
#951 = ORIENTED_EDGE('',*,*,#952,.T.);
#952 = EDGE_CURVE('',#953,#953,#955,.T.);
#953 = VERTEX_POINT('',#954);
#954 = CARTESIAN_POINT('',(48.25,-1.2E-14,0.));
#955 = CIRCLE('',#956,48.25);
#956 = AXIS2_PLACEMENT_3D('',#957,#958,#959);
#957 = CARTESIAN_POINT('',(0.,0.,0.));
#958 = DIRECTION('',(0.,0.,1.));
#959 = DIRECTION('',(1.,0.,0.));
#960 = FACE_BOUND('',#961,.F.);
#961 = EDGE_LOOP('',(#962));
#962 = ORIENTED_EDGE('',*,*,#963,.T.);
#963 = EDGE_CURVE('',#964,#964,#966,.T.);
#964 = VERTEX_POINT('',#965);
#965 = CARTESIAN_POINT('',(-12.3,-10.45,0.));
#966 = CIRCLE('',#967,1.3);
#967 = AXIS2_PLACEMENT_3D('',#968,#969,#970);
#968 = CARTESIAN_POINT('',(-13.6,-10.45,0.));
#969 = DIRECTION('',(0.,0.,-1.));
#970 = DIRECTION('',(1.,0.,0.));
#971 = FACE_BOUND('',#972,.F.);
#972 = EDGE_LOOP('',(#973,#980,#981,#982,#983));
#973 = ORIENTED_EDGE('',*,*,#974,.T.);
#974 = EDGE_CURVE('',#674,#913,#975,.T.);
#975 = CIRCLE('',#976,6.4125);
#976 = AXIS2_PLACEMENT_3D('',#977,#978,#979);
#977 = CARTESIAN_POINT('',(0.,0.,0.));
#978 = DIRECTION('',(0.,0.,-1.));
#979 = DIRECTION('',(1.,0.,0.));
#980 = ORIENTED_EDGE('',*,*,#912,.T.);
#981 = ORIENTED_EDGE('',*,*,#938,.T.);
#982 = ORIENTED_EDGE('',*,*,#811,.F.);
#983 = ORIENTED_EDGE('',*,*,#701,.F.);
#984 = FACE_BOUND('',#985,.F.);
#985 = EDGE_LOOP('',(#986));
#986 = ORIENTED_EDGE('',*,*,#987,.T.);
#987 = EDGE_CURVE('',#988,#988,#990,.T.);
#988 = VERTEX_POINT('',#989);
#989 = CARTESIAN_POINT('',(14.9,-10.45,0.));
#990 = CIRCLE('',#991,1.3);
#991 = AXIS2_PLACEMENT_3D('',#992,#993,#994);
#992 = CARTESIAN_POINT('',(13.6,-10.45,0.));
#993 = DIRECTION('',(0.,0.,-1.));
#994 = DIRECTION('',(1.,0.,0.));
#995 = FACE_BOUND('',#996,.F.);
#996 = EDGE_LOOP('',(#997));
#997 = ORIENTED_EDGE('',*,*,#998,.T.);
#998 = EDGE_CURVE('',#999,#999,#1001,.T.);
#999 = VERTEX_POINT('',#1000);
#1000 = CARTESIAN_POINT('',(-12.3,34.45,0.));
#1001 = CIRCLE('',#1002,1.3);
#1002 = AXIS2_PLACEMENT_3D('',#1003,#1004,#1005);
#1003 = CARTESIAN_POINT('',(-13.6,34.45,0.));
#1004 = DIRECTION('',(0.,0.,-1.));
#1005 = DIRECTION('',(1.,0.,0.));
#1006 = FACE_BOUND('',#1007,.F.);
#1007 = EDGE_LOOP('',(#1008));
#1008 = ORIENTED_EDGE('',*,*,#1009,.T.);
#1009 = EDGE_CURVE('',#1010,#1010,#1012,.T.);
#1010 = VERTEX_POINT('',#1011);
#1011 = CARTESIAN_POINT('',(14.9,34.45,0.));
#1012 = CIRCLE('',#1013,1.3);
#1013 = AXIS2_PLACEMENT_3D('',#1014,#1015,#1016);
#1014 = CARTESIAN_POINT('',(13.6,34.45,0.));
#1015 = DIRECTION('',(0.,0.,-1.));
#1016 = DIRECTION('',(1.,0.,0.));
#1017 = PLANE('',#1018);
#1018 = AXIS2_PLACEMENT_3D('',#1019,#1020,#1021);
#1019 = CARTESIAN_POINT('',(0.,0.,0.));
#1020 = DIRECTION('',(0.,0.,1.));
#1021 = DIRECTION('',(1.,0.,0.));
#1022 = ADVANCED_FACE('',(#1023),#1028,.T.);
#1023 = FACE_BOUND('',#1024,.F.);
#1024 = EDGE_LOOP('',(#1025,#1026,#1027));
#1025 = ORIENTED_EDGE('',*,*,#673,.F.);
#1026 = ORIENTED_EDGE('',*,*,#921,.T.);
#1027 = ORIENTED_EDGE('',*,*,#974,.F.);
#1028 = CYLINDRICAL_SURFACE('',#1029,6.4125);
#1029 = AXIS2_PLACEMENT_3D('',#1030,#1031,#1032);
#1030 = CARTESIAN_POINT('',(0.,0.,-7.));
#1031 = DIRECTION('',(-0.,-0.,-1.));
#1032 = DIRECTION('',(1.,0.,0.));
#1033 = ADVANCED_FACE('',(#1034,#1053),#1089,.T.);
#1034 = FACE_BOUND('',#1035,.F.);
#1035 = EDGE_LOOP('',(#1036,#1037,#1045,#1052));
#1036 = ORIENTED_EDGE('',*,*,#952,.F.);
#1037 = ORIENTED_EDGE('',*,*,#1038,.T.);
#1038 = EDGE_CURVE('',#953,#1039,#1041,.T.);
#1039 = VERTEX_POINT('',#1040);
#1040 = CARTESIAN_POINT('',(48.25,-1.2E-14,14.));
#1041 = LINE('',#1042,#1043);
#1042 = CARTESIAN_POINT('',(48.25,-1.182E-14,0.));
#1043 = VECTOR('',#1044,1.);
#1044 = DIRECTION('',(0.,0.,1.));
#1045 = ORIENTED_EDGE('',*,*,#1046,.T.);
#1046 = EDGE_CURVE('',#1039,#1039,#1047,.T.);
#1047 = CIRCLE('',#1048,48.25);
#1048 = AXIS2_PLACEMENT_3D('',#1049,#1050,#1051);
#1049 = CARTESIAN_POINT('',(0.,0.,14.));
#1050 = DIRECTION('',(0.,0.,1.));
#1051 = DIRECTION('',(1.,0.,0.));
#1052 = ORIENTED_EDGE('',*,*,#1038,.F.);
#1053 = FACE_BOUND('',#1054,.F.);
#1054 = EDGE_LOOP('',(#1055,#1065,#1074,#1082));
#1055 = ORIENTED_EDGE('',*,*,#1056,.F.);
#1056 = EDGE_CURVE('',#1057,#1059,#1061,.T.);
#1057 = VERTEX_POINT('',#1058);
#1058 = CARTESIAN_POINT('',(-6.9,47.754083595018,13.725));
#1059 = VERTEX_POINT('',#1060);
#1060 = CARTESIAN_POINT('',(-6.9,47.754083595018,6.725));
#1061 = LINE('',#1062,#1063);
#1062 = CARTESIAN_POINT('',(-6.9,47.754083595018,0.));
#1063 = VECTOR('',#1064,1.);
#1064 = DIRECTION('',(-0.,-0.,-1.));
#1065 = ORIENTED_EDGE('',*,*,#1066,.T.);
#1066 = EDGE_CURVE('',#1057,#1067,#1069,.T.);
#1067 = VERTEX_POINT('',#1068);
#1068 = CARTESIAN_POINT('',(7.1,47.724757725943,13.725));
#1069 = CIRCLE('',#1070,48.25);
#1070 = AXIS2_PLACEMENT_3D('',#1071,#1072,#1073);
#1071 = CARTESIAN_POINT('',(0.,0.,13.725));
#1072 = DIRECTION('',(0.,0.,-1.));
#1073 = DIRECTION('',(1.,0.,0.));
#1074 = ORIENTED_EDGE('',*,*,#1075,.T.);
#1075 = EDGE_CURVE('',#1067,#1076,#1078,.T.);
#1076 = VERTEX_POINT('',#1077);
#1077 = CARTESIAN_POINT('',(7.1,47.724757725943,6.725));
#1078 = LINE('',#1079,#1080);
#1079 = CARTESIAN_POINT('',(7.1,47.724757725943,0.));
#1080 = VECTOR('',#1081,1.);
#1081 = DIRECTION('',(-0.,-0.,-1.));
#1082 = ORIENTED_EDGE('',*,*,#1083,.F.);
#1083 = EDGE_CURVE('',#1059,#1076,#1084,.T.);
#1084 = CIRCLE('',#1085,48.25);
#1085 = AXIS2_PLACEMENT_3D('',#1086,#1087,#1088);
#1086 = CARTESIAN_POINT('',(0.,0.,6.725));
#1087 = DIRECTION('',(0.,0.,-1.));
#1088 = DIRECTION('',(1.,0.,0.));
#1089 = CYLINDRICAL_SURFACE('',#1090,48.25);
#1090 = AXIS2_PLACEMENT_3D('',#1091,#1092,#1093);
#1091 = CARTESIAN_POINT('',(0.,0.,0.));
#1092 = DIRECTION('',(-0.,-0.,-1.));
#1093 = DIRECTION('',(1.,0.,0.));
#1094 = ADVANCED_FACE('',(#1095),#1114,.F.);
#1095 = FACE_BOUND('',#1096,.T.);
#1096 = EDGE_LOOP('',(#1097,#1098,#1106,#1113));
#1097 = ORIENTED_EDGE('',*,*,#963,.T.);
#1098 = ORIENTED_EDGE('',*,*,#1099,.T.);
#1099 = EDGE_CURVE('',#964,#1100,#1102,.T.);
#1100 = VERTEX_POINT('',#1101);
#1101 = CARTESIAN_POINT('',(-12.3,-10.45,7.));
#1102 = LINE('',#1103,#1104);
#1103 = CARTESIAN_POINT('',(-12.3,-10.45,-1.E-02));
#1104 = VECTOR('',#1105,1.);
#1105 = DIRECTION('',(0.,0.,1.));
#1106 = ORIENTED_EDGE('',*,*,#1107,.F.);
#1107 = EDGE_CURVE('',#1100,#1100,#1108,.T.);
#1108 = CIRCLE('',#1109,1.3);
#1109 = AXIS2_PLACEMENT_3D('',#1110,#1111,#1112);
#1110 = CARTESIAN_POINT('',(-13.6,-10.45,7.));
#1111 = DIRECTION('',(0.,0.,-1.));
#1112 = DIRECTION('',(1.,0.,0.));
#1113 = ORIENTED_EDGE('',*,*,#1099,.F.);
#1114 = CYLINDRICAL_SURFACE('',#1115,1.3);
#1115 = AXIS2_PLACEMENT_3D('',#1116,#1117,#1118);
#1116 = CARTESIAN_POINT('',(-13.6,-10.45,-1.E-02));
#1117 = DIRECTION('',(-0.,-0.,-1.));
#1118 = DIRECTION('',(1.,0.,0.));
#1119 = ADVANCED_FACE('',(#1120),#1139,.F.);
#1120 = FACE_BOUND('',#1121,.T.);
#1121 = EDGE_LOOP('',(#1122,#1123,#1131,#1138));
#1122 = ORIENTED_EDGE('',*,*,#987,.T.);
#1123 = ORIENTED_EDGE('',*,*,#1124,.T.);
#1124 = EDGE_CURVE('',#988,#1125,#1127,.T.);
#1125 = VERTEX_POINT('',#1126);
#1126 = CARTESIAN_POINT('',(14.9,-10.45,7.));
#1127 = LINE('',#1128,#1129);
#1128 = CARTESIAN_POINT('',(14.9,-10.45,-1.E-02));
#1129 = VECTOR('',#1130,1.);
#1130 = DIRECTION('',(0.,0.,1.));
#1131 = ORIENTED_EDGE('',*,*,#1132,.F.);
#1132 = EDGE_CURVE('',#1125,#1125,#1133,.T.);
#1133 = CIRCLE('',#1134,1.3);
#1134 = AXIS2_PLACEMENT_3D('',#1135,#1136,#1137);
#1135 = CARTESIAN_POINT('',(13.6,-10.45,7.));
#1136 = DIRECTION('',(0.,0.,-1.));
#1137 = DIRECTION('',(1.,0.,0.));
#1138 = ORIENTED_EDGE('',*,*,#1124,.F.);
#1139 = CYLINDRICAL_SURFACE('',#1140,1.3);
#1140 = AXIS2_PLACEMENT_3D('',#1141,#1142,#1143);
#1141 = CARTESIAN_POINT('',(13.6,-10.45,-1.E-02));
#1142 = DIRECTION('',(-0.,-0.,-1.));
#1143 = DIRECTION('',(1.,0.,0.));
#1144 = ADVANCED_FACE('',(#1145),#1164,.F.);
#1145 = FACE_BOUND('',#1146,.T.);
#1146 = EDGE_LOOP('',(#1147,#1148,#1156,#1163));
#1147 = ORIENTED_EDGE('',*,*,#998,.T.);
#1148 = ORIENTED_EDGE('',*,*,#1149,.T.);
#1149 = EDGE_CURVE('',#999,#1150,#1152,.T.);
#1150 = VERTEX_POINT('',#1151);
#1151 = CARTESIAN_POINT('',(-12.3,34.45,7.));
#1152 = LINE('',#1153,#1154);
#1153 = CARTESIAN_POINT('',(-12.3,34.45,-1.E-02));
#1154 = VECTOR('',#1155,1.);
#1155 = DIRECTION('',(0.,0.,1.));
#1156 = ORIENTED_EDGE('',*,*,#1157,.F.);
#1157 = EDGE_CURVE('',#1150,#1150,#1158,.T.);
#1158 = CIRCLE('',#1159,1.3);
#1159 = AXIS2_PLACEMENT_3D('',#1160,#1161,#1162);
#1160 = CARTESIAN_POINT('',(-13.6,34.45,7.));
#1161 = DIRECTION('',(0.,0.,-1.));
#1162 = DIRECTION('',(1.,0.,0.));
#1163 = ORIENTED_EDGE('',*,*,#1149,.F.);
#1164 = CYLINDRICAL_SURFACE('',#1165,1.3);
#1165 = AXIS2_PLACEMENT_3D('',#1166,#1167,#1168);
#1166 = CARTESIAN_POINT('',(-13.6,34.45,-1.E-02));
#1167 = DIRECTION('',(-0.,-0.,-1.));
#1168 = DIRECTION('',(1.,0.,0.));
#1169 = ADVANCED_FACE('',(#1170),#1189,.F.);
#1170 = FACE_BOUND('',#1171,.T.);
#1171 = EDGE_LOOP('',(#1172,#1173,#1181,#1188));
#1172 = ORIENTED_EDGE('',*,*,#1009,.T.);
#1173 = ORIENTED_EDGE('',*,*,#1174,.T.);
#1174 = EDGE_CURVE('',#1010,#1175,#1177,.T.);
#1175 = VERTEX_POINT('',#1176);
#1176 = CARTESIAN_POINT('',(14.9,34.45,7.));
#1177 = LINE('',#1178,#1179);
#1178 = CARTESIAN_POINT('',(14.9,34.45,-1.E-02));
#1179 = VECTOR('',#1180,1.);
#1180 = DIRECTION('',(0.,0.,1.));
#1181 = ORIENTED_EDGE('',*,*,#1182,.F.);
#1182 = EDGE_CURVE('',#1175,#1175,#1183,.T.);
#1183 = CIRCLE('',#1184,1.3);
#1184 = AXIS2_PLACEMENT_3D('',#1185,#1186,#1187);
#1185 = CARTESIAN_POINT('',(13.6,34.45,7.));
#1186 = DIRECTION('',(0.,0.,-1.));
#1187 = DIRECTION('',(1.,0.,0.));
#1188 = ORIENTED_EDGE('',*,*,#1174,.F.);
#1189 = CYLINDRICAL_SURFACE('',#1190,1.3);
#1190 = AXIS2_PLACEMENT_3D('',#1191,#1192,#1193);
#1191 = CARTESIAN_POINT('',(13.6,34.45,-1.E-02));
#1192 = DIRECTION('',(-0.,-0.,-1.));
#1193 = DIRECTION('',(1.,0.,0.));
#1194 = ADVANCED_FACE('',(#1195,#1198),#1209,.T.);
#1195 = FACE_BOUND('',#1196,.T.);
#1196 = EDGE_LOOP('',(#1197));
#1197 = ORIENTED_EDGE('',*,*,#1046,.T.);
#1198 = FACE_BOUND('',#1199,.T.);
#1199 = EDGE_LOOP('',(#1200));
#1200 = ORIENTED_EDGE('',*,*,#1201,.F.);
#1201 = EDGE_CURVE('',#1202,#1202,#1204,.T.);
#1202 = VERTEX_POINT('',#1203);
#1203 = CARTESIAN_POINT('',(44.,-1.1E-14,14.));
#1204 = CIRCLE('',#1205,44.);
#1205 = AXIS2_PLACEMENT_3D('',#1206,#1207,#1208);
#1206 = CARTESIAN_POINT('',(0.,0.,14.));
#1207 = DIRECTION('',(0.,0.,1.));
#1208 = DIRECTION('',(1.,0.,0.));
#1209 = PLANE('',#1210);
#1210 = AXIS2_PLACEMENT_3D('',#1211,#1212,#1213);
#1211 = CARTESIAN_POINT('',(0.,0.,14.));
#1212 = DIRECTION('',(0.,0.,1.));
#1213 = DIRECTION('',(1.,0.,0.));
#1214 = ADVANCED_FACE('',(#1215),#1240,.T.);
#1215 = FACE_BOUND('',#1216,.T.);
#1216 = EDGE_LOOP('',(#1217,#1225,#1233,#1239));
#1217 = ORIENTED_EDGE('',*,*,#1218,.F.);
#1218 = EDGE_CURVE('',#1219,#1057,#1221,.T.);
#1219 = VERTEX_POINT('',#1220);
#1220 = CARTESIAN_POINT('',(-6.9,41.429337431342,13.725));
#1221 = LINE('',#1222,#1223);
#1222 = CARTESIAN_POINT('',(-6.9,36.115,13.725));
#1223 = VECTOR('',#1224,1.);
#1224 = DIRECTION('',(0.,1.,0.));
#1225 = ORIENTED_EDGE('',*,*,#1226,.T.);
#1226 = EDGE_CURVE('',#1219,#1227,#1229,.T.);
#1227 = VERTEX_POINT('',#1228);
#1228 = CARTESIAN_POINT('',(-6.9,41.429337431342,6.725));
#1229 = LINE('',#1230,#1231);
#1230 = CARTESIAN_POINT('',(-6.9,41.429337431342,3.));
#1231 = VECTOR('',#1232,1.);
#1232 = DIRECTION('',(-0.,-0.,-1.));
#1233 = ORIENTED_EDGE('',*,*,#1234,.T.);
#1234 = EDGE_CURVE('',#1227,#1059,#1235,.T.);
#1235 = LINE('',#1236,#1237);
#1236 = CARTESIAN_POINT('',(-6.9,36.115,6.725));
#1237 = VECTOR('',#1238,1.);
#1238 = DIRECTION('',(0.,1.,0.));
#1239 = ORIENTED_EDGE('',*,*,#1056,.F.);
#1240 = PLANE('',#1241);
#1241 = AXIS2_PLACEMENT_3D('',#1242,#1243,#1244);
#1242 = CARTESIAN_POINT('',(-6.9,36.115,6.725));
#1243 = DIRECTION('',(1.,0.,0.));
#1244 = DIRECTION('',(0.,0.,1.));
#1245 = ADVANCED_FACE('',(#1246),#1265,.T.);
#1246 = FACE_BOUND('',#1247,.T.);
#1247 = EDGE_LOOP('',(#1248,#1249,#1258,#1264));
#1248 = ORIENTED_EDGE('',*,*,#1234,.F.);
#1249 = ORIENTED_EDGE('',*,*,#1250,.T.);
#1250 = EDGE_CURVE('',#1227,#1251,#1253,.T.);
#1251 = VERTEX_POINT('',#1252);
#1252 = CARTESIAN_POINT('',(7.1,41.395531159776,6.725));
#1253 = CIRCLE('',#1254,42.);
#1254 = AXIS2_PLACEMENT_3D('',#1255,#1256,#1257);
#1255 = CARTESIAN_POINT('',(0.,0.,6.725));
#1256 = DIRECTION('',(0.,0.,-1.));
#1257 = DIRECTION('',(1.,0.,0.));
#1258 = ORIENTED_EDGE('',*,*,#1259,.T.);
#1259 = EDGE_CURVE('',#1251,#1076,#1260,.T.);
#1260 = LINE('',#1261,#1262);
#1261 = CARTESIAN_POINT('',(7.1,36.115,6.725));
#1262 = VECTOR('',#1263,1.);
#1263 = DIRECTION('',(0.,1.,0.));
#1264 = ORIENTED_EDGE('',*,*,#1083,.F.);
#1265 = PLANE('',#1266);
#1266 = AXIS2_PLACEMENT_3D('',#1267,#1268,#1269);
#1267 = CARTESIAN_POINT('',(-6.9,36.115,6.725));
#1268 = DIRECTION('',(0.,0.,1.));
#1269 = DIRECTION('',(1.,0.,0.));
#1270 = ADVANCED_FACE('',(#1271),#1289,.F.);
#1271 = FACE_BOUND('',#1272,.F.);
#1272 = EDGE_LOOP('',(#1273,#1281,#1287,#1288));
#1273 = ORIENTED_EDGE('',*,*,#1274,.F.);
#1274 = EDGE_CURVE('',#1275,#1067,#1277,.T.);
#1275 = VERTEX_POINT('',#1276);
#1276 = CARTESIAN_POINT('',(7.1,41.395531159776,13.725));
#1277 = LINE('',#1278,#1279);
#1278 = CARTESIAN_POINT('',(7.1,36.115,13.725));
#1279 = VECTOR('',#1280,1.);
#1280 = DIRECTION('',(0.,1.,0.));
#1281 = ORIENTED_EDGE('',*,*,#1282,.T.);
#1282 = EDGE_CURVE('',#1275,#1251,#1283,.T.);
#1283 = LINE('',#1284,#1285);
#1284 = CARTESIAN_POINT('',(7.1,41.395531159776,3.));
#1285 = VECTOR('',#1286,1.);
#1286 = DIRECTION('',(-0.,-0.,-1.));
#1287 = ORIENTED_EDGE('',*,*,#1259,.T.);
#1288 = ORIENTED_EDGE('',*,*,#1075,.F.);
#1289 = PLANE('',#1290);
#1290 = AXIS2_PLACEMENT_3D('',#1291,#1292,#1293);
#1291 = CARTESIAN_POINT('',(7.1,36.115,6.725));
#1292 = DIRECTION('',(1.,0.,0.));
#1293 = DIRECTION('',(0.,0.,1.));
#1294 = ADVANCED_FACE('',(#1295),#1307,.F.);
#1295 = FACE_BOUND('',#1296,.F.);
#1296 = EDGE_LOOP('',(#1297,#1298,#1305,#1306));
#1297 = ORIENTED_EDGE('',*,*,#1218,.F.);
#1298 = ORIENTED_EDGE('',*,*,#1299,.T.);
#1299 = EDGE_CURVE('',#1219,#1275,#1300,.T.);
#1300 = CIRCLE('',#1301,42.);
#1301 = AXIS2_PLACEMENT_3D('',#1302,#1303,#1304);
#1302 = CARTESIAN_POINT('',(0.,0.,13.725));
#1303 = DIRECTION('',(0.,0.,-1.));
#1304 = DIRECTION('',(1.,0.,0.));
#1305 = ORIENTED_EDGE('',*,*,#1274,.T.);
#1306 = ORIENTED_EDGE('',*,*,#1066,.F.);
#1307 = PLANE('',#1308);
#1308 = AXIS2_PLACEMENT_3D('',#1309,#1310,#1311);
#1309 = CARTESIAN_POINT('',(-6.9,36.115,13.725));
#1310 = DIRECTION('',(0.,0.,1.));
#1311 = DIRECTION('',(1.,0.,0.));
#1312 = ADVANCED_FACE('',(#1313,#1324),#1327,.T.);
#1313 = FACE_BOUND('',#1314,.T.);
#1314 = EDGE_LOOP('',(#1315));
#1315 = ORIENTED_EDGE('',*,*,#1316,.T.);
#1316 = EDGE_CURVE('',#1317,#1317,#1319,.T.);
#1317 = VERTEX_POINT('',#1318);
#1318 = CARTESIAN_POINT('',(-10.1,-10.45,7.));
#1319 = CIRCLE('',#1320,3.5);
#1320 = AXIS2_PLACEMENT_3D('',#1321,#1322,#1323);
#1321 = CARTESIAN_POINT('',(-13.6,-10.45,7.));
#1322 = DIRECTION('',(0.,0.,1.));
#1323 = DIRECTION('',(1.,0.,0.));
#1324 = FACE_BOUND('',#1325,.T.);
#1325 = EDGE_LOOP('',(#1326));
#1326 = ORIENTED_EDGE('',*,*,#1107,.T.);
#1327 = PLANE('',#1328);
#1328 = AXIS2_PLACEMENT_3D('',#1329,#1330,#1331);
#1329 = CARTESIAN_POINT('',(-13.6,-10.45,7.));
#1330 = DIRECTION('',(0.,0.,1.));
#1331 = DIRECTION('',(1.,0.,0.));
#1332 = ADVANCED_FACE('',(#1333,#1344),#1347,.T.);
#1333 = FACE_BOUND('',#1334,.T.);
#1334 = EDGE_LOOP('',(#1335));
#1335 = ORIENTED_EDGE('',*,*,#1336,.T.);
#1336 = EDGE_CURVE('',#1337,#1337,#1339,.T.);
#1337 = VERTEX_POINT('',#1338);
#1338 = CARTESIAN_POINT('',(17.1,-10.45,7.));
#1339 = CIRCLE('',#1340,3.5);
#1340 = AXIS2_PLACEMENT_3D('',#1341,#1342,#1343);
#1341 = CARTESIAN_POINT('',(13.6,-10.45,7.));
#1342 = DIRECTION('',(0.,0.,1.));
#1343 = DIRECTION('',(1.,0.,0.));
#1344 = FACE_BOUND('',#1345,.T.);
#1345 = EDGE_LOOP('',(#1346));
#1346 = ORIENTED_EDGE('',*,*,#1132,.T.);
#1347 = PLANE('',#1348);
#1348 = AXIS2_PLACEMENT_3D('',#1349,#1350,#1351);
#1349 = CARTESIAN_POINT('',(13.6,-10.45,7.));
#1350 = DIRECTION('',(0.,0.,1.));
#1351 = DIRECTION('',(1.,0.,0.));
#1352 = ADVANCED_FACE('',(#1353,#1364),#1367,.T.);
#1353 = FACE_BOUND('',#1354,.T.);
#1354 = EDGE_LOOP('',(#1355));
#1355 = ORIENTED_EDGE('',*,*,#1356,.T.);
#1356 = EDGE_CURVE('',#1357,#1357,#1359,.T.);
#1357 = VERTEX_POINT('',#1358);
#1358 = CARTESIAN_POINT('',(-10.1,34.45,7.));
#1359 = CIRCLE('',#1360,3.5);
#1360 = AXIS2_PLACEMENT_3D('',#1361,#1362,#1363);
#1361 = CARTESIAN_POINT('',(-13.6,34.45,7.));
#1362 = DIRECTION('',(0.,0.,1.));
#1363 = DIRECTION('',(1.,0.,0.));
#1364 = FACE_BOUND('',#1365,.T.);
#1365 = EDGE_LOOP('',(#1366));
#1366 = ORIENTED_EDGE('',*,*,#1157,.T.);
#1367 = PLANE('',#1368);
#1368 = AXIS2_PLACEMENT_3D('',#1369,#1370,#1371);
#1369 = CARTESIAN_POINT('',(-13.6,34.45,7.));
#1370 = DIRECTION('',(0.,0.,1.));
#1371 = DIRECTION('',(1.,0.,0.));
#1372 = ADVANCED_FACE('',(#1373,#1384),#1387,.T.);
#1373 = FACE_BOUND('',#1374,.T.);
#1374 = EDGE_LOOP('',(#1375));
#1375 = ORIENTED_EDGE('',*,*,#1376,.T.);
#1376 = EDGE_CURVE('',#1377,#1377,#1379,.T.);
#1377 = VERTEX_POINT('',#1378);
#1378 = CARTESIAN_POINT('',(17.1,34.45,7.));
#1379 = CIRCLE('',#1380,3.5);
#1380 = AXIS2_PLACEMENT_3D('',#1381,#1382,#1383);
#1381 = CARTESIAN_POINT('',(13.6,34.45,7.));
#1382 = DIRECTION('',(0.,0.,1.));
#1383 = DIRECTION('',(1.,0.,0.));
#1384 = FACE_BOUND('',#1385,.T.);
#1385 = EDGE_LOOP('',(#1386));
#1386 = ORIENTED_EDGE('',*,*,#1182,.T.);
#1387 = PLANE('',#1388);
#1388 = AXIS2_PLACEMENT_3D('',#1389,#1390,#1391);
#1389 = CARTESIAN_POINT('',(13.6,34.45,7.));
#1390 = DIRECTION('',(0.,0.,1.));
#1391 = DIRECTION('',(1.,0.,0.));
#1392 = ADVANCED_FACE('',(#1393),#1517,.T.);
#1393 = FACE_BOUND('',#1394,.F.);
#1394 = EDGE_LOOP('',(#1395,#1396,#1404,#1502,#1510,#1516));
#1395 = ORIENTED_EDGE('',*,*,#1201,.F.);
#1396 = ORIENTED_EDGE('',*,*,#1397,.T.);
#1397 = EDGE_CURVE('',#1202,#1398,#1400,.T.);
#1398 = VERTEX_POINT('',#1399);
#1399 = CARTESIAN_POINT('',(44.,-6.E-15,14.311111111111));
#1400 = LINE('',#1401,#1402);
#1401 = CARTESIAN_POINT('',(44.,-1.078E-14,14.));
#1402 = VECTOR('',#1403,1.);
#1403 = DIRECTION('',(0.,0.,1.));
#1404 = ORIENTED_EDGE('',*,*,#1405,.T.);
#1405 = EDGE_CURVE('',#1398,#1406,#1408,.T.);
#1406 = VERTEX_POINT('',#1407);
#1407 = CARTESIAN_POINT('',(44.,-1.1E-14,18.311110775031));
#1408 = B_SPLINE_CURVE_WITH_KNOTS('',8,(#1409,#1410,#1411,#1412,#1413,
    #1414,#1415,#1416,#1417,#1418,#1419,#1420,#1421,#1422,#1423,#1424,
    #1425,#1426,#1427,#1428,#1429,#1430,#1431,#1432,#1433,#1434,#1435,
    #1436,#1437,#1438,#1439,#1440,#1441,#1442,#1443,#1444,#1445,#1446,
    #1447,#1448,#1449,#1450,#1451,#1452,#1453,#1454,#1455,#1456,#1457,
    #1458,#1459,#1460,#1461,#1462,#1463,#1464,#1465,#1466,#1467,#1468,
    #1469,#1470,#1471,#1472,#1473,#1474,#1475,#1476,#1477,#1478,#1479,
    #1480,#1481,#1482,#1483,#1484,#1485,#1486,#1487,#1488,#1489,#1490,
    #1491,#1492,#1493,#1494,#1495,#1496,#1497,#1498,#1499,#1500,#1501),
  .UNSPECIFIED.,.F.,.F.,(9,7,7,7,7,7,7,7,7,7,7,7,7,9),(0.,
    4.825922486605E-02,0.109536529549,0.183885107048,0.269548285873,
    0.351424118241,0.490579542839,0.535214004463,0.575008307128,
    0.638587075898,0.717331912714,0.798070989293,0.895833427561,1.),
  .UNSPECIFIED.);
#1409 = CARTESIAN_POINT('',(44.,-7.11E-15,14.311111111111));
#1410 = CARTESIAN_POINT('',(44.,1.667554268106,14.335238338805));
#1411 = CARTESIAN_POINT('',(43.927773048216,3.335135593891,
    14.359365890309));
#1412 = CARTESIAN_POINT('',(43.783315109263,4.999057168073,
    14.38349308531));
#1413 = CARTESIAN_POINT('',(43.566852196176,6.655666437596,
    14.407619984341));
#1414 = CARTESIAN_POINT('',(43.278827999308,8.301343637755,
    14.431746940709));
#1415 = CARTESIAN_POINT('',(42.919899735087,9.932501572884,
    14.455874244908));
#1416 = CARTESIAN_POINT('',(42.49094221461,11.545586645635,
    14.480001861522));
#1417 = CARTESIAN_POINT('',(41.360872769957,15.157886338066,
    14.534765098005));
#1418 = CARTESIAN_POINT('',(40.617522948786,17.144000469654,
    14.565402365981));
#1419 = CARTESIAN_POINT('',(39.765262773413,19.08817387825,
    14.596039364093));
#1420 = CARTESIAN_POINT('',(38.806892839971,20.983448160733,
    14.626675805431));
#1421 = CARTESIAN_POINT('',(37.745716069165,22.823133679737,
    14.657312149991));
#1422 = CARTESIAN_POINT('',(36.585521698223,24.600803412313,
    14.687948900246));
#1423 = CARTESIAN_POINT('',(35.330599431527,26.310303129728,
    14.718585856885));
#1424 = CARTESIAN_POINT('',(32.354100805538,29.930121442403,
    14.786391771852));
#1425 = CARTESIAN_POINT('',(30.589869648616,31.805749914058,
    14.823564837355));
#1426 = CARTESIAN_POINT('',(28.701731088319,33.562079746447,
    14.860736137013));
#1427 = CARTESIAN_POINT('',(26.699179919483,35.189625913567,
    14.897905544473));
#1428 = CARTESIAN_POINT('',(24.592460576077,36.679877947535,
    14.935075032756));
#1429 = CARTESIAN_POINT('',(22.392528000793,38.02526189137,
    14.972246537316));
#1430 = CARTESIAN_POINT('',(20.111073730723,39.219188197319,
    15.009419850641));
#1431 = CARTESIAN_POINT('',(15.052460769545,41.450996479409,
    15.089418000369));
#1432 = CARTESIAN_POINT('',(12.252047283829,42.437768526113,
    15.132252283974));
#1433 = CARTESIAN_POINT('',(9.378596975359,43.207900921449,
    15.175084065904));
#1434 = CARTESIAN_POINT('',(6.451749751926,43.755289170337,
    15.217913194273));
#1435 = CARTESIAN_POINT('',(3.491473400925,44.075961571871,
    15.260742225956));
#1436 = CARTESIAN_POINT('',(0.518031895724,44.167957876371,
    15.303573763347));
#1437 = CARTESIAN_POINT('',(-2.448009725482,44.031454013199,
    15.34640775968));
#1438 = CARTESIAN_POINT('',(-8.193640798991,43.322838386551,
    15.430168665572));
#1439 = CARTESIAN_POINT('',(-10.9764083351,42.770162343426,
    15.471106768912));
#1440 = CARTESIAN_POINT('',(-13.71585988665,42.013269871051,
    15.512042200044));
#1441 = CARTESIAN_POINT('',(-16.39453083641,41.056273914554,
    15.552974655905));
#1442 = CARTESIAN_POINT('',(-18.99561045816,39.904967737487,
    15.593907195106));
#1443 = CARTESIAN_POINT('',(-21.50292106414,38.56673070517,
    15.634842848231));
#1444 = CARTESIAN_POINT('',(-23.90096795032,37.050611280622,
    15.675781235716));
#1445 = CARTESIAN_POINT('',(-30.04008666849,32.507134775047,
    15.78628617765));
#1446 = CARTESIAN_POINT('',(-33.55172105167,29.161108260401,
    15.85592800969));
#1447 = CARTESIAN_POINT('',(-36.63226314984,25.384423275736,
    15.925531077957));
#1448 = CARTESIAN_POINT('',(-39.2228055263,21.243609544176,
    15.995109298784));
#1449 = CARTESIAN_POINT('',(-41.2754850374,16.811481895652,
    16.064682790013));
#1450 = CARTESIAN_POINT('',(-42.7554686356,12.167914942367,
    16.134279945295));
#1451 = CARTESIAN_POINT('',(-43.63921991894,7.398588586467,
    16.20391922124));
#1452 = CARTESIAN_POINT('',(-44.01428479993,1.058978313767,
    16.295805295657));
#1453 = CARTESIAN_POINT('',(-44.04369624696,-0.484305098493,
    16.318120790734));
#1454 = CARTESIAN_POINT('',(-44.01125710055,-2.028349858582,
    16.340436372677));
#1455 = CARTESIAN_POINT('',(-43.91696122737,-3.570259901905,
    16.362751817293));
#1456 = CARTESIAN_POINT('',(-43.76096353262,-5.107152909467,
    16.385067113639));
#1457 = CARTESIAN_POINT('',(-43.54357702378,-6.636160325294,
    16.40738240604));
#1458 = CARTESIAN_POINT('',(-43.26527508029,-8.15442777001,
    16.429697771924));
#1459 = CARTESIAN_POINT('',(-42.6248379609,-11.00063562512,
    16.471908054528));
#1460 = CARTESIAN_POINT('',(-42.27506079978,-12.33138576767,
    16.491803364359));
#1461 = CARTESIAN_POINT('',(-41.87781861308,-13.64935452077,
    16.511698514561));
#1462 = CARTESIAN_POINT('',(-41.43366237429,-14.95256637388,
    16.531593534698));
#1463 = CARTESIAN_POINT('',(-40.94323898042,-16.23908080053,
    16.551488572179));
#1464 = CARTESIAN_POINT('',(-40.4072898397,-17.50699187843,
    16.571383759693));
#1465 = CARTESIAN_POINT('',(-39.82665193002,-18.75442879256,
    16.59127911216));
#1466 = CARTESIAN_POINT('',(-38.20468169891,-21.936926791,
    16.642960945369));
#1467 = CARTESIAN_POINT('',(-37.09536119565,-23.83746508781,
    16.674749229843));
#1468 = CARTESIAN_POINT('',(-35.87813859394,-25.67359495658,
    16.706537261649));
#1469 = CARTESIAN_POINT('',(-34.55742402848,-27.43818627759,
    16.738324689778));
#1470 = CARTESIAN_POINT('',(-33.13814604265,-29.12451840994,
    16.770112059202));
#1471 = CARTESIAN_POINT('',(-31.62573266573,-30.72626885286,
    16.801899966061));
#1472 = CARTESIAN_POINT('',(-30.02612651787,-32.23752812505,
    16.833688166054));
#1473 = CARTESIAN_POINT('',(-26.26472467985,-35.40576204415,
    16.904843444849));
#1474 = CARTESIAN_POINT('',(-24.05950771911,-37.01178586011,
    16.944215878753));
#1475 = CARTESIAN_POINT('',(-21.74259199897,-38.46037154451,
    16.983586040766));
#1476 = CARTESIAN_POINT('',(-19.32718329476,-39.74256232104,
    17.022953711359));
#1477 = CARTESIAN_POINT('',(-16.82717334577,-40.85078594789,
    17.062321469493));
#1478 = CARTESIAN_POINT('',(-14.25709568706,-41.77879153491,
    17.101691853609));
#1479 = CARTESIAN_POINT('',(-11.63214818632,-42.52172263281,
    17.141064562561));
#1480 = CARTESIAN_POINT('',(-6.236953075576,-43.6449760893,
    17.220799867121));
#1481 = CARTESIAN_POINT('',(-3.464101960249,-44.01576512281,
    17.261171120857));
#1482 = CARTESIAN_POINT('',(-0.666915960925,-44.18503631302,
    17.301540826444));
#1483 = CARTESIAN_POINT('',(2.137484773476,-44.15110072716,17.3419082378
    ));
#1484 = CARTESIAN_POINT('',(4.932048410818,-43.91397396024,
    17.382275575551));
#1485 = CARTESIAN_POINT('',(7.699801373471,-43.47528769772,
    17.422645089317));
#1486 = CARTESIAN_POINT('',(10.423866769246,-42.83837676224,
    17.463016100762));
#1487 = CARTESIAN_POINT('',(16.312725505867,-41.00374064878,
    17.552258873384));
#1488 = CARTESIAN_POINT('',(19.450590444878,-39.7156979771,
    17.601147022029));
#1489 = CARTESIAN_POINT('',(22.470839474787,-38.15356920912,
    17.650028344142));
#1490 = CARTESIAN_POINT('',(25.345713778343,-36.33028312292,
    17.698903830246));
#1491 = CARTESIAN_POINT('',(28.049438973838,-34.26167526794,
    17.747779644287));
#1492 = CARTESIAN_POINT('',(30.55825725391,-31.9664686814,17.79666177761
    ));
#1493 = CARTESIAN_POINT('',(32.850453575783,-29.46624317841,
    17.845550990547));
#1494 = CARTESIAN_POINT('',(37.098238144837,-23.93066213091,
    17.946508248542));
#1495 = CARTESIAN_POINT('',(39.023210397047,-20.86932502908,
    17.998604916794));
#1496 = CARTESIAN_POINT('',(40.658207103243,-17.63249194906,
    18.050693306426));
#1497 = CARTESIAN_POINT('',(41.985125254077,-14.2525173393,
    18.102774052203));
#1498 = CARTESIAN_POINT('',(42.990080932461,-10.7632478554,
    18.154853423776));
#1499 = CARTESIAN_POINT('',(43.663483996251,-7.199987735542,
    18.206938878253));
#1500 = CARTESIAN_POINT('',(43.999999999993,-3.599425220971,
    18.259032828196));
#1501 = CARTESIAN_POINT('',(44.,-1.421E-14,18.311110775031));
#1502 = ORIENTED_EDGE('',*,*,#1503,.F.);
#1503 = EDGE_CURVE('',#1504,#1406,#1506,.T.);
#1504 = VERTEX_POINT('',#1505);
#1505 = CARTESIAN_POINT('',(44.,-5.E-15,16.688888888889));
#1506 = LINE('',#1507,#1508);
#1507 = CARTESIAN_POINT('',(44.,-1.078E-14,14.));
#1508 = VECTOR('',#1509,1.);
#1509 = DIRECTION('',(0.,0.,1.));
#1510 = ORIENTED_EDGE('',*,*,#1511,.F.);
#1511 = EDGE_CURVE('',#1398,#1504,#1512,.T.);
#1512 = LINE('',#1513,#1514);
#1513 = CARTESIAN_POINT('',(44.,-1.078E-14,14.));
#1514 = VECTOR('',#1515,1.);
#1515 = DIRECTION('',(0.,0.,1.));
#1516 = ORIENTED_EDGE('',*,*,#1397,.F.);
#1517 = CYLINDRICAL_SURFACE('',#1518,44.);
#1518 = AXIS2_PLACEMENT_3D('',#1519,#1520,#1521);
#1519 = CARTESIAN_POINT('',(0.,0.,14.));
#1520 = DIRECTION('',(-0.,-0.,-1.));
#1521 = DIRECTION('',(1.,0.,0.));
#1522 = ADVANCED_FACE('',(#1523,#1550),#1556,.F.);
#1523 = FACE_BOUND('',#1524,.T.);
#1524 = EDGE_LOOP('',(#1525,#1535,#1542,#1543));
#1525 = ORIENTED_EDGE('',*,*,#1526,.F.);
#1526 = EDGE_CURVE('',#1527,#1529,#1531,.T.);
#1527 = VERTEX_POINT('',#1528);
#1528 = CARTESIAN_POINT('',(42.,-1.E-14,3.));
#1529 = VERTEX_POINT('',#1530);
#1530 = CARTESIAN_POINT('',(42.,-1.E-14,25.5));
#1531 = LINE('',#1532,#1533);
#1532 = CARTESIAN_POINT('',(42.,-1.029E-14,3.));
#1533 = VECTOR('',#1534,1.);
#1534 = DIRECTION('',(0.,0.,1.));
#1535 = ORIENTED_EDGE('',*,*,#1536,.F.);
#1536 = EDGE_CURVE('',#1527,#1527,#1537,.T.);
#1537 = CIRCLE('',#1538,42.);
#1538 = AXIS2_PLACEMENT_3D('',#1539,#1540,#1541);
#1539 = CARTESIAN_POINT('',(0.,0.,3.));
#1540 = DIRECTION('',(0.,0.,1.));
#1541 = DIRECTION('',(1.,0.,0.));
#1542 = ORIENTED_EDGE('',*,*,#1526,.T.);
#1543 = ORIENTED_EDGE('',*,*,#1544,.F.);
#1544 = EDGE_CURVE('',#1529,#1529,#1545,.T.);
#1545 = CIRCLE('',#1546,42.);
#1546 = AXIS2_PLACEMENT_3D('',#1547,#1548,#1549);
#1547 = CARTESIAN_POINT('',(0.,0.,25.5));
#1548 = DIRECTION('',(0.,0.,-1.));
#1549 = DIRECTION('',(1.,0.,0.));
#1550 = FACE_BOUND('',#1551,.T.);
#1551 = EDGE_LOOP('',(#1552,#1553,#1554,#1555));
#1552 = ORIENTED_EDGE('',*,*,#1226,.F.);
#1553 = ORIENTED_EDGE('',*,*,#1299,.T.);
#1554 = ORIENTED_EDGE('',*,*,#1282,.T.);
#1555 = ORIENTED_EDGE('',*,*,#1250,.F.);
#1556 = CYLINDRICAL_SURFACE('',#1557,42.);
#1557 = AXIS2_PLACEMENT_3D('',#1558,#1559,#1560);
#1558 = CARTESIAN_POINT('',(0.,0.,3.));
#1559 = DIRECTION('',(-0.,-0.,-1.));
#1560 = DIRECTION('',(1.,0.,0.));
#1561 = ADVANCED_FACE('',(#1562),#1581,.T.);
#1562 = FACE_BOUND('',#1563,.F.);
#1563 = EDGE_LOOP('',(#1564,#1573,#1579,#1580));
#1564 = ORIENTED_EDGE('',*,*,#1565,.T.);
#1565 = EDGE_CURVE('',#1566,#1566,#1568,.T.);
#1566 = VERTEX_POINT('',#1567);
#1567 = CARTESIAN_POINT('',(-10.1,-10.45,3.));
#1568 = CIRCLE('',#1569,3.5);
#1569 = AXIS2_PLACEMENT_3D('',#1570,#1571,#1572);
#1570 = CARTESIAN_POINT('',(-13.6,-10.45,3.));
#1571 = DIRECTION('',(0.,0.,-1.));
#1572 = DIRECTION('',(1.,0.,0.));
#1573 = ORIENTED_EDGE('',*,*,#1574,.T.);
#1574 = EDGE_CURVE('',#1566,#1317,#1575,.T.);
#1575 = LINE('',#1576,#1577);
#1576 = CARTESIAN_POINT('',(-10.1,-10.45,2.99));
#1577 = VECTOR('',#1578,1.);
#1578 = DIRECTION('',(0.,0.,1.));
#1579 = ORIENTED_EDGE('',*,*,#1316,.T.);
#1580 = ORIENTED_EDGE('',*,*,#1574,.F.);
#1581 = CYLINDRICAL_SURFACE('',#1582,3.5);
#1582 = AXIS2_PLACEMENT_3D('',#1583,#1584,#1585);
#1583 = CARTESIAN_POINT('',(-13.6,-10.45,2.99));
#1584 = DIRECTION('',(-0.,-0.,-1.));
#1585 = DIRECTION('',(1.,0.,0.));
#1586 = ADVANCED_FACE('',(#1587),#1606,.T.);
#1587 = FACE_BOUND('',#1588,.F.);
#1588 = EDGE_LOOP('',(#1589,#1598,#1604,#1605));
#1589 = ORIENTED_EDGE('',*,*,#1590,.T.);
#1590 = EDGE_CURVE('',#1591,#1591,#1593,.T.);
#1591 = VERTEX_POINT('',#1592);
#1592 = CARTESIAN_POINT('',(17.1,-10.45,3.));
#1593 = CIRCLE('',#1594,3.5);
#1594 = AXIS2_PLACEMENT_3D('',#1595,#1596,#1597);
#1595 = CARTESIAN_POINT('',(13.6,-10.45,3.));
#1596 = DIRECTION('',(0.,0.,-1.));
#1597 = DIRECTION('',(1.,0.,0.));
#1598 = ORIENTED_EDGE('',*,*,#1599,.T.);
#1599 = EDGE_CURVE('',#1591,#1337,#1600,.T.);
#1600 = LINE('',#1601,#1602);
#1601 = CARTESIAN_POINT('',(17.1,-10.45,2.99));
#1602 = VECTOR('',#1603,1.);
#1603 = DIRECTION('',(0.,0.,1.));
#1604 = ORIENTED_EDGE('',*,*,#1336,.T.);
#1605 = ORIENTED_EDGE('',*,*,#1599,.F.);
#1606 = CYLINDRICAL_SURFACE('',#1607,3.5);
#1607 = AXIS2_PLACEMENT_3D('',#1608,#1609,#1610);
#1608 = CARTESIAN_POINT('',(13.6,-10.45,2.99));
#1609 = DIRECTION('',(-0.,-0.,-1.));
#1610 = DIRECTION('',(1.,0.,0.));
#1611 = ADVANCED_FACE('',(#1612),#1631,.T.);
#1612 = FACE_BOUND('',#1613,.F.);
#1613 = EDGE_LOOP('',(#1614,#1623,#1629,#1630));
#1614 = ORIENTED_EDGE('',*,*,#1615,.T.);
#1615 = EDGE_CURVE('',#1616,#1616,#1618,.T.);
#1616 = VERTEX_POINT('',#1617);
#1617 = CARTESIAN_POINT('',(-10.1,34.45,3.));
#1618 = CIRCLE('',#1619,3.5);
#1619 = AXIS2_PLACEMENT_3D('',#1620,#1621,#1622);
#1620 = CARTESIAN_POINT('',(-13.6,34.45,3.));
#1621 = DIRECTION('',(0.,0.,-1.));
#1622 = DIRECTION('',(1.,0.,0.));
#1623 = ORIENTED_EDGE('',*,*,#1624,.T.);
#1624 = EDGE_CURVE('',#1616,#1357,#1625,.T.);
#1625 = LINE('',#1626,#1627);
#1626 = CARTESIAN_POINT('',(-10.1,34.45,2.99));
#1627 = VECTOR('',#1628,1.);
#1628 = DIRECTION('',(0.,0.,1.));
#1629 = ORIENTED_EDGE('',*,*,#1356,.T.);
#1630 = ORIENTED_EDGE('',*,*,#1624,.F.);
#1631 = CYLINDRICAL_SURFACE('',#1632,3.5);
#1632 = AXIS2_PLACEMENT_3D('',#1633,#1634,#1635);
#1633 = CARTESIAN_POINT('',(-13.6,34.45,2.99));
#1634 = DIRECTION('',(-0.,-0.,-1.));
#1635 = DIRECTION('',(1.,0.,0.));
#1636 = ADVANCED_FACE('',(#1637),#1656,.T.);
#1637 = FACE_BOUND('',#1638,.F.);
#1638 = EDGE_LOOP('',(#1639,#1648,#1654,#1655));
#1639 = ORIENTED_EDGE('',*,*,#1640,.T.);
#1640 = EDGE_CURVE('',#1641,#1641,#1643,.T.);
#1641 = VERTEX_POINT('',#1642);
#1642 = CARTESIAN_POINT('',(17.1,34.45,3.));
#1643 = CIRCLE('',#1644,3.5);
#1644 = AXIS2_PLACEMENT_3D('',#1645,#1646,#1647);
#1645 = CARTESIAN_POINT('',(13.6,34.45,3.));
#1646 = DIRECTION('',(0.,0.,-1.));
#1647 = DIRECTION('',(1.,0.,0.));
#1648 = ORIENTED_EDGE('',*,*,#1649,.T.);
#1649 = EDGE_CURVE('',#1641,#1377,#1650,.T.);
#1650 = LINE('',#1651,#1652);
#1651 = CARTESIAN_POINT('',(17.1,34.45,2.99));
#1652 = VECTOR('',#1653,1.);
#1653 = DIRECTION('',(0.,0.,1.));
#1654 = ORIENTED_EDGE('',*,*,#1376,.T.);
#1655 = ORIENTED_EDGE('',*,*,#1649,.F.);
#1656 = CYLINDRICAL_SURFACE('',#1657,3.5);
#1657 = AXIS2_PLACEMENT_3D('',#1658,#1659,#1660);
#1658 = CARTESIAN_POINT('',(13.6,34.45,2.99));
#1659 = DIRECTION('',(-0.,-0.,-1.));
#1660 = DIRECTION('',(1.,0.,0.));
#1661 = ADVANCED_FACE('',(#1662),#1684,.T.);
#1662 = FACE_BOUND('',#1663,.T.);
#1663 = EDGE_LOOP('',(#1664,#1665,#1672,#1679));
#1664 = ORIENTED_EDGE('',*,*,#1511,.F.);
#1665 = ORIENTED_EDGE('',*,*,#1666,.T.);
#1666 = EDGE_CURVE('',#1398,#1667,#1669,.T.);
#1667 = VERTEX_POINT('',#1668);
#1668 = CARTESIAN_POINT('',(45.6,-7.E-15,15.2));
#1669 = B_SPLINE_CURVE_WITH_KNOTS('',1,(#1670,#1671),.UNSPECIFIED.,.F.,
  .F.,(2,2),(0.,2.059126028197),.PIECEWISE_BEZIER_KNOTS.);
#1670 = CARTESIAN_POINT('',(43.8,0.,14.2));
#1671 = CARTESIAN_POINT('',(45.6,-7.11E-15,15.2));
#1672 = ORIENTED_EDGE('',*,*,#1673,.T.);
#1673 = EDGE_CURVE('',#1667,#1674,#1676,.T.);
#1674 = VERTEX_POINT('',#1675);
#1675 = CARTESIAN_POINT('',(45.6,0.,15.8));
#1676 = B_SPLINE_CURVE_WITH_KNOTS('',1,(#1677,#1678),.UNSPECIFIED.,.F.,
  .F.,(2,2),(0.,0.6),.PIECEWISE_BEZIER_KNOTS.);
#1677 = CARTESIAN_POINT('',(45.6,-7.11E-15,15.2));
#1678 = CARTESIAN_POINT('',(45.6,0.,15.8));
#1679 = ORIENTED_EDGE('',*,*,#1680,.T.);
#1680 = EDGE_CURVE('',#1674,#1504,#1681,.T.);
#1681 = B_SPLINE_CURVE_WITH_KNOTS('',1,(#1682,#1683),.UNSPECIFIED.,.F.,
  .F.,(2,2),(0.,2.059126028197),.PIECEWISE_BEZIER_KNOTS.);
#1682 = CARTESIAN_POINT('',(45.6,0.,15.8));
#1683 = CARTESIAN_POINT('',(43.8,0.,16.8));
#1684 = PLANE('',#1685);
#1685 = AXIS2_PLACEMENT_3D('',#1686,#1687,#1688);
#1686 = CARTESIAN_POINT('',(44.454039627751,1.23E-15,15.5));
#1687 = DIRECTION('',(-4.18E-15,-1.,3.5E-16));
#1688 = DIRECTION('',(-1.,4.18E-15,0.));
#1689 = ADVANCED_FACE('',(#1690),#1902,.T.);
#1690 = FACE_BOUND('',#1691,.F.);
#1691 = EDGE_LOOP('',(#1692,#1790,#1791,#1896));
#1692 = ORIENTED_EDGE('',*,*,#1693,.F.);
#1693 = EDGE_CURVE('',#1504,#1694,#1696,.T.);
#1694 = VERTEX_POINT('',#1695);
#1695 = CARTESIAN_POINT('',(44.,-1.1E-14,20.688889302804));
#1696 = B_SPLINE_CURVE_WITH_KNOTS('',8,(#1697,#1698,#1699,#1700,#1701,
    #1702,#1703,#1704,#1705,#1706,#1707,#1708,#1709,#1710,#1711,#1712,
    #1713,#1714,#1715,#1716,#1717,#1718,#1719,#1720,#1721,#1722,#1723,
    #1724,#1725,#1726,#1727,#1728,#1729,#1730,#1731,#1732,#1733,#1734,
    #1735,#1736,#1737,#1738,#1739,#1740,#1741,#1742,#1743,#1744,#1745,
    #1746,#1747,#1748,#1749,#1750,#1751,#1752,#1753,#1754,#1755,#1756,
    #1757,#1758,#1759,#1760,#1761,#1762,#1763,#1764,#1765,#1766,#1767,
    #1768,#1769,#1770,#1771,#1772,#1773,#1774,#1775,#1776,#1777,#1778,
    #1779,#1780,#1781,#1782,#1783,#1784,#1785,#1786,#1787,#1788,#1789),
  .UNSPECIFIED.,.F.,.F.,(9,7,7,7,7,7,7,7,7,7,7,7,7,9),(0.,
    4.826000936924E-02,0.109537811908,0.183887003547,0.269556681097,
    0.351366905996,0.430099276517,0.490139130901,0.532692598678,
    0.579694289737,0.71539109446,0.797691303616,0.882343016101,1.),
  .UNSPECIFIED.);
#1697 = CARTESIAN_POINT('',(44.,1.421E-14,16.688888888889));
#1698 = CARTESIAN_POINT('',(44.,1.667579562101,16.713016482554));
#1699 = CARTESIAN_POINT('',(43.927770856928,3.335186182416,
    16.737144442067));
#1700 = CARTESIAN_POINT('',(43.783308535958,4.999132871785,
    16.761272474928));
#1701 = CARTESIAN_POINT('',(43.566839065653,6.655766916212,
    16.785400459545));
#1702 = CARTESIAN_POINT('',(43.278806163427,8.301468396365,
    16.80952843263));
#1703 = CARTESIAN_POINT('',(42.919867083327,9.93264996127,
    16.833656479086));
#1704 = CARTESIAN_POINT('',(42.490896686124,11.545757856205,
    16.857784524366));
#1705 = CARTESIAN_POINT('',(41.360798626594,15.158090732181,
    16.912547756544));
#1706 = CARTESIAN_POINT('',(40.617433651097,17.144215205037,
    16.943184406848));
#1707 = CARTESIAN_POINT('',(39.765156988578,19.088397824449,
    16.973820293478));
#1708 = CARTESIAN_POINT('',(38.806769331728,20.983680044804,
    17.004455430927));
#1709 = CARTESIAN_POINT('',(37.745573713565,22.823372096728,
    17.035090647689));
#1710 = CARTESIAN_POINT('',(36.585359497288,24.601046839272,
    17.065726732541));
#1711 = CARTESIAN_POINT('',(35.330416525009,26.310549941343,
    17.096363614327));
#1712 = CARTESIAN_POINT('',(32.35387027287,29.93037222466,
    17.164170603535));
#1713 = CARTESIAN_POINT('',(30.589611816737,31.806000448197,
    17.201345077577));
#1714 = CARTESIAN_POINT('',(28.701445133956,33.562327325378,
    17.238518595787));
#1715 = CARTESIAN_POINT('',(26.698865294821,35.189867716009,
    17.275690623056));
#1716 = CARTESIAN_POINT('',(24.592117015752,36.680111070119,
    17.312862585256));
#1717 = CARTESIAN_POINT('',(22.39215553125,38.025483374503,
    17.350035937747));
#1718 = CARTESIAN_POINT('',(20.110672684972,39.219395052989,
    17.387210207911));
#1719 = CARTESIAN_POINT('',(15.051816567663,41.451246215019,
    17.467211481075));
#1720 = CARTESIAN_POINT('',(12.251176140959,42.438046701179,
    17.510047647439));
#1721 = CARTESIAN_POINT('',(9.377491676534,43.20817369433,
    17.552880193609));
#1722 = CARTESIAN_POINT('',(6.450407642849,43.755521705435,
    17.595709417182));
#1723 = CARTESIAN_POINT('',(3.489896432139,44.076118688234,
    17.63853871509));
#1724 = CARTESIAN_POINT('',(0.516226645509,44.168004646023,
    17.681371458534));
#1725 = CARTESIAN_POINT('',(-2.45003204143,44.031356411736,
    17.724207886733));
#1726 = CARTESIAN_POINT('',(-8.193593684052,43.32269911098,
    17.807939866481));
#1727 = CARTESIAN_POINT('',(-10.97411949012,42.770490527094,
    17.848846484701));
#1728 = CARTESIAN_POINT('',(-13.71140301804,42.014393786579,
    17.889751434401));
#1729 = CARTESIAN_POINT('',(-16.38802166358,41.058511123772,
    17.930653940703));
#1730 = CARTESIAN_POINT('',(-18.98720439922,39.908619827418,
    17.971556384245));
#1731 = CARTESIAN_POINT('',(-21.49281102382,38.572078474284,
    18.012461158985));
#1732 = CARTESIAN_POINT('',(-23.88938184624,37.057909553176,
    18.053367525587));
#1733 = CARTESIAN_POINT('',(-28.34962389555,33.759444181166,
    18.13363062518));
#1734 = CARTESIAN_POINT('',(-30.4229152324,31.987092957623,
    18.172996406923));
#1735 = CARTESIAN_POINT('',(-32.3690076041,30.06962620864,
    18.212359938511));
#1736 = CARTESIAN_POINT('',(-34.17613182385,28.017807002722,
    18.251720966181));
#1737 = CARTESIAN_POINT('',(-35.83370559311,25.84338612268,
    18.291082051727));
#1738 = CARTESIAN_POINT('',(-37.3322823356,23.559044506691,
    18.330445757908));
#1739 = CARTESIAN_POINT('',(-38.66361700001,21.178432084704,
    18.369811817048));
#1740 = CARTESIAN_POINT('',(-40.70333249276,16.838728765566,
    18.439191373628));
#1741 = CARTESIAN_POINT('',(-41.48467166811,14.913534436904,
    18.469209782274));
#1742 = CARTESIAN_POINT('',(-42.16181870994,12.947172641467,
    18.499227963391));
#1743 = CARTESIAN_POINT('',(-42.73227778392,10.946241623393,
    18.529245691375));
#1744 = CARTESIAN_POINT('',(-43.1940613324,8.917472105016,
    18.559263387851));
#1745 = CARTESIAN_POINT('',(-43.54567596769,6.867721678572,
    18.589281468009));
#1746 = CARTESIAN_POINT('',(-43.78613779472,4.803976738297,
    18.619299705818));
#1747 = CARTESIAN_POINT('',(-44.00636088976,1.265806102696,
    18.670591215208));
#1748 = CARTESIAN_POINT('',(-44.04165682157,-0.205258415453,
    18.691865972164));
#1749 = CARTESIAN_POINT('',(-44.02074541244,-1.677311058814,
    18.713140589296));
#1750 = CARTESIAN_POINT('',(-43.94360673531,-3.147842058935,
    18.734415031987));
#1751 = CARTESIAN_POINT('',(-43.81035419721,-4.614352197181,
    18.755689465008));
#1752 = CARTESIAN_POINT('',(-43.62123217445,-6.074352828023,
    18.776964107199));
#1753 = CARTESIAN_POINT('',(-43.37661756773,-7.525366150083,
    18.798239006537));
#1754 = CARTESIAN_POINT('',(-42.7461158354,-10.55496615951,
    18.843012366713));
#1755 = CARTESIAN_POINT('',(-42.34812510913,-12.1310760393,
    18.866511435164));
#1756 = CARTESIAN_POINT('',(-41.88374323475,-13.68991822104,
    18.890010603561));
#1757 = CARTESIAN_POINT('',(-41.35385706296,-15.22822826613,
    18.913509722045));
#1758 = CARTESIAN_POINT('',(-40.75953965285,-16.74281099282,
    18.93700880335));
#1759 = CARTESIAN_POINT('',(-40.10204647578,-18.23053944182,
    18.96050791812));
#1760 = CARTESIAN_POINT('',(-39.38281832942,-19.68835625562,
    18.984007010501));
#1761 = CARTESIAN_POINT('',(-36.35352439114,-25.22711362412,
    19.075347621165));
#1762 = CARTESIAN_POINT('',(-33.60050144416,-29.07063716648,
    19.143249559022));
#1763 = CARTESIAN_POINT('',(-30.3849974217,-32.56593151042,
    19.211115389645));
#1764 = CARTESIAN_POINT('',(-26.76021897108,-35.65013425179,
    19.27896095625));
#1765 = CARTESIAN_POINT('',(-22.78657146471,-38.26957178237,
    19.346810090272));
#1766 = CARTESIAN_POINT('',(-18.53246026789,-40.3812283822,
    19.414681275988));
#1767 = CARTESIAN_POINT('',(-14.07310215941,-41.95156471722,
    19.48258598556));
#1768 = CARTESIAN_POINT('',(-6.717815208072,-43.57703928327,
    19.591574401061));
#1769 = CARTESIAN_POINT('',(-3.895304525873,-43.98566595864,
    19.632725245139));
#1770 = CARTESIAN_POINT('',(-1.04529205445,-44.18514970271,
    19.673873334059));
#1771 = CARTESIAN_POINT('',(1.814103544999,-44.17352055412,
    19.715018324134));
#1772 = CARTESIAN_POINT('',(4.664823443243,-43.95064846838,
    19.756163342777));
#1773 = CARTESIAN_POINT('',(7.48888077502,-43.5181441041,19.79731150959)
  );
#1774 = CARTESIAN_POINT('',(10.268380686083,-42.87945622819,
    19.83846246822));
#1775 = CARTESIAN_POINT('',(15.780351535605,-41.17689482272,
    19.921931037292));
#1776 = CARTESIAN_POINT('',(18.509957582631,-40.10116314113,
    19.964259634734));
#1777 = CARTESIAN_POINT('',(21.154934168874,-38.81886440427,
    20.006585922042));
#1778 = CARTESIAN_POINT('',(23.697098534689,-37.33794959939,
    20.048909756303));
#1779 = CARTESIAN_POINT('',(26.119361356472,-35.66811489463,
    20.091233556361));
#1780 = CARTESIAN_POINT('',(28.405675101305,-33.82069563938,
    20.133559761475));
#1781 = CARTESIAN_POINT('',(30.541105732003,-31.80875735311,
    20.175888275334));
#1782 = CARTESIAN_POINT('',(35.251447477738,-26.64327970627,
    20.277033532142));
#1783 = CARTESIAN_POINT('',(37.675068860291,-23.34831409825,
    20.335886782402));
#1784 = CARTESIAN_POINT('',(39.744465201426,-19.80346142573,
    20.3947227534));
#1785 = CARTESIAN_POINT('',(41.430668163474,-16.05377890708,
    20.453545748353));
#1786 = CARTESIAN_POINT('',(42.711248626315,-12.14693997089,
    20.512370231874));
#1787 = CARTESIAN_POINT('',(43.570675819933,-8.133284332907,
    20.571209149132));
#1788 = CARTESIAN_POINT('',(44.000000000004,-4.065582853761,
    20.630064817573));
#1789 = CARTESIAN_POINT('',(44.,-1.421E-14,20.688889302804));
#1790 = ORIENTED_EDGE('',*,*,#1503,.T.);
#1791 = ORIENTED_EDGE('',*,*,#1792,.T.);
#1792 = EDGE_CURVE('',#1406,#1793,#1795,.T.);
#1793 = VERTEX_POINT('',#1794);
#1794 = CARTESIAN_POINT('',(44.,-1.1E-14,22.311112420019));
#1795 = B_SPLINE_CURVE_WITH_KNOTS('',8,(#1796,#1797,#1798,#1799,#1800,
    #1801,#1802,#1803,#1804,#1805,#1806,#1807,#1808,#1809,#1810,#1811,
    #1812,#1813,#1814,#1815,#1816,#1817,#1818,#1819,#1820,#1821,#1822,
    #1823,#1824,#1825,#1826,#1827,#1828,#1829,#1830,#1831,#1832,#1833,
    #1834,#1835,#1836,#1837,#1838,#1839,#1840,#1841,#1842,#1843,#1844,
    #1845,#1846,#1847,#1848,#1849,#1850,#1851,#1852,#1853,#1854,#1855,
    #1856,#1857,#1858,#1859,#1860,#1861,#1862,#1863,#1864,#1865,#1866,
    #1867,#1868,#1869,#1870,#1871,#1872,#1873,#1874,#1875,#1876,#1877,
    #1878,#1879,#1880,#1881,#1882,#1883,#1884,#1885,#1886,#1887,#1888,
    #1889,#1890,#1891,#1892,#1893,#1894,#1895),.UNSPECIFIED.,.F.,.F.,(9,
    7,7,7,7,7,7,7,7,7,7,7,7,7,9),(0.,6.486475702079E-02,0.106213612317,
    0.17113964812,0.251129909141,0.33084832355,0.414534238069,
    0.492607910637,0.552582827302,0.597688331817,0.637675635137,
    0.701770204003,0.776750890519,0.861254492424,1.),.UNSPECIFIED.);
#1796 = CARTESIAN_POINT('',(44.,1.421E-14,18.311110775031));
#1797 = CARTESIAN_POINT('',(44.,2.241366662147,18.34353977875));
#1798 = CARTESIAN_POINT('',(43.869513536893,4.482835363258,
    18.375970403404));
#1799 = CARTESIAN_POINT('',(43.608520513985,6.715388850707,
    18.408400645752));
#1800 = CARTESIAN_POINT('',(43.21777095304,8.930161094828,
    18.440830442629));
#1801 = CARTESIAN_POINT('',(42.698714510138,11.118425270137,
    18.473260486757));
#1802 = CARTESIAN_POINT('',(42.053477439271,13.271591715821,
    18.505691263559));
#1803 = CARTESIAN_POINT('',(41.284887003694,15.381215875464,
    18.538122308956));
#1804 = CARTESIAN_POINT('',(39.830257488924,18.750786928201,
    18.591224203858));
#1805 = CARTESIAN_POINT('',(39.215283010362,20.041558662249,
    18.611896904945));
#1806 = CARTESIAN_POINT('',(38.552535909182,21.309203666685,
    18.632569435207));
#1807 = CARTESIAN_POINT('',(37.843038825096,22.551658816672,
    18.653241800954));
#1808 = CARTESIAN_POINT('',(37.087916316289,23.766923024111,
    18.6739141668));
#1809 = CARTESIAN_POINT('',(36.288393003023,24.953056317181,
    18.694586690679));
#1810 = CARTESIAN_POINT('',(35.445794566237,26.108180589344,
    18.715259398077));
#1811 = CARTESIAN_POINT('',(33.173111945441,28.99272143663,
    18.768392396616));
#1812 = CARTESIAN_POINT('',(31.681910595774,30.674143740517,
    18.800854653347));
#1813 = CARTESIAN_POINT('',(30.093531601713,32.267624425734,
    18.833316604305));
#1814 = CARTESIAN_POINT('',(28.414073261216,33.766640568206,
    18.865777866991));
#1815 = CARTESIAN_POINT('',(26.650097793525,35.165217307236,
    18.898239055642));
#1816 = CARTESIAN_POINT('',(24.808612888748,36.45791108817,
    18.930700843986));
#1817 = CARTESIAN_POINT('',(22.897085134096,37.63982966402,
    18.963162972901));
#1818 = CARTESIAN_POINT('',(18.491968243816,40.021082137341,
    19.035614898842));
#1819 = CARTESIAN_POINT('',(15.965814659737,41.161055400999,
    19.075610509454));
#1820 = CARTESIAN_POINT('',(13.360014873978,42.118421483906,
    19.11560369094));
#1821 = CARTESIAN_POINT('',(10.690042738365,42.886824630559,
    19.155594229534));
#1822 = CARTESIAN_POINT('',(7.971782386496,43.461501364224,
    19.195584913168));
#1823 = CARTESIAN_POINT('',(5.221495187327,43.839202792975,
    19.235578461616));
#1824 = CARTESIAN_POINT('',(2.455826912949,44.018278350599,
    19.275574515174));
#1825 = CARTESIAN_POINT('',(-3.062723323731,43.97962938013,
    19.355422935359));
#1826 = CARTESIAN_POINT('',(-5.816222340828,43.763247076541,
    19.395283959441));
#1827 = CARTESIAN_POINT('',(-8.551740498058,43.349820738646,
    19.435143513112));
#1828 = CARTESIAN_POINT('',(-11.2528258638,42.741208195786,
    19.475000878857));
#1829 = CARTESIAN_POINT('',(-13.90342637464,41.940838951219,
    19.514858132488));
#1830 = CARTESIAN_POINT('',(-16.48788174377,40.953632313509,
    19.554717386546));
#1831 = CARTESIAN_POINT('',(-18.99095691065,39.786073137699,
    19.594578007283));
#1832 = CARTESIAN_POINT('',(-23.92466898077,37.04014536591,
    19.676273183554));
#1833 = CARTESIAN_POINT('',(-26.34613168333,35.443871804513,
    19.718117535665));
#1834 = CARTESIAN_POINT('',(-28.6451237684,33.667076584793,
    19.759958942189));
#1835 = CARTESIAN_POINT('',(-30.80603592634,31.720881982158,
    19.801797027581));
#1836 = CARTESIAN_POINT('',(-32.8146169028,29.617833500706,
    19.843635178401));
#1837 = CARTESIAN_POINT('',(-34.6579105731,27.371809017305,19.8854767676
    ));
#1838 = CARTESIAN_POINT('',(-36.32434409742,24.998084023793,
    19.927321384824));
#1839 = CARTESIAN_POINT('',(-39.1843620168,20.195642416767,
    20.00819485891));
#1840 = CARTESIAN_POINT('',(-40.40247272018,17.78076897194,
    20.047232986885));
#1841 = CARTESIAN_POINT('',(-41.45012934976,15.282526741825,
    20.086269834207));
#1842 = CARTESIAN_POINT('',(-42.32079236737,12.715023404026,
    20.125304750975));
#1843 = CARTESIAN_POINT('',(-43.00934889482,10.092807185597,
    20.164339582266));
#1844 = CARTESIAN_POINT('',(-43.51204701343,7.430835297552,
    20.203376193708));
#1845 = CARTESIAN_POINT('',(-43.82656808193,4.744483822994,
    20.242414000191));
#1846 = CARTESIAN_POINT('',(-44.0487739334,-2.05672831831E-02,
    20.31143239126));
#1847 = CARTESIAN_POINT('',(-44.03387917104,-2.096002903785,
    20.341418083946));
#1848 = CARTESIAN_POINT('',(-43.90720810438,-4.169602961386,
    20.371403092224));
#1849 = CARTESIAN_POINT('',(-43.66897912672,-6.234338864096,
    20.401387415654));
#1850 = CARTESIAN_POINT('',(-43.31992872882,-8.283253793183,
    20.431371796937));
#1851 = CARTESIAN_POINT('',(-42.86129640465,-10.30946249012,
    20.461356968196));
#1852 = CARTESIAN_POINT('',(-42.29483943999,-12.3061553072,
    20.491342883495));
#1853 = CARTESIAN_POINT('',(-41.11751333783,-15.74100858868,
    20.543878881684));
#1854 = CARTESIAN_POINT('',(-40.55245248238,-17.19497506851,
    20.566430275599));
#1855 = CARTESIAN_POINT('',(-39.92866770203,-18.62565755825,
    20.588981761964));
#1856 = CARTESIAN_POINT('',(-39.2472894152,-20.0302887076,
    20.611533110213));
#1857 = CARTESIAN_POINT('',(-38.50959786179,-21.40617853412,
    20.634084310588));
#1858 = CARTESIAN_POINT('',(-37.71702016479,-22.75071323173,
    20.656635508297));
#1859 = CARTESIAN_POINT('',(-36.871132366,-24.06135647255,
    20.679186777817));
#1860 = CARTESIAN_POINT('',(-35.17803754828,-26.46535323281,
    20.721729799705));
#1861 = CARTESIAN_POINT('',(-34.3418571069,-27.56650814719,
    20.741721953779));
#1862 = CARTESIAN_POINT('',(-33.46632842707,-28.63740679027,
    20.761713946016));
#1863 = CARTESIAN_POINT('',(-32.55273475188,-29.67641100119,
    20.781705807818));
#1864 = CARTESIAN_POINT('',(-31.60243608409,-30.68195290783,
    20.801697689504));
#1865 = CARTESIAN_POINT('',(-30.61686802085,-31.65253403524,
    20.821689724517));
#1866 = CARTESIAN_POINT('',(-29.59754259083,-32.58672622788,
    20.841681923851));
#1867 = CARTESIAN_POINT('',(-26.86064376332,-34.92006693416,
    20.89371902123));
#1868 = CARTESIAN_POINT('',(-25.09249385673,-36.2600738236,
    20.925765791543));
#1869 = CARTESIAN_POINT('',(-23.24821206122,-37.49753113898,
    20.957812284043));
#1870 = CARTESIAN_POINT('',(-21.33477648848,-38.62742899094,
    20.989858136289));
#1871 = CARTESIAN_POINT('',(-19.35949674509,-39.6453537791,
    21.021903919497));
#1872 = CARTESIAN_POINT('',(-17.33000018435,-40.54746960485,
    21.053950259234));
#1873 = CARTESIAN_POINT('',(-15.2542403396,-41.33053883352,
    21.085996908327));
#1874 = CARTESIAN_POINT('',(-10.66781199287,-42.76576730822,
    21.155529283289));
#1875 = CARTESIAN_POINT('',(-8.14280625281,-43.37321222879,
    21.193019598484));
#1876 = CARTESIAN_POINT('',(-5.578878453868,-43.81007971856,
    21.230508083399));
#1877 = CARTESIAN_POINT('',(-2.989511179512,-44.07357145055,
    21.267994570161));
#1878 = CARTESIAN_POINT('',(-0.388280916041,-44.16215787913,
    21.305481100657));
#1879 = CARTESIAN_POINT('',(2.211154522045,-44.07552176626,
    21.342969697605));
#1880 = CARTESIAN_POINT('',(4.795060595558,-43.81461497491,
    21.380460163189));
#1881 = CARTESIAN_POINT('',(10.2286266788,-42.8940760803,21.460196774744
    ));
#1882 = CARTESIAN_POINT('',(13.071036379489,-42.18789740546,
    21.502452067772));
#1883 = CARTESIAN_POINT('',(15.856921180166,-41.26656517601,
    21.544705086364));
#1884 = CARTESIAN_POINT('',(18.567309279588,-40.13553942291,
    21.586955666149));
#1885 = CARTESIAN_POINT('',(21.184077151771,-38.80214202005,
    21.62920619554));
#1886 = CARTESIAN_POINT('',(23.689912773796,-37.27544466915,
    21.671459115297));
#1887 = CARTESIAN_POINT('',(26.06837279563,-35.56636782563,
    21.713714348451));
#1888 = CARTESIAN_POINT('',(31.974793264488,-30.60389743479,
    21.825330874825));
#1889 = CARTESIAN_POINT('',(35.265165485363,-27.05958958952,
    21.894766774886));
#1890 = CARTESIAN_POINT('',(38.10157815153,-23.11417326728,
    21.964161653724));
#1891 = CARTESIAN_POINT('',(40.429788422003,-18.83704995051,
    22.033531350375));
#1892 = CARTESIAN_POINT('',(42.206815186718,-14.30312902884,
    22.102904136405));
#1893 = CARTESIAN_POINT('',(43.402955762974,-9.5935210871,
    22.172303899928));
#1894 = CARTESIAN_POINT('',(44.,-4.794385414796,22.241742964338));
#1895 = CARTESIAN_POINT('',(44.,2.132E-14,22.311112420019));
#1896 = ORIENTED_EDGE('',*,*,#1897,.F.);
#1897 = EDGE_CURVE('',#1694,#1793,#1898,.T.);
#1898 = LINE('',#1899,#1900);
#1899 = CARTESIAN_POINT('',(44.,-1.078E-14,14.));
#1900 = VECTOR('',#1901,1.);
#1901 = DIRECTION('',(0.,0.,1.));
#1902 = CYLINDRICAL_SURFACE('',#1903,44.);
#1903 = AXIS2_PLACEMENT_3D('',#1904,#1905,#1906);
#1904 = CARTESIAN_POINT('',(0.,0.,14.));
#1905 = DIRECTION('',(-0.,-0.,-1.));
#1906 = DIRECTION('',(1.,0.,0.));
#1907 = ADVANCED_FACE('',(#1908),#1971,.F.);
#1908 = FACE_BOUND('',#1909,.F.);
#1909 = EDGE_LOOP('',(#1910,#1911,#1912,#1951,#1958,#1970));
#1910 = ORIENTED_EDGE('',*,*,#1405,.F.);
#1911 = ORIENTED_EDGE('',*,*,#1666,.T.);
#1912 = ORIENTED_EDGE('',*,*,#1913,.T.);
#1913 = EDGE_CURVE('',#1667,#1914,#1916,.T.);
#1914 = VERTEX_POINT('',#1915);
#1915 = CARTESIAN_POINT('',(32.244069222106,32.244069222108,
    23.700000000004));
#1916 = B_SPLINE_CURVE_WITH_KNOTS('',9,(#1917,#1918,#1919,#1920,#1921,
    #1922,#1923,#1924,#1925,#1926,#1927,#1928,#1929,#1930,#1931,#1932,
    #1933,#1934,#1935,#1936,#1937,#1938,#1939,#1940,#1941,#1942,#1943,
    #1944,#1945,#1946,#1947,#1948,#1949,#1950),.UNSPECIFIED.,.F.,.F.,(10
    ,8,8,8,10),(0.,3.347291157551,6.694582315101,10.041873472652,
    13.389164630203),.UNSPECIFIED.);
#1917 = CARTESIAN_POINT('',(45.6,-7.11E-15,15.2));
#1918 = CARTESIAN_POINT('',(45.600000000018,16.912240451881,
    15.436111111103));
#1919 = CARTESIAN_POINT('',(38.54349310588,33.824782833088,
    15.672222222246));
#1920 = CARTESIAN_POINT('',(24.430390007271,47.370156683708,
    15.908333333297));
#1921 = CARTESIAN_POINT('',(5.133450035831,54.194340852035,
    16.144444444474));
#1922 = CARTESIAN_POINT('',(-15.60760364119,52.151525368632,
    16.380555555545));
#1923 = CARTESIAN_POINT('',(-33.20242603488,41.693819752048,
    16.616666666664));
#1924 = CARTESIAN_POINT('',(-44.40177846869,25.655386633968,
    16.852777777777));
#1925 = CARTESIAN_POINT('',(-48.02322322214,7.691157809881,
    17.088888888896));
#1926 = CARTESIAN_POINT('',(-41.42439435062,-25.48339517776,
    17.561111111087));
#1927 = CARTESIAN_POINT('',(-31.20400291857,-40.69431159724,
    17.797222222331));
#1928 = CARTESIAN_POINT('',(-14.7195077922,-51.22608505917,
    18.033333333134));
#1929 = CARTESIAN_POINT('',(5.537979175404,-54.15449820948,
    18.269444444649));
#1930 = CARTESIAN_POINT('',(25.481965791454,-48.10455601179,
    18.50555555544));
#1931 = CARTESIAN_POINT('',(40.698511450233,-34.41521270975,
    18.741666666684));
#1932 = CARTESIAN_POINT('',(48.553728385669,-16.5000683141,
    18.977777777792));
#1933 = CARTESIAN_POINT('',(48.600940907615,1.825491713482,
    19.213888888886));
#1934 = CARTESIAN_POINT('',(35.656872457414,33.075237318211,
    19.6861111111));
#1935 = CARTESIAN_POINT('',(22.665360398472,45.999980788395,
    19.922222222313));
#1936 = CARTESIAN_POINT('',(4.442963147539,53.113423713636,
    20.158333333076));
#1937 = CARTESIAN_POINT('',(-15.99658695269,52.033528571023,
    20.394444444876));
#1938 = CARTESIAN_POINT('',(-34.37707028682,42.208955544746,
    20.630555555076));
#1939 = CARTESIAN_POINT('',(-46.63057589447,25.814048343277,
    20.866666667024));
#1940 = CARTESIAN_POINT('',(-50.83978575006,6.7106616223,21.102777777606
    ));
#1941 = CARTESIAN_POINT('',(-47.31095168971,-11.27198861404,
    21.338888888932));
#1942 = CARTESIAN_POINT('',(-28.51907695227,-39.39601663735,
    21.811111111069));
#1943 = CARTESIAN_POINT('',(-13.25570078912,-49.5378965148,
    22.047222222357));
#1944 = CARTESIAN_POINT('',(6.004322079236,-52.95964328138,
    22.283333333117));
#1945 = CARTESIAN_POINT('',(25.840454864375,-47.91293961007,
    22.519444444633));
#1946 = CARTESIAN_POINT('',(41.951083249975,-34.69128858727,
    22.755555555494));
#1947 = CARTESIAN_POINT('',(50.770653457793,-16.22086457566,
    22.991666666616));
#1948 = CARTESIAN_POINT('',(51.172098659386,3.336632032309,
    23.227777777844));
#1949 = CARTESIAN_POINT('',(44.202829130653,20.285309313554,
    23.463888888858));
#1950 = CARTESIAN_POINT('',(32.244069222106,32.244069222108,
    23.700000000004));
#1951 = ORIENTED_EDGE('',*,*,#1952,.F.);
#1952 = EDGE_CURVE('',#1953,#1914,#1955,.T.);
#1953 = VERTEX_POINT('',#1954);
#1954 = CARTESIAN_POINT('',(31.112698372208,31.112698372208,
    22.81111111111));
#1955 = B_SPLINE_CURVE_WITH_KNOTS('',1,(#1956,#1957),.UNSPECIFIED.,.F.,
  .F.,(2,2),(0.,2.059126028197),.PIECEWISE_BEZIER_KNOTS.);
#1956 = CARTESIAN_POINT('',(30.971277015973,30.971277015973,22.7));
#1957 = CARTESIAN_POINT('',(32.244069222106,32.244069222108,
    23.700000000004));
#1958 = ORIENTED_EDGE('',*,*,#1959,.F.);
#1959 = EDGE_CURVE('',#1793,#1953,#1960,.T.);
#1960 = B_SPLINE_CURVE_WITH_KNOTS('',8,(#1961,#1962,#1963,#1964,#1965,
    #1966,#1967,#1968,#1969),.UNSPECIFIED.,.F.,.F.,(9,9),(0.,1.),
  .PIECEWISE_BEZIER_KNOTS.);
#1961 = CARTESIAN_POINT('',(44.,1.823E-14,22.311112420019));
#1962 = CARTESIAN_POINT('',(44.,4.318654835497,22.373598580244));
#1963 = CARTESIAN_POINT('',(43.515563509345,8.640087919856,
    22.436124078473));
#1964 = CARTESIAN_POINT('',(42.545606229083,12.896553668993,
    22.498625566351));
#1965 = CARTESIAN_POINT('',(41.101690308447,17.024870118818,
    22.561110107003));
#1966 = CARTESIAN_POINT('',(39.203533215139,20.965042913654,
    22.623594339054));
#1967 = CARTESIAN_POINT('',(36.879610258347,24.660697357637,
    22.686101247805));
#1968 = CARTESIAN_POINT('',(34.166431737696,28.05896500672,
    22.748626429882));
#1969 = CARTESIAN_POINT('',(31.112698372208,31.112698372208,
    22.81111111111));
#1970 = ORIENTED_EDGE('',*,*,#1792,.F.);
#1971 = B_SPLINE_SURFACE_WITH_KNOTS('',1,9,(
    (#1972,#1973,#1974,#1975,#1976,#1977,#1978,#1979,#1980,#1981,#1982
      ,#1983,#1984,#1985,#1986,#1987,#1988,#1989,#1990,#1991,#1992,#1993
      ,#1994,#1995,#1996,#1997,#1998,#1999,#2000,#2001,#2002,#2003,#2004
      ,#2005)
    ,(#2006,#2007,#2008,#2009,#2010,#2011,#2012,#2013,#2014,#2015,#2016
      ,#2017,#2018,#2019,#2020,#2021,#2022,#2023,#2024,#2025,#2026,#2027
      ,#2028,#2029,#2030,#2031,#2032,#2033,#2034,#2035,#2036,#2037,#2038
      ,#2039
    )),.UNSPECIFIED.,.F.,.F.,.F.,(2,2),(10,8,8,8,10),(0.,2.059126028197)
  ,(0.,3.347291157551,6.694582315101,10.041873472652,13.389164630203),
  .UNSPECIFIED.);
#1972 = CARTESIAN_POINT('',(43.8,0.,14.2));
#1973 = CARTESIAN_POINT('',(43.800000000015,16.244652012952,
    14.436111111111));
#1974 = CARTESIAN_POINT('',(37.022039430663,32.489594037165,
    14.672222222222));
#1975 = CARTESIAN_POINT('',(23.466032506953,45.500282077559,
    14.908333333334));
#1976 = CARTESIAN_POINT('',(4.930813850256,52.055090555464,
    15.144444444443));
#1977 = CARTESIAN_POINT('',(-14.99151402382,50.092912525006,
    15.380555555557));
#1978 = CARTESIAN_POINT('',(-31.89180395453,40.04801107765,
    15.616666666666));
#1979 = CARTESIAN_POINT('',(-42.64907668704,24.642674003701,
    15.852777777778));
#1980 = CARTESIAN_POINT('',(-46.1275696739,7.387559475268,
    16.088888888889));
#1981 = CARTESIAN_POINT('',(-39.7892208894,-24.47747168387,
    16.561111111111));
#1982 = CARTESIAN_POINT('',(-29.97226596131,-39.08795719217,
    16.797222222222));
#1983 = CARTESIAN_POINT('',(-14.13847458975,-49.20400275404,
    17.033333333334));
#1984 = CARTESIAN_POINT('',(5.319374734087,-52.01682064872,
    17.269444444445));
#1985 = CARTESIAN_POINT('',(24.476098720914,-46.20569195864,
    17.505555555554));
#1986 = CARTESIAN_POINT('',(39.091991261289,-33.05671747119,
    17.741666666669));
#1987 = CARTESIAN_POINT('',(46.637133844176,-15.84874982806,
    17.977777777776));
#1988 = CARTESIAN_POINT('',(46.682482713887,1.753432830067,
    18.213888888889));
#1989 = CARTESIAN_POINT('',(34.249364334094,31.769635845109,
    18.686111111111));
#1990 = CARTESIAN_POINT('',(21.770675119602,44.184192073095,
    18.922222222222));
#1991 = CARTESIAN_POINT('',(4.267583023285,51.016841198598,
    19.158333333336));
#1992 = CARTESIAN_POINT('',(-15.3651427309,49.979573495817,
    19.394444444438));
#1993 = CARTESIAN_POINT('',(-33.02008067015,40.542812562825,
    19.630555555564));
#1994 = CARTESIAN_POINT('',(-44.78989526714,24.795072750659,
    19.866666666659));
#1995 = CARTESIAN_POINT('',(-48.83295210198,6.445767084656,
    20.102777777782));
#1996 = CARTESIAN_POINT('',(-45.44341412302,-10.82704169508,
    20.338888888888));
#1997 = CARTESIAN_POINT('',(-27.39332391467,-37.84091071743,
    20.811111111112));
#1998 = CARTESIAN_POINT('',(-12.73244944223,-47.58245323141,
    21.047222222218));
#1999 = CARTESIAN_POINT('',(5.767309365691,-50.8691310464,21.28333333334
    ));
#2000 = CARTESIAN_POINT('',(24.82043690903,-46.02163936253,
    21.519444444439));
#2001 = CARTESIAN_POINT('',(40.295119437653,-33.32189561655,
    21.755555555556));
#2002 = CARTESIAN_POINT('',(48.766548715907,-15.58056728987,
    21.99166666667));
#2003 = CARTESIAN_POINT('',(49.152147396579,3.204922873165,
    22.227777777775));
#2004 = CARTESIAN_POINT('',(42.457980612321,19.48457341959,
    22.46388888889));
#2005 = CARTESIAN_POINT('',(30.971277015973,30.971277015973,22.7));
#2006 = CARTESIAN_POINT('',(45.6,-7.11E-15,15.2));
#2007 = CARTESIAN_POINT('',(45.600000000018,16.912240451881,
    15.436111111103));
#2008 = CARTESIAN_POINT('',(38.54349310588,33.824782833088,
    15.672222222246));
#2009 = CARTESIAN_POINT('',(24.430390007271,47.370156683708,
    15.908333333297));
#2010 = CARTESIAN_POINT('',(5.133450035831,54.194340852035,
    16.144444444474));
#2011 = CARTESIAN_POINT('',(-15.60760364119,52.151525368632,
    16.380555555545));
#2012 = CARTESIAN_POINT('',(-33.20242603488,41.693819752048,
    16.616666666664));
#2013 = CARTESIAN_POINT('',(-44.40177846869,25.655386633968,
    16.852777777777));
#2014 = CARTESIAN_POINT('',(-48.02322322214,7.691157809881,
    17.088888888896));
#2015 = CARTESIAN_POINT('',(-41.42439435062,-25.48339517776,
    17.561111111087));
#2016 = CARTESIAN_POINT('',(-31.20400291857,-40.69431159724,
    17.797222222331));
#2017 = CARTESIAN_POINT('',(-14.7195077922,-51.22608505917,
    18.033333333134));
#2018 = CARTESIAN_POINT('',(5.537979175404,-54.15449820948,
    18.269444444649));
#2019 = CARTESIAN_POINT('',(25.481965791454,-48.10455601179,
    18.50555555544));
#2020 = CARTESIAN_POINT('',(40.698511450233,-34.41521270975,
    18.741666666684));
#2021 = CARTESIAN_POINT('',(48.553728385669,-16.5000683141,
    18.977777777792));
#2022 = CARTESIAN_POINT('',(48.600940907615,1.825491713482,
    19.213888888886));
#2023 = CARTESIAN_POINT('',(35.656872457414,33.075237318211,
    19.6861111111));
#2024 = CARTESIAN_POINT('',(22.665360398472,45.999980788395,
    19.922222222313));
#2025 = CARTESIAN_POINT('',(4.442963147539,53.113423713636,
    20.158333333076));
#2026 = CARTESIAN_POINT('',(-15.99658695269,52.033528571023,
    20.394444444876));
#2027 = CARTESIAN_POINT('',(-34.37707028682,42.208955544746,
    20.630555555076));
#2028 = CARTESIAN_POINT('',(-46.63057589447,25.814048343277,
    20.866666667024));
#2029 = CARTESIAN_POINT('',(-50.83978575006,6.7106616223,21.102777777606
    ));
#2030 = CARTESIAN_POINT('',(-47.31095168971,-11.27198861404,
    21.338888888932));
#2031 = CARTESIAN_POINT('',(-28.51907695227,-39.39601663735,
    21.811111111069));
#2032 = CARTESIAN_POINT('',(-13.25570078912,-49.5378965148,
    22.047222222357));
#2033 = CARTESIAN_POINT('',(6.004322079236,-52.95964328138,
    22.283333333117));
#2034 = CARTESIAN_POINT('',(25.840454864375,-47.91293961007,
    22.519444444633));
#2035 = CARTESIAN_POINT('',(41.951083249975,-34.69128858727,
    22.755555555494));
#2036 = CARTESIAN_POINT('',(50.770653457793,-16.22086457566,
    22.991666666616));
#2037 = CARTESIAN_POINT('',(51.172098659386,3.336632032309,
    23.227777777844));
#2038 = CARTESIAN_POINT('',(44.202829130653,20.285309313554,
    23.463888888858));
#2039 = CARTESIAN_POINT('',(32.244069222106,32.244069222108,
    23.700000000004));
#2040 = ADVANCED_FACE('',(#2041,#2052),#2055,.T.);
#2041 = FACE_BOUND('',#2042,.T.);
#2042 = EDGE_LOOP('',(#2043));
#2043 = ORIENTED_EDGE('',*,*,#2044,.T.);
#2044 = EDGE_CURVE('',#2045,#2045,#2047,.T.);
#2045 = VERTEX_POINT('',#2046);
#2046 = CARTESIAN_POINT('',(44.,-1.1E-14,25.5));
#2047 = CIRCLE('',#2048,44.);
#2048 = AXIS2_PLACEMENT_3D('',#2049,#2050,#2051);
#2049 = CARTESIAN_POINT('',(0.,0.,25.5));
#2050 = DIRECTION('',(0.,0.,1.));
#2051 = DIRECTION('',(1.,0.,0.));
#2052 = FACE_BOUND('',#2053,.T.);
#2053 = EDGE_LOOP('',(#2054));
#2054 = ORIENTED_EDGE('',*,*,#1544,.T.);
#2055 = PLANE('',#2056);
#2056 = AXIS2_PLACEMENT_3D('',#2057,#2058,#2059);
#2057 = CARTESIAN_POINT('',(0.,0.,25.5));
#2058 = DIRECTION('',(0.,0.,1.));
#2059 = DIRECTION('',(1.,0.,0.));
#2060 = ADVANCED_FACE('',(#2061,#2064,#2067,#2070,#2073),#2076,.T.);
#2061 = FACE_BOUND('',#2062,.T.);
#2062 = EDGE_LOOP('',(#2063));
#2063 = ORIENTED_EDGE('',*,*,#1536,.T.);
#2064 = FACE_BOUND('',#2065,.T.);
#2065 = EDGE_LOOP('',(#2066));
#2066 = ORIENTED_EDGE('',*,*,#1565,.T.);
#2067 = FACE_BOUND('',#2068,.T.);
#2068 = EDGE_LOOP('',(#2069));
#2069 = ORIENTED_EDGE('',*,*,#1590,.T.);
#2070 = FACE_BOUND('',#2071,.T.);
#2071 = EDGE_LOOP('',(#2072));
#2072 = ORIENTED_EDGE('',*,*,#1615,.T.);
#2073 = FACE_BOUND('',#2074,.T.);
#2074 = EDGE_LOOP('',(#2075));
#2075 = ORIENTED_EDGE('',*,*,#1640,.T.);
#2076 = PLANE('',#2077);
#2077 = AXIS2_PLACEMENT_3D('',#2078,#2079,#2080);
#2078 = CARTESIAN_POINT('',(0.,0.,3.));
#2079 = DIRECTION('',(0.,0.,1.));
#2080 = DIRECTION('',(1.,0.,0.));
#2081 = ADVANCED_FACE('',(#2082),#2242,.F.);
#2082 = FACE_BOUND('',#2083,.F.);
#2083 = EDGE_LOOP('',(#2084,#2123,#2124,#2125,#2223,#2237));
#2084 = ORIENTED_EDGE('',*,*,#2085,.F.);
#2085 = EDGE_CURVE('',#1674,#2086,#2088,.T.);
#2086 = VERTEX_POINT('',#2087);
#2087 = CARTESIAN_POINT('',(32.244069222105,32.244069222108,
    24.300000000004));
#2088 = B_SPLINE_CURVE_WITH_KNOTS('',9,(#2089,#2090,#2091,#2092,#2093,
    #2094,#2095,#2096,#2097,#2098,#2099,#2100,#2101,#2102,#2103,#2104,
    #2105,#2106,#2107,#2108,#2109,#2110,#2111,#2112,#2113,#2114,#2115,
    #2116,#2117,#2118,#2119,#2120,#2121,#2122),.UNSPECIFIED.,.F.,.F.,(10
    ,8,8,8,10),(0.,3.347291157551,6.694582315101,10.041873472652,
    13.389164630203),.UNSPECIFIED.);
#2089 = CARTESIAN_POINT('',(45.6,0.,15.8));
#2090 = CARTESIAN_POINT('',(45.60000000002,16.912240451881,
    16.036111111103));
#2091 = CARTESIAN_POINT('',(38.543493105873,33.82478283309,
    16.272222222245));
#2092 = CARTESIAN_POINT('',(24.430390007287,47.370156683706,
    16.508333333298));
#2093 = CARTESIAN_POINT('',(5.133450035808,54.194340852037,
    16.744444444472));
#2094 = CARTESIAN_POINT('',(-15.60760364117,52.151525368631,
    16.980555555547));
#2095 = CARTESIAN_POINT('',(-33.2024260349,41.693819752049,
    17.216666666662));
#2096 = CARTESIAN_POINT('',(-44.40177846869,25.655386633967,
    17.452777777777));
#2097 = CARTESIAN_POINT('',(-48.02322322214,7.691157809882,
    17.688888888896));
#2098 = CARTESIAN_POINT('',(-41.42439435063,-25.48339517776,
    18.161111111087));
#2099 = CARTESIAN_POINT('',(-31.20400291853,-40.69431159723,
    18.39722222233));
#2100 = CARTESIAN_POINT('',(-14.71950779228,-51.22608505919,
    18.633333333135));
#2101 = CARTESIAN_POINT('',(5.537979175515,-54.15449820945,
    18.869444444648));
#2102 = CARTESIAN_POINT('',(25.481965791359,-48.10455601181,
    19.105555555442));
#2103 = CARTESIAN_POINT('',(40.698511450285,-34.41521270974,
    19.341666666683));
#2104 = CARTESIAN_POINT('',(48.553728385654,-16.50006831411,
    19.577777777793));
#2105 = CARTESIAN_POINT('',(48.600940907616,1.825491713482,
    19.813888888886));
#2106 = CARTESIAN_POINT('',(35.656872457418,33.075237318213,
    20.2861111111));
#2107 = CARTESIAN_POINT('',(22.665360398458,45.999980788391,
    20.522222222313));
#2108 = CARTESIAN_POINT('',(4.442963147549,53.113423713634,
    20.758333333076));
#2109 = CARTESIAN_POINT('',(-15.99658695267,52.03352857105,
    20.994444444877));
#2110 = CARTESIAN_POINT('',(-34.37707028688,42.208955544694,
    21.230555555075));
#2111 = CARTESIAN_POINT('',(-46.6305758944,25.814048343329,
    21.466666667025));
#2112 = CARTESIAN_POINT('',(-50.83978575011,6.71066162227,
    21.702777777606));
#2113 = CARTESIAN_POINT('',(-47.31095168969,-11.27198861403,
    21.938888888932));
#2114 = CARTESIAN_POINT('',(-28.51907695228,-39.39601663736,
    22.411111111069));
#2115 = CARTESIAN_POINT('',(-13.25570078908,-49.53789651477,
    22.647222222357));
#2116 = CARTESIAN_POINT('',(6.004322079142,-52.95964328144,
    22.883333333115));
#2117 = CARTESIAN_POINT('',(25.840454864498,-47.91293960998,
    23.119444444636));
#2118 = CARTESIAN_POINT('',(41.951083249867,-34.69128858736,
    23.355555555492));
#2119 = CARTESIAN_POINT('',(50.770653457859,-16.2208645756,
    23.591666666618));
#2120 = CARTESIAN_POINT('',(51.17209865936,3.336632032283,
    23.827777777843));
#2121 = CARTESIAN_POINT('',(44.20282913066,20.285309313561,
    24.063888888858));
#2122 = CARTESIAN_POINT('',(32.244069222105,32.244069222108,
    24.300000000004));
#2123 = ORIENTED_EDGE('',*,*,#1680,.T.);
#2124 = ORIENTED_EDGE('',*,*,#1693,.T.);
#2125 = ORIENTED_EDGE('',*,*,#2126,.T.);
#2126 = EDGE_CURVE('',#1694,#2127,#2129,.T.);
#2127 = VERTEX_POINT('',#2128);
#2128 = CARTESIAN_POINT('',(44.,-1.1E-14,24.688887487734));
#2129 = B_SPLINE_CURVE_WITH_KNOTS('',8,(#2130,#2131,#2132,#2133,#2134,
    #2135,#2136,#2137,#2138,#2139,#2140,#2141,#2142,#2143,#2144,#2145,
    #2146,#2147,#2148,#2149,#2150,#2151,#2152,#2153,#2154,#2155,#2156,
    #2157,#2158,#2159,#2160,#2161,#2162,#2163,#2164,#2165,#2166,#2167,
    #2168,#2169,#2170,#2171,#2172,#2173,#2174,#2175,#2176,#2177,#2178,
    #2179,#2180,#2181,#2182,#2183,#2184,#2185,#2186,#2187,#2188,#2189,
    #2190,#2191,#2192,#2193,#2194,#2195,#2196,#2197,#2198,#2199,#2200,
    #2201,#2202,#2203,#2204,#2205,#2206,#2207,#2208,#2209,#2210,#2211,
    #2212,#2213,#2214,#2215,#2216,#2217,#2218,#2219,#2220,#2221,#2222),
  .UNSPECIFIED.,.F.,.F.,(9,7,7,7,7,7,7,7,7,7,7,7,7,9),(0.,
    6.565956124436E-02,0.107406192285,0.169244330436,0.247844596191,
    0.331972744923,0.442115605814,0.55236613544,0.596685795588,
    0.640099287625,0.701911251916,0.77820220383,0.863045664602,1.),
  .UNSPECIFIED.);
#2130 = CARTESIAN_POINT('',(44.,7.11E-15,20.688889302804));
#2131 = CARTESIAN_POINT('',(44.,2.26879082205,20.721716195531));
#2132 = CARTESIAN_POINT('',(43.866300868018,4.537693271868,
    20.754544492859));
#2133 = CARTESIAN_POINT('',(43.598880353494,6.797348501199,
    20.787371779808));
#2134 = CARTESIAN_POINT('',(43.198526712405,9.038559080733,
    20.820197689455));
#2135 = CARTESIAN_POINT('',(42.66676268561,11.252276414943,
    20.853023285737));
#2136 = CARTESIAN_POINT('',(42.005820148621,13.429598855316,
    20.885849977488));
#2137 = CARTESIAN_POINT('',(41.218665432803,15.56178051198,
    20.918677963722));
#2138 = CARTESIAN_POINT('',(39.730754016403,18.961751076653,
    20.972375278621));
#2139 = CARTESIAN_POINT('',(39.102912886165,20.261597498184,
    20.993246613075));
#2140 = CARTESIAN_POINT('',(38.426505071691,21.537606934134,
    21.01411802456));
#2141 = CARTESIAN_POINT('',(37.702594099707,22.787663194132,
    21.034989426365));
#2142 = CARTESIAN_POINT('',(36.932349157471,24.009714342029,
    21.055860816521));
#2143 = CARTESIAN_POINT('',(36.11704337206,25.201771846293,
    21.076732219995));
#2144 = CARTESIAN_POINT('',(35.258055090716,26.36191153041,
    21.097603590602));
#2145 = CARTESIAN_POINT('',(33.021974637872,29.156729559718,
    21.149390433247));
#2146 = CARTESIAN_POINT('',(31.594421704429,30.751166442494,
    21.180307247619));
#2147 = CARTESIAN_POINT('',(30.079077503737,32.265480134909,
    21.211223266045));
#2148 = CARTESIAN_POINT('',(28.48122644659,33.69405463091,
    21.242138449228));
#2149 = CARTESIAN_POINT('',(26.806535884124,35.031724604013,
    21.27305364443));
#2150 = CARTESIAN_POINT('',(25.061042330617,36.273762827088,
    21.303969689921));
#2151 = CARTESIAN_POINT('',(23.25116123774,37.415895163007,
    21.334886547703));
#2152 = CARTESIAN_POINT('',(19.010082355299,39.774277527795,
    21.405098590663));
#2153 = CARTESIAN_POINT('',(16.543080224969,40.926904405283,
    21.444399242921));
#2154 = CARTESIAN_POINT('',(13.996830635957,41.904296300587,
    21.483698634321));
#2155 = CARTESIAN_POINT('',(11.385926936699,42.700219883461,
    21.522996065594));
#2156 = CARTESIAN_POINT('',(8.725368074054,43.309921115809,
    21.562293430016));
#2157 = CARTESIAN_POINT('',(6.030527513219,43.730055444227,
    21.601592669977));
#2158 = CARTESIAN_POINT('',(3.317162120882,43.958763020739,
    21.64089318527));
#2159 = CARTESIAN_POINT('',(-2.305232809815,44.035625914596,
    21.722248852307));
#2160 = CARTESIAN_POINT('',(-5.215321980102,43.855895720262,
    21.764313598366));
#2161 = CARTESIAN_POINT('',(-8.108884375647,43.456327231774,
    21.806375319709));
#2162 = CARTESIAN_POINT('',(-10.96654296166,42.838829403501,
    21.848433653077));
#2163 = CARTESIAN_POINT('',(-13.76940056252,42.007261180046,
    21.890492080149));
#2164 = CARTESIAN_POINT('',(-16.49903018858,40.967318392886,
    21.932554047142));
#2165 = CARTESIAN_POINT('',(-19.13752091977,39.726637654704,
    21.974619107399));
#2166 = CARTESIAN_POINT('',(-24.98000066283,36.42093179731,
    22.071745156322));
#2167 = CARTESIAN_POINT('',(-28.10845700221,34.218561361992,
    22.126833860582));
#2168 = CARTESIAN_POINT('',(-31.01292608486,31.71005648586,
    22.181911938405));
#2169 = CARTESIAN_POINT('',(-33.65900632601,28.922637375891,
    22.236980980327));
#2170 = CARTESIAN_POINT('',(-36.01642903919,25.887180055598,
    22.292049094235));
#2171 = CARTESIAN_POINT('',(-38.05922594769,22.638255403983,
    22.347125043548));
#2172 = CARTESIAN_POINT('',(-39.76566495062,19.213969021621,
    22.402211496553));
#2173 = CARTESIAN_POINT('',(-42.47559909948,12.096963594336,
    22.512394261924));
#2174 = CARTESIAN_POINT('',(-43.47947549266,8.401175232718,
    22.567533999819));
#2175 = CARTESIAN_POINT('',(-44.11480586795,4.61248377899,
    22.622662583661));
#2176 = CARTESIAN_POINT('',(-44.37245513382,0.773927281679,
    22.677782991616));
#2177 = CARTESIAN_POINT('',(-44.24882315789,-3.071279578091,
    22.732905394368));
#2178 = CARTESIAN_POINT('',(-43.74600081945,-6.879822841591,
    22.788037274114));
#2179 = CARTESIAN_POINT('',(-42.87161633032,-10.608371932,
    22.843179548147));
#2180 = CARTESIAN_POINT('',(-41.14625763269,-15.66303728578,
    22.920456765024));
#2181 = CARTESIAN_POINT('',(-40.59389093567,-17.09269755532,
    22.942614540114));
#2182 = CARTESIAN_POINT('',(-39.98478597056,-18.49999929871,
    22.964772142612));
#2183 = CARTESIAN_POINT('',(-39.32000899213,-19.88231482043,
    22.986929550251));
#2184 = CARTESIAN_POINT('',(-38.60076618584,-21.23708820929,
    23.009086968645));
#2185 = CARTESIAN_POINT('',(-37.82840096384,-22.56183424968,
    23.031244640112));
#2186 = CARTESIAN_POINT('',(-37.00439575677,-23.85413955027,
    23.053402587617));
#2187 = CARTESIAN_POINT('',(-35.2742311717,-26.34348061014,
    23.097264959453));
#2188 = CARTESIAN_POINT('',(-34.37007746131,-27.54195070572,
    23.118969916062));
#2189 = CARTESIAN_POINT('',(-33.41944437542,-28.70487471727,
    23.140674952218));
#2190 = CARTESIAN_POINT('',(-32.4239705938,-29.83015306959,
    23.162379974818));
#2191 = CARTESIAN_POINT('',(-31.38540130893,-30.91578371358,
    23.184084987492));
#2192 = CARTESIAN_POINT('',(-30.30558651395,-31.959860788,
    23.205790018718));
#2193 = CARTESIAN_POINT('',(-29.18648254055,-32.96057630171,
    23.227494999697));
#2194 = CARTESIAN_POINT('',(-26.38378473691,-35.27687357271,
    23.280102507599));
#2195 = CARTESIAN_POINT('',(-24.66186060009,-36.54624224313,
    23.311006433974));
#2196 = CARTESIAN_POINT('',(-22.87038302257,-37.71935191442,
    23.341909566154));
#2197 = CARTESIAN_POINT('',(-21.0156615614,-38.79178803761,
    23.372811890845));
#2198 = CARTESIAN_POINT('',(-19.10428877087,-39.75965386856,
    23.403714261565));
#2199 = CARTESIAN_POINT('',(-17.14312948533,-40.61955563963,
    23.434617505748));
#2200 = CARTESIAN_POINT('',(-15.13932735835,-41.36861948225,
    23.465521563748));
#2201 = CARTESIAN_POINT('',(-10.58370985241,-42.78942033919,
    23.534566573527));
#2202 = CARTESIAN_POINT('',(-8.013114611654,-43.40205517926,
    23.572712403148));
#2203 = CARTESIAN_POINT('',(-5.402637364529,-43.83799001928,
    23.610857149938));
#2204 = CARTESIAN_POINT('',(-2.766489007085,-44.09431722234,
    23.649000209114));
#2205 = CARTESIAN_POINT('',(-0.118975142175,-44.16948833048,
    23.687143205089));
#2206 = CARTESIAN_POINT('',(2.52551760787,-44.06325178826,
    23.725287796357));
#2207 = CARTESIAN_POINT('',(5.15252721503,-43.77671617537,23.76343344996
    ));
#2208 = CARTESIAN_POINT('',(10.633408322511,-42.79632567022,
    23.843992756256));
#2209 = CARTESIAN_POINT('',(13.480401932861,-42.06028326965,
    23.886415677784));
#2210 = CARTESIAN_POINT('',(16.268345579826,-41.10790971547,
    23.928835461822));
#2211 = CARTESIAN_POINT('',(18.978097555831,-39.94491551129,
    23.971251702992));
#2212 = CARTESIAN_POINT('',(21.59139010895,-38.57889547301,
    24.013668018288));
#2213 = CARTESIAN_POINT('',(24.09079674781,-37.01921358563,
    24.056088002274));
#2214 = CARTESIAN_POINT('',(26.459800225256,-35.2771009392,
    24.098511198041));
#2215 = CARTESIAN_POINT('',(32.271588198195,-30.28101345238,
    24.209400045838));
#2216 = CARTESIAN_POINT('',(35.484383062208,-26.75205734272,
    24.277936585678));
#2217 = CARTESIAN_POINT('',(38.251525840383,-22.83662130675,
    24.346437744057));
#2218 = CARTESIAN_POINT('',(40.521349888706,-18.60179889219,
    24.414915420886));
#2219 = CARTESIAN_POINT('',(42.253023372468,-14.11993266283,
    24.483389947744));
#2220 = CARTESIAN_POINT('',(43.418305253989,-9.469145737763,
    24.551885700493));
#2221 = CARTESIAN_POINT('',(44.,-4.732355322069,24.620418114582));
#2222 = CARTESIAN_POINT('',(44.,-1.421E-14,24.688887487734));
#2223 = ORIENTED_EDGE('',*,*,#2224,.T.);
#2224 = EDGE_CURVE('',#2127,#2225,#2227,.T.);
#2225 = VERTEX_POINT('',#2226);
#2226 = CARTESIAN_POINT('',(31.112698372208,31.112698372208,
    25.188888888888));
#2227 = B_SPLINE_CURVE_WITH_KNOTS('',8,(#2228,#2229,#2230,#2231,#2232,
    #2233,#2234,#2235,#2236),.UNSPECIFIED.,.F.,.F.,(9,9),(0.,1.),
  .PIECEWISE_BEZIER_KNOTS.);
#2228 = CARTESIAN_POINT('',(44.,-1.283E-14,24.688887487734));
#2229 = CARTESIAN_POINT('',(44.,4.318640099014,24.751371084236));
#2230 = CARTESIAN_POINT('',(43.515566820619,8.640084494156,
    24.81389603324));
#2231 = CARTESIAN_POINT('',(42.545605932109,12.896559192319,
    24.876400332075));
#2232 = CARTESIAN_POINT('',(41.101687281905,17.024874341321,
    24.938889772586));
#2233 = CARTESIAN_POINT('',(39.203532597643,20.96504032799,
    25.001379848522));
#2234 = CARTESIAN_POINT('',(36.879614539178,24.66069138361,
    25.063879200001));
#2235 = CARTESIAN_POINT('',(34.166435526079,28.058961218337,
    25.126404130143));
#2236 = CARTESIAN_POINT('',(31.112698372208,31.112698372208,
    25.188888888888));
#2237 = ORIENTED_EDGE('',*,*,#2238,.F.);
#2238 = EDGE_CURVE('',#2086,#2225,#2239,.T.);
#2239 = B_SPLINE_CURVE_WITH_KNOTS('',1,(#2240,#2241),.UNSPECIFIED.,.F.,
  .F.,(2,2),(0.,2.059126028197),.PIECEWISE_BEZIER_KNOTS.);
#2240 = CARTESIAN_POINT('',(32.244069222105,32.244069222108,
    24.300000000004));
#2241 = CARTESIAN_POINT('',(30.971277015969,30.971277015969,25.3));
#2242 = B_SPLINE_SURFACE_WITH_KNOTS('',1,9,(
    (#2243,#2244,#2245,#2246,#2247,#2248,#2249,#2250,#2251,#2252,#2253
      ,#2254,#2255,#2256,#2257,#2258,#2259,#2260,#2261,#2262,#2263,#2264
      ,#2265,#2266,#2267,#2268,#2269,#2270,#2271,#2272,#2273,#2274,#2275
      ,#2276)
    ,(#2277,#2278,#2279,#2280,#2281,#2282,#2283,#2284,#2285,#2286,#2287
      ,#2288,#2289,#2290,#2291,#2292,#2293,#2294,#2295,#2296,#2297,#2298
      ,#2299,#2300,#2301,#2302,#2303,#2304,#2305,#2306,#2307,#2308,#2309
      ,#2310
    )),.UNSPECIFIED.,.F.,.F.,.F.,(2,2),(10,8,8,8,10),(0.,2.059126028197)
  ,(0.,3.347291157551,6.694582315101,10.041873472652,13.389164630203),
  .UNSPECIFIED.);
#2243 = CARTESIAN_POINT('',(45.6,0.,15.8));
#2244 = CARTESIAN_POINT('',(45.60000000002,16.912240451881,
    16.036111111103));
#2245 = CARTESIAN_POINT('',(38.543493105873,33.824782833091,
    16.272222222245));
#2246 = CARTESIAN_POINT('',(24.430390007286,47.370156683703,
    16.508333333298));
#2247 = CARTESIAN_POINT('',(5.133450035808,54.194340852042,
    16.744444444472));
#2248 = CARTESIAN_POINT('',(-15.60760364117,52.151525368627,
    16.980555555547));
#2249 = CARTESIAN_POINT('',(-33.20242603489,41.693819752051,
    17.216666666662));
#2250 = CARTESIAN_POINT('',(-44.40177846869,25.655386633966,
    17.452777777777));
#2251 = CARTESIAN_POINT('',(-48.02322322214,7.691157809882,
    17.688888888896));
#2252 = CARTESIAN_POINT('',(-41.42439435063,-25.48339517776,
    18.161111111087));
#2253 = CARTESIAN_POINT('',(-31.20400291853,-40.69431159723,
    18.39722222233));
#2254 = CARTESIAN_POINT('',(-14.71950779229,-51.22608505919,
    18.633333333135));
#2255 = CARTESIAN_POINT('',(5.537979175518,-54.15449820946,
    18.869444444648));
#2256 = CARTESIAN_POINT('',(25.481965791356,-48.10455601181,
    19.105555555441));
#2257 = CARTESIAN_POINT('',(40.698511450287,-34.41521270974,
    19.341666666683));
#2258 = CARTESIAN_POINT('',(48.553728385653,-16.50006831411,
    19.577777777792));
#2259 = CARTESIAN_POINT('',(48.600940907616,1.825491713482,
    19.813888888886));
#2260 = CARTESIAN_POINT('',(35.656872457417,33.075237318213,
    20.2861111111));
#2261 = CARTESIAN_POINT('',(22.665360398458,45.999980788391,
    20.522222222313));
#2262 = CARTESIAN_POINT('',(4.442963147549,53.113423713633,
    20.758333333076));
#2263 = CARTESIAN_POINT('',(-15.99658695267,52.033528571051,
    20.994444444876));
#2264 = CARTESIAN_POINT('',(-34.37707028688,42.208955544693,
    21.230555555076));
#2265 = CARTESIAN_POINT('',(-46.6305758944,25.81404834333,
    21.466666667025));
#2266 = CARTESIAN_POINT('',(-50.83978575011,6.71066162227,
    21.702777777606));
#2267 = CARTESIAN_POINT('',(-47.31095168969,-11.27198861403,
    21.938888888932));
#2268 = CARTESIAN_POINT('',(-28.51907695228,-39.39601663736,
    22.411111111069));
#2269 = CARTESIAN_POINT('',(-13.25570078908,-49.53789651477,
    22.647222222357));
#2270 = CARTESIAN_POINT('',(6.004322079142,-52.95964328144,
    22.883333333117));
#2271 = CARTESIAN_POINT('',(25.840454864498,-47.91293960998,
    23.119444444633));
#2272 = CARTESIAN_POINT('',(41.951083249867,-34.69128858736,
    23.355555555494));
#2273 = CARTESIAN_POINT('',(50.770653457859,-16.2208645756,
    23.591666666616));
#2274 = CARTESIAN_POINT('',(51.17209865936,3.336632032282,
    23.827777777845));
#2275 = CARTESIAN_POINT('',(44.20282913066,20.285309313561,
    24.063888888858));
#2276 = CARTESIAN_POINT('',(32.244069222105,32.244069222108,
    24.300000000004));
#2277 = CARTESIAN_POINT('',(43.8,0.,16.8));
#2278 = CARTESIAN_POINT('',(43.800000000024,16.244652012952,
    17.036111111111));
#2279 = CARTESIAN_POINT('',(37.02203943063,32.489594037165,
    17.272222222222));
#2280 = CARTESIAN_POINT('',(23.46603250703,45.500282077562,
    17.508333333333));
#2281 = CARTESIAN_POINT('',(4.930813850147,52.055090555456,
    17.744444444445));
#2282 = CARTESIAN_POINT('',(-14.99151402372,50.09291252502,
    17.980555555556));
#2283 = CARTESIAN_POINT('',(-31.89180395458,40.04801107764,
    18.216666666666));
#2284 = CARTESIAN_POINT('',(-42.64907668703,24.642674003704,
    18.452777777778));
#2285 = CARTESIAN_POINT('',(-46.12756967389,7.387559475269,
    18.688888888889));
#2286 = CARTESIAN_POINT('',(-39.78922088943,-24.47747168388,
    19.161111111111));
#2287 = CARTESIAN_POINT('',(-29.97226596114,-39.08795719214,
    19.397222222222));
#2288 = CARTESIAN_POINT('',(-14.13847459012,-49.20400275412,
    19.633333333333));
#2289 = CARTESIAN_POINT('',(5.319374734565,-52.01682064862,
    19.869444444445));
#2290 = CARTESIAN_POINT('',(24.476098720508,-46.20569195875,
    20.105555555554));
#2291 = CARTESIAN_POINT('',(39.091991261511,-33.05671747112,
    20.341666666669));
#2292 = CARTESIAN_POINT('',(46.637133844109,-15.84874982808,
    20.577777777776));
#2293 = CARTESIAN_POINT('',(46.682482713889,1.753432830068,
    20.813888888889));
#2294 = CARTESIAN_POINT('',(34.24936433411,31.769635845117,
    21.286111111111));
#2295 = CARTESIAN_POINT('',(21.770675119541,44.184192073077,
    21.522222222222));
#2296 = CARTESIAN_POINT('',(4.26758302333,51.016841198582,
    21.758333333336));
#2297 = CARTESIAN_POINT('',(-15.3651427308,49.979573495943,
    21.994444444439));
#2298 = CARTESIAN_POINT('',(-33.02008067042,40.542812562594,
    22.230555555563));
#2299 = CARTESIAN_POINT('',(-44.78989526684,24.795072750889,
    22.46666666666));
#2300 = CARTESIAN_POINT('',(-48.83295210217,6.445767084524,
    22.702777777781));
#2301 = CARTESIAN_POINT('',(-45.44341412297,-10.82704169504,
    22.938888888888));
#2302 = CARTESIAN_POINT('',(-27.39332391472,-37.84091071746,
    23.411111111112));
#2303 = CARTESIAN_POINT('',(-12.73244944204,-47.58245323128,
    23.647222222218));
#2304 = CARTESIAN_POINT('',(5.767309365284,-50.86913104669,
    23.883333333341));
#2305 = CARTESIAN_POINT('',(24.820436909565,-46.02163936213,
    24.119444444438));
#2306 = CARTESIAN_POINT('',(40.29511943718,-33.32189561693,
    24.355555555558));
#2307 = CARTESIAN_POINT('',(48.766548716195,-15.58056728961,
    24.591666666668));
#2308 = CARTESIAN_POINT('',(49.152147396462,3.204922873051,
    24.827777777776));
#2309 = CARTESIAN_POINT('',(42.457980612352,19.484573419621,
    25.06388888889));
#2310 = CARTESIAN_POINT('',(30.971277015969,30.971277015969,25.3));
#2311 = ADVANCED_FACE('',(#2312),#2322,.F.);
#2312 = FACE_BOUND('',#2313,.F.);
#2313 = EDGE_LOOP('',(#2314,#2315,#2316,#2317));
#2314 = ORIENTED_EDGE('',*,*,#1913,.F.);
#2315 = ORIENTED_EDGE('',*,*,#1673,.T.);
#2316 = ORIENTED_EDGE('',*,*,#2085,.T.);
#2317 = ORIENTED_EDGE('',*,*,#2318,.F.);
#2318 = EDGE_CURVE('',#1914,#2086,#2319,.T.);
#2319 = B_SPLINE_CURVE_WITH_KNOTS('',1,(#2320,#2321),.UNSPECIFIED.,.F.,
  .F.,(2,2),(0.,0.6),.PIECEWISE_BEZIER_KNOTS.);
#2320 = CARTESIAN_POINT('',(32.244069222106,32.244069222108,
    23.700000000004));
#2321 = CARTESIAN_POINT('',(32.244069222105,32.244069222108,
    24.300000000004));
#2322 = B_SPLINE_SURFACE_WITH_KNOTS('',1,9,(
    (#2323,#2324,#2325,#2326,#2327,#2328,#2329,#2330,#2331,#2332,#2333
      ,#2334,#2335,#2336,#2337,#2338,#2339,#2340,#2341,#2342,#2343,#2344
      ,#2345,#2346,#2347,#2348,#2349,#2350,#2351,#2352,#2353,#2354,#2355
      ,#2356)
    ,(#2357,#2358,#2359,#2360,#2361,#2362,#2363,#2364,#2365,#2366,#2367
      ,#2368,#2369,#2370,#2371,#2372,#2373,#2374,#2375,#2376,#2377,#2378
      ,#2379,#2380,#2381,#2382,#2383,#2384,#2385,#2386,#2387,#2388,#2389
      ,#2390
    )),.UNSPECIFIED.,.F.,.F.,.F.,(2,2),(10,8,8,8,10),(0.,0.6),(0.,
    3.347291157551,6.694582315101,10.041873472652,13.389164630203),
  .UNSPECIFIED.);
#2323 = CARTESIAN_POINT('',(45.6,-7.11E-15,15.2));
#2324 = CARTESIAN_POINT('',(45.600000000018,16.912240451881,
    15.436111111103));
#2325 = CARTESIAN_POINT('',(38.54349310588,33.824782833088,
    15.672222222246));
#2326 = CARTESIAN_POINT('',(24.43039000727,47.370156683708,
    15.908333333297));
#2327 = CARTESIAN_POINT('',(5.133450035831,54.194340852035,
    16.144444444474));
#2328 = CARTESIAN_POINT('',(-15.60760364119,52.151525368632,
    16.380555555546));
#2329 = CARTESIAN_POINT('',(-33.20242603488,41.693819752048,
    16.616666666663));
#2330 = CARTESIAN_POINT('',(-44.40177846869,25.655386633968,
    16.852777777777));
#2331 = CARTESIAN_POINT('',(-48.02322322214,7.691157809881,
    17.088888888896));
#2332 = CARTESIAN_POINT('',(-41.42439435062,-25.48339517776,
    17.561111111087));
#2333 = CARTESIAN_POINT('',(-31.20400291857,-40.69431159724,
    17.797222222331));
#2334 = CARTESIAN_POINT('',(-14.7195077922,-51.22608505917,
    18.033333333134));
#2335 = CARTESIAN_POINT('',(5.537979175405,-54.15449820948,
    18.269444444649));
#2336 = CARTESIAN_POINT('',(25.481965791453,-48.10455601179,
    18.50555555544));
#2337 = CARTESIAN_POINT('',(40.698511450234,-34.41521270975,
    18.741666666684));
#2338 = CARTESIAN_POINT('',(48.553728385669,-16.5000683141,
    18.977777777792));
#2339 = CARTESIAN_POINT('',(48.600940907615,1.825491713482,
    19.213888888886));
#2340 = CARTESIAN_POINT('',(35.656872457414,33.075237318211,
    19.6861111111));
#2341 = CARTESIAN_POINT('',(22.665360398472,45.999980788394,
    19.922222222313));
#2342 = CARTESIAN_POINT('',(4.442963147538,53.113423713638,
    20.158333333077));
#2343 = CARTESIAN_POINT('',(-15.99658695269,52.03352857102,
    20.394444444875));
#2344 = CARTESIAN_POINT('',(-34.37707028682,42.208955544749,
    20.630555555077));
#2345 = CARTESIAN_POINT('',(-46.63057589447,25.814048343275,
    20.866666667023));
#2346 = CARTESIAN_POINT('',(-50.83978575006,6.710661622301,
    21.102777777606));
#2347 = CARTESIAN_POINT('',(-47.31095168971,-11.27198861404,
    21.338888888932));
#2348 = CARTESIAN_POINT('',(-28.51907695227,-39.39601663735,
    21.811111111069));
#2349 = CARTESIAN_POINT('',(-13.25570078912,-49.5378965148,
    22.047222222357));
#2350 = CARTESIAN_POINT('',(6.004322079233,-52.95964328138,
    22.283333333116));
#2351 = CARTESIAN_POINT('',(25.840454864379,-47.91293961007,
    22.519444444634));
#2352 = CARTESIAN_POINT('',(41.951083249971,-34.69128858727,
    22.755555555493));
#2353 = CARTESIAN_POINT('',(50.770653457796,-16.22086457566,
    22.991666666617));
#2354 = CARTESIAN_POINT('',(51.172098659385,3.33663203231,
    23.227777777844));
#2355 = CARTESIAN_POINT('',(44.202829130654,20.285309313553,
    23.463888888858));
#2356 = CARTESIAN_POINT('',(32.244069222106,32.244069222108,
    23.700000000004));
#2357 = CARTESIAN_POINT('',(45.6,0.,15.8));
#2358 = CARTESIAN_POINT('',(45.60000000002,16.912240451881,
    16.036111111103));
#2359 = CARTESIAN_POINT('',(38.543493105873,33.82478283309,
    16.272222222245));
#2360 = CARTESIAN_POINT('',(24.430390007287,47.370156683706,
    16.508333333298));
#2361 = CARTESIAN_POINT('',(5.133450035808,54.194340852037,
    16.744444444472));
#2362 = CARTESIAN_POINT('',(-15.60760364117,52.151525368631,
    16.980555555547));
#2363 = CARTESIAN_POINT('',(-33.2024260349,41.693819752049,
    17.216666666662));
#2364 = CARTESIAN_POINT('',(-44.40177846869,25.655386633967,
    17.452777777777));
#2365 = CARTESIAN_POINT('',(-48.02322322214,7.691157809882,
    17.688888888896));
#2366 = CARTESIAN_POINT('',(-41.42439435063,-25.48339517776,
    18.161111111087));
#2367 = CARTESIAN_POINT('',(-31.20400291853,-40.69431159723,
    18.39722222233));
#2368 = CARTESIAN_POINT('',(-14.71950779228,-51.22608505919,
    18.633333333135));
#2369 = CARTESIAN_POINT('',(5.537979175515,-54.15449820945,
    18.869444444648));
#2370 = CARTESIAN_POINT('',(25.481965791359,-48.10455601181,
    19.105555555442));
#2371 = CARTESIAN_POINT('',(40.698511450285,-34.41521270974,
    19.341666666683));
#2372 = CARTESIAN_POINT('',(48.553728385654,-16.50006831411,
    19.577777777793));
#2373 = CARTESIAN_POINT('',(48.600940907616,1.825491713482,
    19.813888888886));
#2374 = CARTESIAN_POINT('',(35.656872457418,33.075237318213,
    20.2861111111));
#2375 = CARTESIAN_POINT('',(22.665360398458,45.999980788391,
    20.522222222313));
#2376 = CARTESIAN_POINT('',(4.442963147549,53.113423713634,
    20.758333333076));
#2377 = CARTESIAN_POINT('',(-15.99658695267,52.03352857105,
    20.994444444877));
#2378 = CARTESIAN_POINT('',(-34.37707028688,42.208955544694,
    21.230555555075));
#2379 = CARTESIAN_POINT('',(-46.6305758944,25.814048343329,
    21.466666667025));
#2380 = CARTESIAN_POINT('',(-50.83978575011,6.71066162227,
    21.702777777606));
#2381 = CARTESIAN_POINT('',(-47.31095168969,-11.27198861403,
    21.938888888932));
#2382 = CARTESIAN_POINT('',(-28.51907695228,-39.39601663736,
    22.411111111069));
#2383 = CARTESIAN_POINT('',(-13.25570078908,-49.53789651477,
    22.647222222357));
#2384 = CARTESIAN_POINT('',(6.004322079142,-52.95964328144,
    22.883333333115));
#2385 = CARTESIAN_POINT('',(25.840454864498,-47.91293960998,
    23.119444444636));
#2386 = CARTESIAN_POINT('',(41.951083249867,-34.69128858736,
    23.355555555492));
#2387 = CARTESIAN_POINT('',(50.770653457859,-16.2208645756,
    23.591666666618));
#2388 = CARTESIAN_POINT('',(51.17209865936,3.336632032283,
    23.827777777843));
#2389 = CARTESIAN_POINT('',(44.20282913066,20.285309313561,
    24.063888888858));
#2390 = CARTESIAN_POINT('',(32.244069222105,32.244069222108,
    24.300000000004));
#2391 = ADVANCED_FACE('',(#2392),#2412,.T.);
#2392 = FACE_BOUND('',#2393,.F.);
#2393 = EDGE_LOOP('',(#2394,#2395,#2396,#2397,#2403,#2404,#2410,#2411));
#2394 = ORIENTED_EDGE('',*,*,#2126,.F.);
#2395 = ORIENTED_EDGE('',*,*,#1897,.T.);
#2396 = ORIENTED_EDGE('',*,*,#1959,.T.);
#2397 = ORIENTED_EDGE('',*,*,#2398,.F.);
#2398 = EDGE_CURVE('',#2225,#1953,#2399,.T.);
#2399 = LINE('',#2400,#2401);
#2400 = CARTESIAN_POINT('',(31.112698372208,31.112698372208,14.));
#2401 = VECTOR('',#2402,1.);
#2402 = DIRECTION('',(-0.,-0.,-1.));
#2403 = ORIENTED_EDGE('',*,*,#2224,.F.);
#2404 = ORIENTED_EDGE('',*,*,#2405,.T.);
#2405 = EDGE_CURVE('',#2127,#2045,#2406,.T.);
#2406 = LINE('',#2407,#2408);
#2407 = CARTESIAN_POINT('',(44.,-1.078E-14,14.));
#2408 = VECTOR('',#2409,1.);
#2409 = DIRECTION('',(0.,0.,1.));
#2410 = ORIENTED_EDGE('',*,*,#2044,.T.);
#2411 = ORIENTED_EDGE('',*,*,#2405,.F.);
#2412 = CYLINDRICAL_SURFACE('',#2413,44.);
#2413 = AXIS2_PLACEMENT_3D('',#2414,#2415,#2416);
#2414 = CARTESIAN_POINT('',(0.,0.,14.));
#2415 = DIRECTION('',(-0.,-0.,-1.));
#2416 = DIRECTION('',(1.,0.,0.));
#2417 = ADVANCED_FACE('',(#2418),#2424,.F.);
#2418 = FACE_BOUND('',#2419,.F.);
#2419 = EDGE_LOOP('',(#2420,#2421,#2422,#2423));
#2420 = ORIENTED_EDGE('',*,*,#2398,.T.);
#2421 = ORIENTED_EDGE('',*,*,#1952,.T.);
#2422 = ORIENTED_EDGE('',*,*,#2318,.T.);
#2423 = ORIENTED_EDGE('',*,*,#2238,.T.);
#2424 = PLANE('',#2425);
#2425 = AXIS2_PLACEMENT_3D('',#2426,#2427,#2428);
#2426 = CARTESIAN_POINT('',(31.433752871918,31.433752871919,
    24.000000000001));
#2427 = DIRECTION('',(0.707106781187,-0.707106781186,6.562E-14));
#2428 = DIRECTION('',(0.707106781186,0.707106781187,0.));
#2429 = MANIFOLD_SOLID_BREP('',#2430);
#2430 = CLOSED_SHELL('',(#2431,#2773,#2812,#2933,#3077,#3099,#3217,#3233
    ,#3253,#3331,#3351,#3376,#3401,#3457,#3482,#3507,#3532,#3557,#3566,
    #3575,#3584));
#2431 = ADVANCED_FACE('',(#2432),#2704,.T.);
#2432 = FACE_BOUND('',#2433,.T.);
#2433 = EDGE_LOOP('',(#2434,#2534,#2541,#2580,#2587,#2601));
#2434 = ORIENTED_EDGE('',*,*,#2435,.F.);
#2435 = EDGE_CURVE('',#2436,#2438,#2440,.T.);
#2436 = VERTEX_POINT('',#2437);
#2437 = CARTESIAN_POINT('',(46.,-2.E-15,16.311111111111));
#2438 = VERTEX_POINT('',#2439);
#2439 = CARTESIAN_POINT('',(46.,-1.1E-14,20.311111542072));
#2440 = B_SPLINE_CURVE_WITH_KNOTS('',8,(#2441,#2442,#2443,#2444,#2445,
    #2446,#2447,#2448,#2449,#2450,#2451,#2452,#2453,#2454,#2455,#2456,
    #2457,#2458,#2459,#2460,#2461,#2462,#2463,#2464,#2465,#2466,#2467,
    #2468,#2469,#2470,#2471,#2472,#2473,#2474,#2475,#2476,#2477,#2478,
    #2479,#2480,#2481,#2482,#2483,#2484,#2485,#2486,#2487,#2488,#2489,
    #2490,#2491,#2492,#2493,#2494,#2495,#2496,#2497,#2498,#2499,#2500,
    #2501,#2502,#2503,#2504,#2505,#2506,#2507,#2508,#2509,#2510,#2511,
    #2512,#2513,#2514,#2515,#2516,#2517,#2518,#2519,#2520,#2521,#2522,
    #2523,#2524,#2525,#2526,#2527,#2528,#2529,#2530,#2531,#2532,#2533),
  .UNSPECIFIED.,.F.,.F.,(9,7,7,7,7,7,7,7,7,7,7,7,7,9),(0.,
    4.82594041601E-02,0.109536954314,0.183885831751,0.269549100452,
    0.351428212743,0.490631533951,0.535605122109,0.576935425946,
    0.637758804093,0.715785241642,0.799336697529,0.88241530352,1.),
  .UNSPECIFIED.);
#2441 = CARTESIAN_POINT('',(46.,0.,16.311111111111));
#2442 = CARTESIAN_POINT('',(46.,1.743351097855,16.335238323701));
#2443 = CARTESIAN_POINT('',(45.924490099356,3.486730484601,
    16.359365903104));
#2444 = CARTESIAN_POINT('',(45.773466079777,5.226283760793,
    16.38349356562));
#2445 = CARTESIAN_POINT('',(45.547164229228,6.958192360844,
    16.407621185525));
#2446 = CARTESIAN_POINT('',(45.246048404768,8.678672003368,
    16.431748792346));
#2447 = CARTESIAN_POINT('',(44.870805691824,10.383972452668,
    16.455876466317));
#2448 = CARTESIAN_POINT('',(44.422350659936,12.070378591354,
    16.480004131983));
#2449 = CARTESIAN_POINT('',(43.240915685772,15.846872216214,
    16.534766743906));
#2450 = CARTESIAN_POINT('',(42.463777920869,17.923263760667,
    16.565403149492));
#2451 = CARTESIAN_POINT('',(41.572779389585,19.955808246234,
    16.596038780128));
#2452 = CARTESIAN_POINT('',(40.570847986982,21.937230975785,
    16.626673657143));
#2453 = CARTESIAN_POINT('',(39.461436764629,23.860538239265,
    16.657308617463));
#2454 = CARTESIAN_POINT('',(38.248507194458,25.719010879725,
    16.687944456426));
#2455 = CARTESIAN_POINT('',(36.936543965667,27.506214932413,
    16.71858110578));
#2456 = CARTESIAN_POINT('',(33.824752148424,31.290570197041,
    16.78638760437));
#2457 = CARTESIAN_POINT('',(31.980329900845,33.251454515689,
    16.823561826533));
#2458 = CARTESIAN_POINT('',(30.006368156645,35.087617624146,
    16.860735111203));
#2459 = CARTESIAN_POINT('',(27.912793280875,36.789143381963,
    16.897906913945));
#2460 = CARTESIAN_POINT('',(25.710315330823,38.347134510199,
    16.935078648327));
#2461 = CARTESIAN_POINT('',(23.410387159187,39.753672793533,
    16.972251758922));
#2462 = CARTESIAN_POINT('',(21.025231708525,41.001869151276,
    17.00942576705));
#2463 = CARTESIAN_POINT('',(15.736692943306,43.335121275414,
    17.089423411017));
#2464 = CARTESIAN_POINT('',(12.808998285414,44.366745310404,
    17.132256202407));
#2465 = CARTESIAN_POINT('',(9.804947268441,45.171883974286,
    17.175085349134));
#2466 = CARTESIAN_POINT('',(6.745072329596,45.744155341534,
    17.217911158861));
#2467 = CARTESIAN_POINT('',(3.650248673991,46.079407202721,
    17.260737046653));
#2468 = CARTESIAN_POINT('',(0.541661150701,46.175590190316,
    17.303566400295));
#2469 = CARTESIAN_POINT('',(-2.559190630784,46.032888184915,
    17.346399465499));
#2470 = CARTESIAN_POINT('',(-8.566083118141,45.292064436036,
    17.430162424423));
#2471 = CARTESIAN_POINT('',(-11.47544438673,44.714244877617,
    17.471103402945));
#2472 = CARTESIAN_POINT('',(-14.33951727186,43.922911049502,
    17.512042727372));
#2473 = CARTESIAN_POINT('',(-17.14004137184,42.922363366415,
    17.552979608829));
#2474 = CARTESIAN_POINT('',(-19.85944003231,41.718659162669,
    17.59391642331));
#2475 = CARTESIAN_POINT('',(-22.48079850372,40.319514169137,
    17.63485556139));
#2476 = CARTESIAN_POINT('',(-24.98791614464,38.734389327749,
    17.675796273206));
#2477 = CARTESIAN_POINT('',(-31.40746717083,33.983208322105,
    17.78632582372));
#2478 = CARTESIAN_POINT('',(-35.07979150367,30.483665523763,
    17.855988006039));
#2479 = CARTESIAN_POINT('',(-38.30108475378,26.53360830941,
    17.925609011285));
#2480 = CARTESIAN_POINT('',(-41.00970699093,22.202669025021,
    17.995204551791));
#2481 = CARTESIAN_POINT('',(-43.15557810774,17.567056339845,
    18.06480508956));
#2482 = CARTESIAN_POINT('',(-44.70226188273,12.710367845916,
    18.134432623724));
#2483 = CARTESIAN_POINT('',(-45.62514573817,7.72227478005,
    18.204097852189));
#2484 = CARTESIAN_POINT('',(-46.01599856642,1.080449695991,
    18.296176680345));
#2485 = CARTESIAN_POINT('',(-46.04597684874,-0.545273615247,
    18.318661322612));
#2486 = CARTESIAN_POINT('',(-46.01030570679,-2.171760893753,
    18.341145744376));
#2487 = CARTESIAN_POINT('',(-45.90898095263,-3.795914902066,
    18.363629977771));
#2488 = CARTESIAN_POINT('',(-45.74217188187,-5.41465343,18.386114269041)
  );
#2489 = CARTESIAN_POINT('',(-45.51021807031,-7.024909315758,
    18.40859884394));
#2490 = CARTESIAN_POINT('',(-45.21363186259,-8.623630903886,
    18.43108367593));
#2491 = CARTESIAN_POINT('',(-44.52178718972,-11.66360373761,
    18.474231375512));
#2492 = CARTESIAN_POINT('',(-44.13646237969,-13.10714664426,
    18.494894721368));
#2493 = CARTESIAN_POINT('',(-43.69766630041,-14.5360572632,
    18.515558127182));
#2494 = CARTESIAN_POINT('',(-43.2060543534,-15.9480254167,
    18.536221518792));
#2495 = CARTESIAN_POINT('',(-42.66239832605,-17.34078352274,
    18.556884898018));
#2496 = CARTESIAN_POINT('',(-42.06758478029,-18.71210616592,
    18.577548286636));
#2497 = CARTESIAN_POINT('',(-41.42261666811,-20.05981086293,
    18.598211631711));
#2498 = CARTESIAN_POINT('',(-39.70730139321,-23.3271948765,
    18.649283254288));
#2499 = CARTESIAN_POINT('',(-38.5797446923,-25.21695193172,
    18.679692759516));
#2500 = CARTESIAN_POINT('',(-37.3495420027,-27.04415133052,
    18.710101501623));
#2501 = CARTESIAN_POINT('',(-36.02078207202,-28.80230389871,
    18.740509465492));
#2502 = CARTESIAN_POINT('',(-34.59800661611,-30.48528059826,
    18.770917450093));
#2503 = CARTESIAN_POINT('',(-33.08619531633,-32.08730336836,
    18.801326240293));
#2504 = CARTESIAN_POINT('',(-31.49077766208,-33.60295735468,
    18.83173580767));
#2505 = CARTESIAN_POINT('',(-27.67135049291,-36.8543261604,
    18.901153966474));
#2506 = CARTESIAN_POINT('',(-25.39685817586,-38.53130889066,
    18.940167788824));
#2507 = CARTESIAN_POINT('',(-23.00675414685,-40.04739201894,
    18.979180434167));
#2508 = CARTESIAN_POINT('',(-20.51441186657,-41.39338237679,
    19.018191217354));
#2509 = CARTESIAN_POINT('',(-17.93390587136,-42.56147761432,
    19.057201947857));
#2510 = CARTESIAN_POINT('',(-15.27996746198,-43.54520385779,
    19.096214482423));
#2511 = CARTESIAN_POINT('',(-12.56800900637,-44.33948773681,
    19.135228223815));
#2512 = CARTESIAN_POINT('',(-6.865429874349,-45.58482093205,
    19.216009142089));
#2513 = CARTESIAN_POINT('',(-3.867960531325,-46.00773925336,
    19.257785640459));
#2514 = CARTESIAN_POINT('',(-0.841717346109,-46.20516772327,
    19.299559182538));
#2515 = CARTESIAN_POINT('',(2.193467188594,-46.17503671682,
    19.341329403144));
#2516 = CARTESIAN_POINT('',(5.217839755873,-45.91731853155,
    19.383099679201));
#2517 = CARTESIAN_POINT('',(8.211739592931,-45.43391368842,
    19.424873373831));
#2518 = CARTESIAN_POINT('',(11.155622097754,-44.72876200746,
    19.466650095445));
#2519 = CARTESIAN_POINT('',(16.888295493549,-42.89280484633,
    19.549957445071));
#2520 = CARTESIAN_POINT('',(19.678613504215,-41.76419276662,
    19.591498759551));
#2521 = CARTESIAN_POINT('',(22.381926127398,-40.42836506587,
    19.633038295707));
#2522 = CARTESIAN_POINT('',(24.980338216569,-38.89331912739,
    19.674575218282));
#2523 = CARTESIAN_POINT('',(27.457018950444,-37.16874265727,
    19.716112090533));
#2524 = CARTESIAN_POINT('',(29.796158203277,-35.26591249198,
    19.757651487386));
#2525 = CARTESIAN_POINT('',(31.9830403824,-33.19777642749,
    19.799192607528));
#2526 = CARTESIAN_POINT('',(36.864919768238,-27.83919774799,
    19.899514534424));
#2527 = CARTESIAN_POINT('',(39.395706245927,-24.39565307885,
    19.95833044983));
#2528 = CARTESIAN_POINT('',(41.556547734806,-20.69134089944,
    20.017129166594));
#2529 = CARTESIAN_POINT('',(43.317229568404,-16.773271055,
    20.075915096382));
#2530 = CARTESIAN_POINT('',(44.654353969868,-12.69119920847,
    20.13470270773));
#2531 = CARTESIAN_POINT('',(45.551719597317,-8.497664126701,
    20.193504830629));
#2532 = CARTESIAN_POINT('',(45.999999999992,-4.247736861685,
    20.252323621099));
#2533 = CARTESIAN_POINT('',(46.,-2.132E-14,20.311111542072));
#2534 = ORIENTED_EDGE('',*,*,#2535,.T.);
#2535 = EDGE_CURVE('',#2436,#2536,#2538,.T.);
#2536 = VERTEX_POINT('',#2537);
#2537 = CARTESIAN_POINT('',(44.4,1.4E-14,17.2));
#2538 = B_SPLINE_CURVE_WITH_KNOTS('',1,(#2539,#2540),.UNSPECIFIED.,.F.,
  .F.,(2,2),(0.,2.059126028197),.PIECEWISE_BEZIER_KNOTS.);
#2539 = CARTESIAN_POINT('',(46.2,7.11E-15,16.2));
#2540 = CARTESIAN_POINT('',(44.4,0.,17.2));
#2541 = ORIENTED_EDGE('',*,*,#2542,.T.);
#2542 = EDGE_CURVE('',#2536,#2543,#2545,.T.);
#2543 = VERTEX_POINT('',#2544);
#2544 = CARTESIAN_POINT('',(31.395541084685,31.395541084681,
    25.699999999996));
#2545 = B_SPLINE_CURVE_WITH_KNOTS('',9,(#2546,#2547,#2548,#2549,#2550,
    #2551,#2552,#2553,#2554,#2555,#2556,#2557,#2558,#2559,#2560,#2561,
    #2562,#2563,#2564,#2565,#2566,#2567,#2568,#2569,#2570,#2571,#2572,
    #2573,#2574,#2575,#2576,#2577,#2578,#2579),.UNSPECIFIED.,.F.,.F.,(10
    ,8,8,8,10),(0.,3.347291157551,6.694582315101,10.041873472652,
    13.389164630203),.UNSPECIFIED.);
#2546 = CARTESIAN_POINT('',(44.4,0.,17.2));
#2547 = CARTESIAN_POINT('',(44.40000000002,16.467181492536,
    17.436111111121));
#2548 = CARTESIAN_POINT('',(37.529190655726,32.934656969322,
    17.672222222194));
#2549 = CARTESIAN_POINT('',(23.787485007088,46.123573612625,
    17.90833333338));
#2550 = CARTESIAN_POINT('',(4.998359245414,52.768173987967,
    18.144444444402));
#2551 = CARTESIAN_POINT('',(-15.19687722958,50.779116806053,
    18.380555555579));
#2552 = CARTESIAN_POINT('',(-32.32867798132,40.596613969127,
    18.616666666663));
#2553 = CARTESIAN_POINT('',(-43.23331061426,24.9802448805,
    18.852777777781));
#2554 = CARTESIAN_POINT('',(-46.75945418998,7.48875892012,
    19.088888888882));
#2555 = CARTESIAN_POINT('',(-40.33427870982,-24.81277951514,
    19.561111111134));
#2556 = CARTESIAN_POINT('',(-30.38284494701,-39.62340866062,
    19.797222222121));
#2557 = CARTESIAN_POINT('',(-14.332152324,-49.87803018893,
    20.033333333521));
#2558 = CARTESIAN_POINT('',(5.392242881288,-52.72937983576,
    20.269444444252));
#2559 = CARTESIAN_POINT('',(24.811387744377,-46.83864664302,
    20.505555555663));
#2560 = CARTESIAN_POINT('',(39.627497990929,-33.50954921731,
    20.741666666652));
#2561 = CARTESIAN_POINT('',(47.27599869136,-16.06585599013,
    20.977777777763));
#2562 = CARTESIAN_POINT('',(47.321968778453,1.777452457886,
    21.213888888893));
#2563 = CARTESIAN_POINT('',(34.71853370855,32.20483633613,21.68611111112
    ));
#2564 = CARTESIAN_POINT('',(22.06890354585,44.789454978222,
    21.922222222143));
#2565 = CARTESIAN_POINT('',(4.32604306476,51.715702036897,
    22.158333333571));
#2566 = CARTESIAN_POINT('',(-15.57562413816,50.664225187605,
    22.394444444033));
#2567 = CARTESIAN_POINT('',(-33.47241054246,41.098193556766,
    22.630555556026));
#2568 = CARTESIAN_POINT('',(-45.40345547613,25.134731281547,
    22.866666666309));
#2569 = CARTESIAN_POINT('',(-49.50189665142,6.534065263875,
    23.102777777953));
#2570 = CARTESIAN_POINT('',(-46.06592664523,-10.97535733473,
    23.338888888845));
#2571 = CARTESIAN_POINT('',(-27.76857492724,-38.35927935739,
    23.811111111154));
#2572 = CARTESIAN_POINT('',(-12.90686655776,-48.23426765924,
    24.047222222087));
#2573 = CARTESIAN_POINT('',(5.846313603336,-51.56596845803,
    24.283333333551));
#2574 = CARTESIAN_POINT('',(25.16044289437,-46.65207277836,
    24.519444444258));
#2575 = CARTESIAN_POINT('',(40.847107374932,-33.77835994021,
    24.755555555612));
#2576 = CARTESIAN_POINT('',(49.434583629932,-15.79399971837,
    24.991666666723));
#2577 = CARTESIAN_POINT('',(49.825464484171,3.248825926145,
    25.227777777708));
#2578 = CARTESIAN_POINT('',(43.039596785099,19.751485384262,
    25.463888888921));
#2579 = CARTESIAN_POINT('',(31.395541084685,31.395541084681,
    25.699999999996));
#2580 = ORIENTED_EDGE('',*,*,#2581,.F.);
#2581 = EDGE_CURVE('',#2582,#2543,#2584,.T.);
#2582 = VERTEX_POINT('',#2583);
#2583 = CARTESIAN_POINT('',(32.526911934581,32.526911934581,
    24.811111111112));
#2584 = B_SPLINE_CURVE_WITH_KNOTS('',1,(#2585,#2586),.UNSPECIFIED.,.F.,
  .F.,(2,2),(0.,2.059126028197),.PIECEWISE_BEZIER_KNOTS.);
#2585 = CARTESIAN_POINT('',(32.66833329082,32.66833329082,24.7));
#2586 = CARTESIAN_POINT('',(31.395541084685,31.395541084681,
    25.699999999996));
#2587 = ORIENTED_EDGE('',*,*,#2588,.F.);
#2588 = EDGE_CURVE('',#2589,#2582,#2591,.T.);
#2589 = VERTEX_POINT('',#2590);
#2590 = CARTESIAN_POINT('',(46.,-1.1E-14,24.311109648363));
#2591 = B_SPLINE_CURVE_WITH_KNOTS('',8,(#2592,#2593,#2594,#2595,#2596,
    #2597,#2598,#2599,#2600),.UNSPECIFIED.,.F.,.F.,(9,9),(0.,1.),
  .PIECEWISE_BEZIER_KNOTS.);
#2592 = CARTESIAN_POINT('',(46.,-7.1E-15,24.311109648363));
#2593 = CARTESIAN_POINT('',(46.,4.514942088844,24.373593193757));
#2594 = CARTESIAN_POINT('',(45.493547093083,9.032816128724,
    24.436118131381));
#2595 = CARTESIAN_POINT('',(44.479496922883,13.482767548847,
    24.49862250003));
#2596 = CARTESIAN_POINT('',(42.969945244203,17.79873392553,
    24.561112059571));
#2597 = CARTESIAN_POINT('',(40.985510368009,21.917998754136,
    24.623602278528));
#2598 = CARTESIAN_POINT('',(38.555959191157,25.78163427292,
    24.686101466073));
#2599 = CARTESIAN_POINT('',(35.719453292084,29.334370577078,
    24.748626392107));
#2600 = CARTESIAN_POINT('',(32.526911934581,32.526911934581,
    24.811111111112));
#2601 = ORIENTED_EDGE('',*,*,#2602,.F.);
#2602 = EDGE_CURVE('',#2438,#2589,#2603,.T.);
#2603 = B_SPLINE_CURVE_WITH_KNOTS('',8,(#2604,#2605,#2606,#2607,#2608,
    #2609,#2610,#2611,#2612,#2613,#2614,#2615,#2616,#2617,#2618,#2619,
    #2620,#2621,#2622,#2623,#2624,#2625,#2626,#2627,#2628,#2629,#2630,
    #2631,#2632,#2633,#2634,#2635,#2636,#2637,#2638,#2639,#2640,#2641,
    #2642,#2643,#2644,#2645,#2646,#2647,#2648,#2649,#2650,#2651,#2652,
    #2653,#2654,#2655,#2656,#2657,#2658,#2659,#2660,#2661,#2662,#2663,
    #2664,#2665,#2666,#2667,#2668,#2669,#2670,#2671,#2672,#2673,#2674,
    #2675,#2676,#2677,#2678,#2679,#2680,#2681,#2682,#2683,#2684,#2685,
    #2686,#2687,#2688,#2689,#2690,#2691,#2692,#2693,#2694,#2695,#2696,
    #2697,#2698,#2699,#2700,#2701,#2702,#2703),.UNSPECIFIED.,.F.,.F.,(9,
    7,7,7,7,7,7,7,7,7,7,7,7,7,9),(0.,6.54960202832E-02,0.106223502751,
    0.16939239407,0.247193749675,0.330172992938,0.41501331341,
    0.492554421585,0.552804636023,0.597849100351,0.644214553405,
    0.777737087994,0.859815326149,0.944562363183,1.),.UNSPECIFIED.);
#2604 = CARTESIAN_POINT('',(46.,7.11E-15,20.311111542072));
#2605 = CARTESIAN_POINT('',(46.,2.366078056101,20.343857640594));
#2606 = CARTESIAN_POINT('',(45.860911041535,4.732268614767,
    20.376605076722));
#2607 = CARTESIAN_POINT('',(45.58271077494,7.088862621378,
    20.409351495718));
#2608 = CARTESIAN_POINT('',(45.166214880497,9.426317279833,
    20.442096548365));
#2609 = CARTESIAN_POINT('',(44.612999003907,11.735242538532,
    20.474841302777));
#2610 = CARTESIAN_POINT('',(43.925373196867,14.006398784972,
    20.507587169496));
#2611 = CARTESIAN_POINT('',(43.106408862744,16.230705748964,
    20.540334339864));
#2612 = CARTESIAN_POINT('',(41.57152277422,19.747739382015,
    20.593441854485));
#2613 = CARTESIAN_POINT('',(40.933728654264,21.07471918365,
    20.613804232445));
#2614 = CARTESIAN_POINT('',(40.247559122604,22.378081291634,
    20.63416669644));
#2615 = CARTESIAN_POINT('',(39.514042080649,23.655768413879,
    20.654529158995));
#2616 = CARTESIAN_POINT('',(38.734305637021,24.905784239,20.674891609659
    ));
#2617 = CARTESIAN_POINT('',(37.909576405691,26.126192588156,
    20.695254067615));
#2618 = CARTESIAN_POINT('',(37.04118052135,27.315118173682,
    20.715616497544));
#2619 = CARTESIAN_POINT('',(34.718142701731,30.263148381572,
    20.767560730192));
#2620 = CARTESIAN_POINT('',(33.204050035657,31.975553990266,
    20.799143979348));
#2621 = CARTESIAN_POINT('',(31.593643020409,33.601113002099,
    20.830726353528));
#2622 = CARTESIAN_POINT('',(29.892777715078,35.133531831453,
    20.862307793873));
#2623 = CARTESIAN_POINT('',(28.107747564333,36.567028663078,
    20.8938892388));
#2624 = CARTESIAN_POINT('',(26.24526687619,37.896318509162,
    20.925471623914));
#2625 = CARTESIAN_POINT('',(24.312482804422,39.116630755987,
    20.957054908344));
#2626 = CARTESIAN_POINT('',(19.859318193707,41.587343267996,
    21.027535063047));
#2627 = CARTESIAN_POINT('',(17.306153280535,42.779445695027,
    21.066437336695));
#2628 = CARTESIAN_POINT('',(14.671836545801,43.792047812394,
    21.105338442903));
#2629 = CARTESIAN_POINT('',(11.971162583963,44.618827031578,
    21.144237705516));
#2630 = CARTESIAN_POINT('',(9.219335302663,45.254945473235,
    21.18313690619));
#2631 = CARTESIAN_POINT('',(6.431937359464,45.696981271927,
    21.222037870732));
#2632 = CARTESIAN_POINT('',(3.624938866864,45.943002556742,
    21.260940013348));
#2633 = CARTESIAN_POINT('',(-2.182474006007,46.04587875387,
    21.341324418288));
#2634 = CARTESIAN_POINT('',(-5.184035162273,45.875756232485,
    21.382815730079));
#2635 = CARTESIAN_POINT('',(-8.169967182793,45.481966955977,
    21.424304173977));
#2636 = CARTESIAN_POINT('',(-11.12082094046,44.866314616308,
    21.465789406838));
#2637 = CARTESIAN_POINT('',(-14.01760869263,44.032537112477,
    21.507274697756));
#2638 = CARTESIAN_POINT('',(-16.84179540007,42.986197277595,
    21.548763297031));
#2639 = CARTESIAN_POINT('',(-19.5753417739,41.734783405671,
    21.59025481895));
#2640 = CARTESIAN_POINT('',(-24.88514067565,38.808807404611,
    21.674158933527));
#2641 = CARTESIAN_POINT('',(-27.45722302739,37.124980448907,
    21.716582700962));
#2642 = CARTESIAN_POINT('',(-29.89826935815,35.246761041468,
    21.759004479989));
#2643 = CARTESIAN_POINT('',(-32.19124240283,33.186224217464,
    21.801423339068));
#2644 = CARTESIAN_POINT('',(-34.32060217896,30.957017571573,
    21.843842127303));
#2645 = CARTESIAN_POINT('',(-36.27223499596,28.574258294142,
    21.886263717855));
#2646 = CARTESIAN_POINT('',(-38.03355367308,26.054607388688,
    21.928687243273));
#2647 = CARTESIAN_POINT('',(-41.01975159024,21.005401741851,
    22.009872061088));
#2648 = CARTESIAN_POINT('',(-42.27807070913,18.494801172627,
    22.048643096084));
#2649 = CARTESIAN_POINT('',(-43.36040388073,15.898664833953,
    22.087412009093));
#2650 = CARTESIAN_POINT('',(-44.26008611838,13.231457163198,
    22.126178596519));
#2651 = CARTESIAN_POINT('',(-44.97190501899,10.508088395013,
    22.164945262184));
#2652 = CARTESIAN_POINT('',(-45.49203455033,7.743882947525,
    22.203714399337));
#2653 = CARTESIAN_POINT('',(-45.81810749729,4.954589363911,
    22.242485762294));
#2654 = CARTESIAN_POINT('',(-46.05146279422,-1.776451903101E-02,
    22.311377001175));
#2655 = CARTESIAN_POINT('',(-46.03592912511,-2.197556373259,
    22.341501523765));
#2656 = CARTESIAN_POINT('',(-45.90245776272,-4.375412143436,
    22.371625823585));
#2657 = CARTESIAN_POINT('',(-45.65128078306,-6.543881686212,
    22.401749667112));
#2658 = CARTESIAN_POINT('',(-45.28318184798,-8.695591476045,
    22.431873476655));
#2659 = CARTESIAN_POINT('',(-44.79948002981,-10.82324436541,
    22.461997667557));
#2660 = CARTESIAN_POINT('',(-44.20204574805,-12.91962395398,
    22.492122005137));
#2661 = CARTESIAN_POINT('',(-42.9635104781,-16.5161970826,
    22.544765620346));
#2662 = CARTESIAN_POINT('',(-42.37146041308,-18.03339276452,
    22.567286455021));
#2663 = CARTESIAN_POINT('',(-41.71821561431,-19.52622694343,
    22.589807070932));
#2664 = CARTESIAN_POINT('',(-41.00495689655,-20.99182016389,
    22.612327490778));
#2665 = CARTESIAN_POINT('',(-40.2330207722,-22.42737338289,
    22.634847959046));
#2666 = CARTESIAN_POINT('',(-39.40389647091,-23.83016676672,
    22.657368712093));
#2667 = CARTESIAN_POINT('',(-38.51922810435,-25.19756108581,
    22.679889733687));
#2668 = CARTESIAN_POINT('',(-36.61489584223,-27.8954299409,
    22.725591709569));
#2669 = CARTESIAN_POINT('',(-35.59200951413,-29.22368025035,
    22.748773308157));
#2670 = CARTESIAN_POINT('',(-34.51413013923,-30.50896001925,
    22.771954962967));
#2671 = CARTESIAN_POINT('',(-33.38337503264,-31.74861827932,
    22.795136538746));
#2672 = CARTESIAN_POINT('',(-32.20200404041,-32.94013892678,
    22.818318056265));
#2673 = CARTESIAN_POINT('',(-30.97241687187,-34.08113865098,
    22.841499584342));
#2674 = CARTESIAN_POINT('',(-29.69715540081,-35.16936957543,
    22.86468106141));
#2675 = CARTESIAN_POINT('',(-24.58265034513,-39.17857266704,
    22.954618299283));
#2676 = CARTESIAN_POINT('',(-20.42654735561,-41.70198674336,
    23.021429783892));
#2677 = CARTESIAN_POINT('',(-15.97822680369,-43.71779939176,
    23.088208274571));
#2678 = CARTESIAN_POINT('',(-11.31090470194,-45.18907230166,
    23.154968098864));
#2679 = CARTESIAN_POINT('',(-6.500826210153,-46.09000953973,
    23.221731292342));
#2680 = CARTESIAN_POINT('',(-1.627398161284,-46.40744737739,
    23.2885151097));
#2681 = CARTESIAN_POINT('',(3.227396464539,-46.13947498497,
    23.355329538283));
#2682 = CARTESIAN_POINT('',(10.898120714258,-44.78864865065,
    23.46312227037));
#2683 = CARTESIAN_POINT('',(13.78080824975,-44.05920411545,
    23.504162946127));
#2684 = CARTESIAN_POINT('',(16.606930044453,-43.11783076353,
    23.545200876369));
#2685 = CARTESIAN_POINT('',(19.358337944212,-41.96980993406,
    23.586235727607));
#2686 = CARTESIAN_POINT('',(22.017666852625,-40.62215881495,
    23.627270600781));
#2687 = CARTESIAN_POINT('',(24.568307275263,-39.08353123119,
    23.668308592438));
#2688 = CARTESIAN_POINT('',(26.994462476107,-37.36430246376,
    23.709349365341));
#2689 = CARTESIAN_POINT('',(31.642474916833,-33.52800225672,
    23.792756401466));
#2690 = CARTESIAN_POINT('',(33.855753545478,-31.3992929345,
    23.835133481767));
#2691 = CARTESIAN_POINT('',(35.904625707581,-29.10418923831,
    23.877508588108));
#2692 = CARTESIAN_POINT('',(37.774633198719,-26.65766175293,
    23.91988082585));
#2693 = CARTESIAN_POINT('',(39.453072137144,-24.07594395356,
    23.962253043362));
#2694 = CARTESIAN_POINT('',(40.928904825009,-21.37644487098,
    24.004628092006));
#2695 = CARTESIAN_POINT('',(42.192871368302,-18.57780301054,
    24.047005089748));
#2696 = CARTESIAN_POINT('',(43.92134628048,-13.81760770429,
    24.117092596748));
#2697 = CARTESIAN_POINT('',(44.511244390315,-11.90106784164,
    24.144810053067));
#2698 = CARTESIAN_POINT('',(45.005484489229,-9.95597087292,
    24.172526984792));
#2699 = CARTESIAN_POINT('',(45.402479567296,-7.987901784462,
    24.200243329606));
#2700 = CARTESIAN_POINT('',(45.701037001073,-6.002515079831,
    24.227959552443));
#2701 = CARTESIAN_POINT('',(45.900348571631,-4.00553182289,
    24.255676153353));
#2702 = CARTESIAN_POINT('',(46.,-2.002740256949,24.283393166225));
#2703 = CARTESIAN_POINT('',(46.,-7.11E-15,24.311109648363));
#2704 = B_SPLINE_SURFACE_WITH_KNOTS('',1,9,(
    (#2705,#2706,#2707,#2708,#2709,#2710,#2711,#2712,#2713,#2714,#2715
      ,#2716,#2717,#2718,#2719,#2720,#2721,#2722,#2723,#2724,#2725,#2726
      ,#2727,#2728,#2729,#2730,#2731,#2732,#2733,#2734,#2735,#2736,#2737
      ,#2738)
    ,(#2739,#2740,#2741,#2742,#2743,#2744,#2745,#2746,#2747,#2748,#2749
      ,#2750,#2751,#2752,#2753,#2754,#2755,#2756,#2757,#2758,#2759,#2760
      ,#2761,#2762,#2763,#2764,#2765,#2766,#2767,#2768,#2769,#2770,#2771
      ,#2772
    )),.UNSPECIFIED.,.F.,.F.,.F.,(2,2),(10,8,8,8,10),(0.,2.059126028197)
  ,(0.,3.347291157551,6.694582315101,10.041873472652,13.389164630203),
  .UNSPECIFIED.);
#2705 = CARTESIAN_POINT('',(46.2,7.11E-15,16.2));
#2706 = CARTESIAN_POINT('',(46.200000000015,17.134769931466,
    16.436111111111));
#2707 = CARTESIAN_POINT('',(39.050644330971,34.269845765241,
    16.672222222223));
#2708 = CARTESIAN_POINT('',(24.751842507344,47.993448218776,
    16.908333333333));
#2709 = CARTESIAN_POINT('',(5.200995431071,54.907424284546,
    17.144444444445));
#2710 = CARTESIAN_POINT('',(-15.81296684702,52.837729649659,
    17.380555555555));
#2711 = CARTESIAN_POINT('',(-33.63930006164,42.242422643544,
    17.616666666667));
#2712 = CARTESIAN_POINT('',(-44.98601239591,25.992957510758,
    17.852777777777));
#2713 = CARTESIAN_POINT('',(-48.65510773823,7.792357254733,
    18.088888888889));
#2714 = CARTESIAN_POINT('',(-41.96945217101,-25.81870300902,
    18.561111111111));
#2715 = CARTESIAN_POINT('',(-31.6145819044,-41.22976306572,
    18.797222222223));
#2716 = CARTESIAN_POINT('',(-14.91318552618,-51.90011249399,
    19.033333333332));
#2717 = CARTESIAN_POINT('',(5.610847322246,-54.8670573966,
    19.269444444447));
#2718 = CARTESIAN_POINT('',(25.817254815225,-48.73751069609,
    19.505555555551));
#2719 = CARTESIAN_POINT('',(41.234018179702,-34.86804445591,
    19.74166666667));
#2720 = CARTESIAN_POINT('',(49.192593232906,-16.71717447617,
    19.977777777776));
#2721 = CARTESIAN_POINT('',(49.240426972179,1.849511341301,
    20.213888888889));
#2722 = CARTESIAN_POINT('',(36.126041831857,33.51043780923,
    20.686111111111));
#2723 = CARTESIAN_POINT('',(22.963588824768,46.605243693516,
    20.922222222221));
#2724 = CARTESIAN_POINT('',(4.501423188972,53.81228455199,
    21.158333333338));
#2725 = CARTESIAN_POINT('',(-16.20706836001,52.71818026266,
    21.394444444436));
#2726 = CARTESIAN_POINT('',(-34.82940015893,42.764336538908,
    21.630555555567));
#2727 = CARTESIAN_POINT('',(-47.24413610368,26.153706873968,
    21.866666666658));
#2728 = CARTESIAN_POINT('',(-51.50873029936,6.798959801624,
    22.102777777782));
#2729 = CARTESIAN_POINT('',(-47.93346421195,-11.42030425372,
    22.338888888888));
#2730 = CARTESIAN_POINT('',(-28.8943279648,-39.91438527729,
    22.811111111112));
#2731 = CARTESIAN_POINT('',(-13.4301179048,-50.18971094271,
    23.047222222218));
#2732 = CARTESIAN_POINT('',(6.083326317191,-53.6564806928,23.28333333334
    ));
#2733 = CARTESIAN_POINT('',(26.180460849314,-48.5433730262,
    23.519444444439));
#2734 = CARTESIAN_POINT('',(42.5030711876,-35.14775291064,
    23.755555555556));
#2735 = CARTESIAN_POINT('',(51.438688371613,-16.43429700436,
    23.99166666667));
#2736 = CARTESIAN_POINT('',(51.845415747059,3.380535085384,
    24.227777777775));
#2737 = CARTESIAN_POINT('',(44.784445303411,20.5522212782,24.46388888889
    ));
#2738 = CARTESIAN_POINT('',(32.66833329082,32.66833329082,24.7));
#2739 = CARTESIAN_POINT('',(44.4,0.,17.2));
#2740 = CARTESIAN_POINT('',(44.40000000002,16.467181492536,
    17.436111111121));
#2741 = CARTESIAN_POINT('',(37.529190655726,32.934656969322,
    17.672222222194));
#2742 = CARTESIAN_POINT('',(23.787485007088,46.123573612625,
    17.90833333338));
#2743 = CARTESIAN_POINT('',(4.998359245414,52.768173987967,
    18.144444444402));
#2744 = CARTESIAN_POINT('',(-15.19687722958,50.779116806053,
    18.380555555579));
#2745 = CARTESIAN_POINT('',(-32.32867798132,40.596613969127,
    18.616666666663));
#2746 = CARTESIAN_POINT('',(-43.23331061426,24.9802448805,
    18.852777777781));
#2747 = CARTESIAN_POINT('',(-46.75945418998,7.48875892012,
    19.088888888882));
#2748 = CARTESIAN_POINT('',(-40.33427870982,-24.81277951514,
    19.561111111134));
#2749 = CARTESIAN_POINT('',(-30.38284494701,-39.62340866062,
    19.797222222121));
#2750 = CARTESIAN_POINT('',(-14.332152324,-49.87803018893,
    20.033333333521));
#2751 = CARTESIAN_POINT('',(5.392242881288,-52.72937983576,
    20.269444444252));
#2752 = CARTESIAN_POINT('',(24.811387744377,-46.83864664302,
    20.505555555663));
#2753 = CARTESIAN_POINT('',(39.627497990929,-33.50954921731,
    20.741666666652));
#2754 = CARTESIAN_POINT('',(47.27599869136,-16.06585599013,
    20.977777777763));
#2755 = CARTESIAN_POINT('',(47.321968778453,1.777452457886,
    21.213888888893));
#2756 = CARTESIAN_POINT('',(34.71853370855,32.20483633613,21.68611111112
    ));
#2757 = CARTESIAN_POINT('',(22.06890354585,44.789454978222,
    21.922222222143));
#2758 = CARTESIAN_POINT('',(4.32604306476,51.715702036897,
    22.158333333571));
#2759 = CARTESIAN_POINT('',(-15.57562413816,50.664225187605,
    22.394444444033));
#2760 = CARTESIAN_POINT('',(-33.47241054246,41.098193556766,
    22.630555556026));
#2761 = CARTESIAN_POINT('',(-45.40345547613,25.134731281547,
    22.866666666309));
#2762 = CARTESIAN_POINT('',(-49.50189665142,6.534065263875,
    23.102777777953));
#2763 = CARTESIAN_POINT('',(-46.06592664523,-10.97535733473,
    23.338888888845));
#2764 = CARTESIAN_POINT('',(-27.76857492724,-38.35927935739,
    23.811111111154));
#2765 = CARTESIAN_POINT('',(-12.90686655776,-48.23426765924,
    24.047222222087));
#2766 = CARTESIAN_POINT('',(5.846313603336,-51.56596845803,
    24.283333333551));
#2767 = CARTESIAN_POINT('',(25.16044289437,-46.65207277836,
    24.519444444258));
#2768 = CARTESIAN_POINT('',(40.847107374932,-33.77835994021,
    24.755555555612));
#2769 = CARTESIAN_POINT('',(49.434583629932,-15.79399971837,
    24.991666666723));
#2770 = CARTESIAN_POINT('',(49.825464484171,3.248825926145,
    25.227777777708));
#2771 = CARTESIAN_POINT('',(43.039596785099,19.751485384262,
    25.463888888921));
#2772 = CARTESIAN_POINT('',(31.395541084685,31.395541084681,
    25.699999999996));
#2773 = ADVANCED_FACE('',(#2774),#2807,.F.);
#2774 = FACE_BOUND('',#2775,.T.);
#2775 = EDGE_LOOP('',(#2776,#2784,#2791,#2792,#2793,#2801));
#2776 = ORIENTED_EDGE('',*,*,#2777,.F.);
#2777 = EDGE_CURVE('',#2778,#2436,#2780,.T.);
#2778 = VERTEX_POINT('',#2779);
#2779 = CARTESIAN_POINT('',(46.,-1.1E-14,14.));
#2780 = LINE('',#2781,#2782);
#2781 = CARTESIAN_POINT('',(46.,-1.127E-14,13.99));
#2782 = VECTOR('',#2783,1.);
#2783 = DIRECTION('',(0.,0.,1.));
#2784 = ORIENTED_EDGE('',*,*,#2785,.T.);
#2785 = EDGE_CURVE('',#2778,#2778,#2786,.T.);
#2786 = CIRCLE('',#2787,46.);
#2787 = AXIS2_PLACEMENT_3D('',#2788,#2789,#2790);
#2788 = CARTESIAN_POINT('',(0.,0.,14.));
#2789 = DIRECTION('',(0.,0.,-1.));
#2790 = DIRECTION('',(1.,0.,0.));
#2791 = ORIENTED_EDGE('',*,*,#2777,.T.);
#2792 = ORIENTED_EDGE('',*,*,#2435,.T.);
#2793 = ORIENTED_EDGE('',*,*,#2794,.F.);
#2794 = EDGE_CURVE('',#2795,#2438,#2797,.T.);
#2795 = VERTEX_POINT('',#2796);
#2796 = CARTESIAN_POINT('',(46.,-8.E-15,18.688888888889));
#2797 = LINE('',#2798,#2799);
#2798 = CARTESIAN_POINT('',(46.,-1.127E-14,13.99));
#2799 = VECTOR('',#2800,1.);
#2800 = DIRECTION('',(0.,0.,1.));
#2801 = ORIENTED_EDGE('',*,*,#2802,.F.);
#2802 = EDGE_CURVE('',#2436,#2795,#2803,.T.);
#2803 = LINE('',#2804,#2805);
#2804 = CARTESIAN_POINT('',(46.,-1.127E-14,13.99));
#2805 = VECTOR('',#2806,1.);
#2806 = DIRECTION('',(0.,0.,1.));
#2807 = CYLINDRICAL_SURFACE('',#2808,46.);
#2808 = AXIS2_PLACEMENT_3D('',#2809,#2810,#2811);
#2809 = CARTESIAN_POINT('',(0.,0.,13.99));
#2810 = DIRECTION('',(-0.,-0.,-1.));
#2811 = DIRECTION('',(1.,0.,0.));
#2812 = ADVANCED_FACE('',(#2813),#2928,.F.);
#2813 = FACE_BOUND('',#2814,.T.);
#2814 = EDGE_LOOP('',(#2815,#2920,#2921,#2922));
#2815 = ORIENTED_EDGE('',*,*,#2816,.F.);
#2816 = EDGE_CURVE('',#2795,#2817,#2819,.T.);
#2817 = VERTEX_POINT('',#2818);
#2818 = CARTESIAN_POINT('',(46.,-1.1E-14,22.688888535763));
#2819 = B_SPLINE_CURVE_WITH_KNOTS('',8,(#2820,#2821,#2822,#2823,#2824,
    #2825,#2826,#2827,#2828,#2829,#2830,#2831,#2832,#2833,#2834,#2835,
    #2836,#2837,#2838,#2839,#2840,#2841,#2842,#2843,#2844,#2845,#2846,
    #2847,#2848,#2849,#2850,#2851,#2852,#2853,#2854,#2855,#2856,#2857,
    #2858,#2859,#2860,#2861,#2862,#2863,#2864,#2865,#2866,#2867,#2868,
    #2869,#2870,#2871,#2872,#2873,#2874,#2875,#2876,#2877,#2878,#2879,
    #2880,#2881,#2882,#2883,#2884,#2885,#2886,#2887,#2888,#2889,#2890,
    #2891,#2892,#2893,#2894,#2895,#2896,#2897,#2898,#2899,#2900,#2901,
    #2902,#2903,#2904,#2905,#2906,#2907,#2908,#2909,#2910,#2911,#2912,
    #2913,#2914,#2915,#2916,#2917,#2918,#2919),.UNSPECIFIED.,.F.,.F.,(9,
    7,7,7,7,7,7,7,7,7,7,7,7,7,9),(0.,4.825766804047E-02,0.109532385814,
    0.183877834233,0.269544502415,0.351336015815,0.429984624889,
    0.490635317743,0.535100344408,0.577604633014,0.639472397045,
    0.71608863702,0.797986283105,0.891415429687,1.),.UNSPECIFIED.);
#2820 = CARTESIAN_POINT('',(46.,7.11E-15,18.688888888889));
#2821 = CARTESIAN_POINT('',(46.,1.743384598923,18.713016565116));
#2822 = CARTESIAN_POINT('',(45.924487197406,3.486797491499,
    18.737144564279));
#2823 = CARTESIAN_POINT('',(45.773457372438,5.22638406447,
    18.761272197118));
#2824 = CARTESIAN_POINT('',(45.547146829917,6.958325526199,
    18.785399528305));
#2825 = CARTESIAN_POINT('',(45.246019462702,8.678837369325,
    18.809526918401));
#2826 = CARTESIAN_POINT('',(44.870762410833,10.384169139199,
    18.833654662628));
#2827 = CARTESIAN_POINT('',(44.422290316367,12.07060550808,
    18.857782726453));
#2828 = CARTESIAN_POINT('',(43.240817407106,15.847143156094,
    18.912546689396));
#2829 = CARTESIAN_POINT('',(42.463659535717,17.923548449998,
    18.943184241074));
#2830 = CARTESIAN_POINT('',(41.572639139664,19.956105154902,
    18.973821534029));
#2831 = CARTESIAN_POINT('',(40.570684240042,21.937538405902,
    19.004458274456));
#2832 = CARTESIAN_POINT('',(39.461248027748,23.860854339763,
    19.035094914074));
#2833 = CARTESIAN_POINT('',(38.248292127669,25.719333656516,
    19.065731948952));
#2834 = CARTESIAN_POINT('',(36.936301398439,27.506542257964,
    19.096369176861));
#2835 = CARTESIAN_POINT('',(33.824446373535,31.290902825268,
    19.164175668584));
#2836 = CARTESIAN_POINT('',(31.979987919406,33.251786818953,
    19.201349034289));
#2837 = CARTESIAN_POINT('',(30.005988837717,35.087946048469,
    19.238520615503));
#2838 = CARTESIAN_POINT('',(27.912375870581,36.78946419219,
    19.27569029515));
#2839 = CARTESIAN_POINT('',(25.709859475324,38.347443836357,
    19.312860058991));
#2840 = CARTESIAN_POINT('',(23.409892922622,39.753966679473,
    19.35003185367));
#2841 = CARTESIAN_POINT('',(21.024699587375,41.00214360731,
    19.387205477626));
#2842 = CARTESIAN_POINT('',(15.73583836349,43.335452564699,
    19.467207883602));
#2843 = CARTESIAN_POINT('',(12.807842750116,44.3671142848,
    19.510046123471));
#2844 = CARTESIAN_POINT('',(9.803481282435,45.172245734475,
    19.552881885273));
#2845 = CARTESIAN_POINT('',(6.743292419601,45.744463703096,
    19.595715007064));
#2846 = CARTESIAN_POINT('',(3.648157420545,46.079615540129,
    19.638548028075));
#2847 = CARTESIAN_POINT('',(0.539267219482,46.175652205368,
    19.681383534755));
#2848 = CARTESIAN_POINT('',(-2.561872448375,46.032758751293,
    19.724221474207));
#2849 = CARTESIAN_POINT('',(-8.566029699888,45.291878629351,
    19.807946209673));
#2850 = CARTESIAN_POINT('',(-11.47242704897,44.714676535214,
    19.848844183009));
#2851 = CARTESIAN_POINT('',(-14.33363347608,43.924394144709,
    19.889739472896));
#2852 = CARTESIAN_POINT('',(-17.13144407996,42.925317708314,
    19.930631788794));
#2853 = CARTESIAN_POINT('',(-19.84833464303,41.72348345659,
    19.971524190474));
#2854 = CARTESIAN_POINT('',(-22.46743993942,40.326579670958,
    20.012419709071));
#2855 = CARTESIAN_POINT('',(-24.9726056026,38.744032994323,
    20.053317975713));
#2856 = CARTESIAN_POINT('',(-29.63312533929,35.298029646934,
    20.133534359583));
#2857 = CARTESIAN_POINT('',(-31.79873055468,33.447328201991,
    20.172861423343));
#2858 = CARTESIAN_POINT('',(-33.83165005164,31.445201435126,
    20.212187197233));
#2859 = CARTESIAN_POINT('',(-35.71961496225,29.302865016715,
    20.251510985956));
#2860 = CARTESIAN_POINT('',(-37.45159197083,27.032563440648,
    20.290834685534));
#2861 = CARTESIAN_POINT('',(-39.01773012878,24.647510212711,
    20.330160220279));
#2862 = CARTESIAN_POINT('',(-40.409429211,22.161928285809,
    20.369486981848));
#2863 = CARTESIAN_POINT('',(-42.55271112552,17.608739748806,
    20.439133062206));
#2864 = CARTESIAN_POINT('',(-43.378007402,15.575415957751,
    20.469457693926));
#2865 = CARTESIAN_POINT('',(-44.09212812862,13.498174333442,
    20.499781599115));
#2866 = CARTESIAN_POINT('',(-44.69238481055,11.384127983382,
    20.53010478219));
#2867 = CARTESIAN_POINT('',(-45.17664243346,9.240533649595,
    20.560428033084));
#2868 = CARTESIAN_POINT('',(-45.54330383323,7.074785512082,
    20.59075212723));
#2869 = CARTESIAN_POINT('',(-45.79132677517,4.894417304162,20.6210770109
    ));
#2870 = CARTESIAN_POINT('',(-46.01480902483,1.103527500918,
    20.673632469515));
#2871 = CARTESIAN_POINT('',(-46.04534677716,-0.503851651346,
    20.695864353696));
#2872 = CARTESIAN_POINT('',(-46.01170682825,-2.112017818365,
    20.718096318134));
#2873 = CARTESIAN_POINT('',(-45.91388286126,-3.717978143694,
    20.7403281506));
#2874 = CARTESIAN_POINT('',(-45.75203425305,-5.318753420448,
    20.762559840232));
#2875 = CARTESIAN_POINT('',(-45.52648322709,-6.911378119222,
    20.784791523969));
#2876 = CARTESIAN_POINT('',(-45.23771732028,-8.49290083668,
    20.807023272126));
#2877 = CARTESIAN_POINT('',(-44.55056888583,-11.55874941343,
    20.850505832343));
#2878 = CARTESIAN_POINT('',(-44.15757487451,-13.04431575686,
    20.871757053681));
#2879 = CARTESIAN_POINT('',(-43.70798778356,-14.51452057507,
    20.893008069879));
#2880 = CARTESIAN_POINT('',(-43.20251611938,-15.96684943761,
    20.914258941039));
#2881 = CARTESIAN_POINT('',(-42.6419986555,-17.39883517757,
    20.935509868115));
#2882 = CARTESIAN_POINT('',(-42.02740266635,-18.80805740891,
    20.95676100907));
#2883 = CARTESIAN_POINT('',(-41.35982598039,-20.19214348721,
    20.978012337705));
#2884 = CARTESIAN_POINT('',(-39.59348112852,-23.52343060695,
    21.030196063495));
#2885 = CARTESIAN_POINT('',(-38.43676414792,-25.4400305294,
    21.061130126197));
#2886 = CARTESIAN_POINT('',(-37.17416551133,-27.29134134532,
    21.092063950181));
#2887 = CARTESIAN_POINT('',(-35.81002692588,-29.07055624364,
    21.122997225178));
#2888 = CARTESIAN_POINT('',(-34.34917230732,-30.77125691974,
    21.153930419569));
#2889 = CARTESIAN_POINT('',(-32.79689141461,-32.38740347215,
    21.18486404583));
#2890 = CARTESIAN_POINT('',(-31.15895301733,-33.91334821393,
    21.215797885581));
#2891 = CARTESIAN_POINT('',(-27.31495874005,-37.11541731355,
    21.285036321024));
#2892 = CARTESIAN_POINT('',(-25.06624437793,-38.74088173059,
    21.323345569771));
#2893 = CARTESIAN_POINT('',(-22.70749629452,-40.21019909138,
    21.36165278753));
#2894 = CARTESIAN_POINT('',(-20.25144898312,-41.51477685907,
    21.399957809082));
#2895 = CARTESIAN_POINT('',(-17.71148131683,-42.64732024692,
    21.438262914793));
#2896 = CARTESIAN_POINT('',(-15.10157751942,-43.60177609924,
    21.476570344851));
#2897 = CARTESIAN_POINT('',(-12.43634743552,-44.37339792485,
    21.514879849886));
#2898 = CARTESIAN_POINT('',(-6.839383698075,-45.5848290119,
    21.594133292453));
#2899 = CARTESIAN_POINT('',(-3.901297400076,-45.99823841771,
    21.63508580667));
#2900 = CARTESIAN_POINT('',(-0.935586328688,-46.19501339913,
    21.676036693903));
#2901 = CARTESIAN_POINT('',(2.03907465812,-46.17319453376,
    21.716985140636));
#2902 = CARTESIAN_POINT('',(5.004078349893,-45.93270912572,
    21.757933517225));
#2903 = CARTESIAN_POINT('',(7.94089712418,-45.47527023858,21.79888422873
    ));
#2904 = CARTESIAN_POINT('',(10.831103444816,-44.8044755139,
    21.839836545914));
#2905 = CARTESIAN_POINT('',(16.879506754732,-42.92405823221,
    21.927495762191));
#2906 = CARTESIAN_POINT('',(20.019250055521,-41.65152077476,
    21.974217027858));
#2907 = CARTESIAN_POINT('',(23.048125770003,-40.11683018426,
    22.020932782909));
#2908 = CARTESIAN_POINT('',(25.940729734967,-38.33158784907,
    22.06764370793));
#2909 = CARTESIAN_POINT('',(28.673368454833,-36.30997205759,
    22.114354857298));
#2910 = CARTESIAN_POINT('',(31.224073878337,-34.06870785287,
    22.161071185895));
#2911 = CARTESIAN_POINT('',(33.572633934443,-31.62705797573,
    22.207793253378));
#2912 = CARTESIAN_POINT('',(38.174784277558,-25.96293900878,
    22.308796705828));
#2913 = CARTESIAN_POINT('',(40.352691487021,-22.6761871815,
    22.363108254144));
#2914 = CARTESIAN_POINT('',(42.205586267038,-19.18237453136,
    22.417409641741));
#2915 = CARTESIAN_POINT('',(43.711237796532,-15.51940238218,
    22.471702033617));
#2916 = CARTESIAN_POINT('',(44.852544405448,-11.72707267639,
    22.525992855792));
#2917 = CARTESIAN_POINT('',(45.617680552013,-7.847060458613,
    22.580290955788));
#2918 = CARTESIAN_POINT('',(45.999999999994,-3.922798850913,
    22.634599609722));
#2919 = CARTESIAN_POINT('',(46.,-7.11E-15,22.688888535763));
#2920 = ORIENTED_EDGE('',*,*,#2794,.T.);
#2921 = ORIENTED_EDGE('',*,*,#2602,.T.);
#2922 = ORIENTED_EDGE('',*,*,#2923,.F.);
#2923 = EDGE_CURVE('',#2817,#2589,#2924,.T.);
#2924 = LINE('',#2925,#2926);
#2925 = CARTESIAN_POINT('',(46.,-1.127E-14,13.99));
#2926 = VECTOR('',#2927,1.);
#2927 = DIRECTION('',(0.,0.,1.));
#2928 = CYLINDRICAL_SURFACE('',#2929,46.);
#2929 = AXIS2_PLACEMENT_3D('',#2930,#2931,#2932);
#2930 = CARTESIAN_POINT('',(0.,0.,13.99));
#2931 = DIRECTION('',(-0.,-0.,-1.));
#2932 = DIRECTION('',(1.,0.,0.));
#2933 = ADVANCED_FACE('',(#2934),#3072,.F.);
#2934 = FACE_BOUND('',#2935,.T.);
#2935 = EDGE_LOOP('',(#2936,#3034,#3035,#3036,#3044,#3056,#3064,#3071));
#2936 = ORIENTED_EDGE('',*,*,#2937,.F.);
#2937 = EDGE_CURVE('',#2817,#2938,#2940,.T.);
#2938 = VERTEX_POINT('',#2939);
#2939 = CARTESIAN_POINT('',(46.,-1.1E-14,26.688890259388));
#2940 = B_SPLINE_CURVE_WITH_KNOTS('',8,(#2941,#2942,#2943,#2944,#2945,
    #2946,#2947,#2948,#2949,#2950,#2951,#2952,#2953,#2954,#2955,#2956,
    #2957,#2958,#2959,#2960,#2961,#2962,#2963,#2964,#2965,#2966,#2967,
    #2968,#2969,#2970,#2971,#2972,#2973,#2974,#2975,#2976,#2977,#2978,
    #2979,#2980,#2981,#2982,#2983,#2984,#2985,#2986,#2987,#2988,#2989,
    #2990,#2991,#2992,#2993,#2994,#2995,#2996,#2997,#2998,#2999,#3000,
    #3001,#3002,#3003,#3004,#3005,#3006,#3007,#3008,#3009,#3010,#3011,
    #3012,#3013,#3014,#3015,#3016,#3017,#3018,#3019,#3020,#3021,#3022,
    #3023,#3024,#3025,#3026,#3027,#3028,#3029,#3030,#3031,#3032,#3033),
  .UNSPECIFIED.,.F.,.F.,(9,7,7,7,7,7,7,7,7,7,7,7,7,9),(0.,
    6.642073813299E-02,0.108681139288,0.219262928114,0.330133257619,
    0.415340253274,0.489347497874,0.555319946276,0.596884636062,
    0.640373454556,0.702398132203,0.782376575735,0.862071423429,1.),
  .UNSPECIFIED.);
#2941 = CARTESIAN_POINT('',(46.,-7.11E-15,22.688888535763));
#2942 = CARTESIAN_POINT('',(46.,2.399427407682,22.722095014618));
#2943 = CARTESIAN_POINT('',(45.856962540322,4.798983063465,
    22.755303407742));
#2944 = CARTESIAN_POINT('',(45.570861764244,7.18853051556,
    22.788511443737));
#2945 = CARTESIAN_POINT('',(45.142561575548,9.558113479113,
    22.821718913869));
#2946 = CARTESIAN_POINT('',(44.57372994838,11.897941725605,
    22.854926531265));
#2947 = CARTESIAN_POINT('',(43.866809866046,14.198388970346,
    22.888134908967));
#2948 = CARTESIAN_POINT('',(43.025046888718,16.450002758074,
    22.921343656817));
#2949 = CARTESIAN_POINT('',(41.433834037436,20.039162550053,
    22.975678616268));
#2950 = CARTESIAN_POINT('',(40.762154232952,21.411342707432,
    22.99680672394));
#2951 = CARTESIAN_POINT('',(40.038578273154,22.757706916175,
    23.017934629826));
#2952 = CARTESIAN_POINT('',(39.264271244476,24.075968006819,
    23.039062397366));
#2953 = CARTESIAN_POINT('',(38.440514143615,25.363908659106,
    23.060190223715));
#2954 = CARTESIAN_POINT('',(37.568702377356,26.619380630877,
    23.081318260918));
#2955 = CARTESIAN_POINT('',(36.650347601855,27.840306099786,
    23.102446478366));
#2956 = CARTESIAN_POINT('',(33.166531018711,32.123807121247,
    23.178859933423));
#2957 = CARTESIAN_POINT('',(30.33738667072,34.97401778172,
    23.234168382756));
#2958 = CARTESIAN_POINT('',(27.229735755116,37.537441860268,
    23.289466061195));
#2959 = CARTESIAN_POINT('',(23.878082000554,39.783030019361,
    23.344753629757));
#2960 = CARTESIAN_POINT('',(20.320013069921,41.684710295169,
    23.400039062536));
#2961 = CARTESIAN_POINT('',(16.596215946546,43.221575235781,
    23.455332923796));
#2962 = CARTESIAN_POINT('',(12.750314555848,44.3777791216,
    23.510638382608));
#2963 = CARTESIAN_POINT('',(4.899213806951,45.913384661011,
    23.621350377539));
#2964 = CARTESIAN_POINT('',(0.890458908606,46.291370795771,
    23.676801408001));
#2965 = CARTESIAN_POINT('',(-3.148646707031,46.268630240065,
    23.73224171085));
#2966 = CARTESIAN_POINT('',(-7.171355076412,45.843413051903,
    23.787673928431));
#2967 = CARTESIAN_POINT('',(-11.13174604678,45.019822073712,
    23.843106829857));
#2968 = CARTESIAN_POINT('',(-14.98483933628,43.80797346401,
    23.898548728704));
#2969 = CARTESIAN_POINT('',(-18.68665310128,42.223810415382,
    23.954001448236));
#2970 = CARTESIAN_POINT('',(-24.89082824654,38.806200018713,
    24.052029713344));
#2971 = CARTESIAN_POINT('',(-27.47371499608,37.114656666745,
    24.094634221867));
#2972 = CARTESIAN_POINT('',(-29.92438957276,35.227071218571,
    24.137235199678));
#2973 = CARTESIAN_POINT('',(-32.22559373844,33.155685463703,
    24.179832928121));
#2974 = CARTESIAN_POINT('',(-34.36159976061,30.914334551926,
    24.22243073219));
#2975 = CARTESIAN_POINT('',(-36.31813200554,28.518345923829,
    24.265031924889));
#2976 = CARTESIAN_POINT('',(-38.08246358869,25.984620104717,
    24.307636746204));
#2977 = CARTESIAN_POINT('',(-40.9997362917,21.027818169425,
    24.38723602869));
#2978 = CARTESIAN_POINT('',(-42.20283735885,18.633498026751,
    24.424239434777));
#2979 = CARTESIAN_POINT('',(-43.24582263074,16.16103292688,
    24.461241925428));
#2980 = CARTESIAN_POINT('',(-44.12286424595,13.622974058377,
    24.498242974823));
#2981 = CARTESIAN_POINT('',(-44.82933809384,11.032252595437,
    24.535243967575));
#2982 = CARTESIAN_POINT('',(-45.36177363601,8.402155540105,
    24.572246300886));
#2983 = CARTESIAN_POINT('',(-45.71790862191,5.746333994836,
    24.609249494997));
#2984 = CARTESIAN_POINT('',(-46.05636166284,0.700956999273,
    24.679232143872));
#2985 = CARTESIAN_POINT('',(-46.07508687032,-1.686504890767,
    24.712216441178));
#2986 = CARTESIAN_POINT('',(-45.95233322124,-4.073631902163,
    24.745199721704));
#2987 = CARTESIAN_POINT('',(-45.68828614849,-6.450630837048,
    24.778181908341));
#2988 = CARTESIAN_POINT('',(-45.28392354469,-8.807817898393,
    24.811164145912));
#2989 = CARTESIAN_POINT('',(-44.74098707963,-11.13561854406,
    24.844147588918));
#2990 = CARTESIAN_POINT('',(-44.06200890813,-13.42457449884,
    24.877132160108));
#2991 = CARTESIAN_POINT('',(-42.73905104354,-17.07712101954,
    24.930895668879));
#2992 = CARTESIAN_POINT('',(-42.17503903954,-18.46981927419,
    24.951676292583));
#2993 = CARTESIAN_POINT('',(-41.55919236505,-19.84114413572,
    24.972456960285));
#2994 = CARTESIAN_POINT('',(-40.89246302771,-21.18884696587,
    24.993237526883));
#2995 = CARTESIAN_POINT('',(-40.17591577667,-22.51073679271,
    25.014017983548));
#2996 = CARTESIAN_POINT('',(-39.41072659682,-23.80467970962,
    25.034798425997));
#2997 = CARTESIAN_POINT('',(-38.59818435459,-25.0685999212,
    25.055578900376));
#2998 = CARTESIAN_POINT('',(-36.8414653421,-27.58939173325,
    25.098101319375));
#2999 = CARTESIAN_POINT('',(-35.89291665246,-28.84325646669,
    25.11984366636));
#3000 = CARTESIAN_POINT('',(-34.89565729284,-30.05976533957,
    25.141585794151));
#3001 = CARTESIAN_POINT('',(-33.85141223392,-31.23671440117,
    25.163327754295));
#3002 = CARTESIAN_POINT('',(-32.76201843762,-32.37200245194,
    25.185069765172));
#3003 = CARTESIAN_POINT('',(-31.62942306815,-33.46362964488,
    25.206812003781));
#3004 = CARTESIAN_POINT('',(-30.45568512699,-34.50969928326,
    25.22855444756));
#3005 = CARTESIAN_POINT('',(-27.51339540382,-36.9328235511,
    25.281306123425));
#3006 = CARTESIAN_POINT('',(-25.70444548375,-38.26100149062,
    25.31231704356));
#3007 = CARTESIAN_POINT('',(-23.82247661766,-39.48770769341,
    25.343327717115));
#3008 = CARTESIAN_POINT('',(-21.87416300889,-40.60829253569,
    25.374337827908));
#3009 = CARTESIAN_POINT('',(-19.86647746809,-41.6186559105,
    25.405347850688));
#3010 = CARTESIAN_POINT('',(-17.80668001446,-42.51523136035,
    25.436358307139));
#3011 = CARTESIAN_POINT('',(-15.70232480818,-43.29500414135,
    25.467368980329));
#3012 = CARTESIAN_POINT('',(-10.80049721241,-44.80732882131,
    25.538363142357));
#3013 = CARTESIAN_POINT('',(-7.97825961084,-45.46101604841,
    25.57835208779));
#3014 = CARTESIAN_POINT('',(-5.111604257759,-45.91128954057,
    25.618338583542));
#3015 = CARTESIAN_POINT('',(-2.21768508125,-46.15478907485,
    25.658322428145));
#3016 = CARTESIAN_POINT('',(0.686248023551,-46.18986964136,
    25.698306423666));
#3017 = CARTESIAN_POINT('',(3.582867193793,-46.01651510802,
    25.738293301235));
#3018 = CARTESIAN_POINT('',(6.454776284813,-45.63642547371,
    25.778282707413));
#3019 = CARTESIAN_POINT('',(12.10421422995,-44.47219773199,
    25.858112010546));
#3020 = CARTESIAN_POINT('',(14.882660948808,-43.68936950499,
    25.897960555641));
#3021 = CARTESIAN_POINT('',(17.602547889685,-42.70828272386,
    25.937807653087));
#3022 = CARTESIAN_POINT('',(20.247399470832,-41.53419032662,
    25.977652575545));
#3023 = CARTESIAN_POINT('',(22.801469497327,-40.17387345809,
    26.017497381596));
#3024 = CARTESIAN_POINT('',(25.249716200613,-38.6355593221,
    26.057344168051));
#3025 = CARTESIAN_POINT('',(27.577851858516,-36.9289919221,
    26.097192294947));
#3026 = CARTESIAN_POINT('',(33.570706791058,-31.84076322148,
    26.205992713992));
#3027 = CARTESIAN_POINT('',(36.973395777608,-28.14256533447,
    26.275014720299));
#3028 = CARTESIAN_POINT('',(39.905481421365,-24.03207464852,
    26.343997335523));
#3029 = CARTESIAN_POINT('',(42.311482028038,-19.58072351656,
    26.412955644353));
#3030 = CARTESIAN_POINT('',(44.147501844729,-14.86559986888,
    26.481917293352));
#3031 = CARTESIAN_POINT('',(45.383188930858,-9.970061241159,
    26.550905446148));
#3032 = CARTESIAN_POINT('',(46.,-4.982627114511,26.619931578325));
#3033 = CARTESIAN_POINT('',(46.,-1.421E-14,26.688890259388));
#3034 = ORIENTED_EDGE('',*,*,#2923,.T.);
#3035 = ORIENTED_EDGE('',*,*,#2588,.T.);
#3036 = ORIENTED_EDGE('',*,*,#3037,.F.);
#3037 = EDGE_CURVE('',#3038,#2582,#3040,.T.);
#3038 = VERTEX_POINT('',#3039);
#3039 = CARTESIAN_POINT('',(32.526911934581,32.526911934581,
    27.18888888889));
#3040 = LINE('',#3041,#3042);
#3041 = CARTESIAN_POINT('',(32.526911934582,32.52691193458,13.99));
#3042 = VECTOR('',#3043,1.);
#3043 = DIRECTION('',(-0.,-0.,-1.));
#3044 = ORIENTED_EDGE('',*,*,#3045,.F.);
#3045 = EDGE_CURVE('',#2938,#3038,#3046,.T.);
#3046 = B_SPLINE_CURVE_WITH_KNOTS('',8,(#3047,#3048,#3049,#3050,#3051,
    #3052,#3053,#3054,#3055),.UNSPECIFIED.,.F.,.F.,(9,9),(0.,1.),
  .PIECEWISE_BEZIER_KNOTS.);
#3047 = CARTESIAN_POINT('',(46.,-1.697E-14,26.688890259388));
#3048 = CARTESIAN_POINT('',(46.,4.514941470035,26.751376253563));
#3049 = CARTESIAN_POINT('',(45.49354723362,9.032815522189,
    26.813901936822));
#3050 = CARTESIAN_POINT('',(44.479497087526,13.482766432533,
    26.87640348489));
#3051 = CARTESIAN_POINT('',(42.969945824253,17.798732240928,
    26.938887911516));
#3052 = CARTESIAN_POINT('',(40.985511338558,21.917996517005,
    27.001371914195));
#3053 = CARTESIAN_POINT('',(38.555960945181,25.781631515611,
    27.06387890788));
#3054 = CARTESIAN_POINT('',(35.719455527605,29.334368341558,
    27.12640412613));
#3055 = CARTESIAN_POINT('',(32.526911934581,32.526911934581,
    27.18888888889));
#3056 = ORIENTED_EDGE('',*,*,#3057,.T.);
#3057 = EDGE_CURVE('',#2938,#3058,#3060,.T.);
#3058 = VERTEX_POINT('',#3059);
#3059 = CARTESIAN_POINT('',(46.,-1.1E-14,30.));
#3060 = LINE('',#3061,#3062);
#3061 = CARTESIAN_POINT('',(46.,-1.127E-14,13.99));
#3062 = VECTOR('',#3063,1.);
#3063 = DIRECTION('',(0.,0.,1.));
#3064 = ORIENTED_EDGE('',*,*,#3065,.T.);
#3065 = EDGE_CURVE('',#3058,#3058,#3066,.T.);
#3066 = CIRCLE('',#3067,46.);
#3067 = AXIS2_PLACEMENT_3D('',#3068,#3069,#3070);
#3068 = CARTESIAN_POINT('',(0.,0.,30.));
#3069 = DIRECTION('',(0.,0.,1.));
#3070 = DIRECTION('',(1.,0.,0.));
#3071 = ORIENTED_EDGE('',*,*,#3057,.F.);
#3072 = CYLINDRICAL_SURFACE('',#3073,46.);
#3073 = AXIS2_PLACEMENT_3D('',#3074,#3075,#3076);
#3074 = CARTESIAN_POINT('',(0.,0.,13.99));
#3075 = DIRECTION('',(-0.,-0.,-1.));
#3076 = DIRECTION('',(1.,0.,0.));
#3077 = ADVANCED_FACE('',(#3078),#3094,.T.);
#3078 = FACE_BOUND('',#3079,.T.);
#3079 = EDGE_LOOP('',(#3080,#3081,#3082,#3089));
#3080 = ORIENTED_EDGE('',*,*,#3037,.T.);
#3081 = ORIENTED_EDGE('',*,*,#2581,.T.);
#3082 = ORIENTED_EDGE('',*,*,#3083,.T.);
#3083 = EDGE_CURVE('',#2543,#3084,#3086,.T.);
#3084 = VERTEX_POINT('',#3085);
#3085 = CARTESIAN_POINT('',(31.395541084684,31.395541084681,
    26.299999999996));
#3086 = B_SPLINE_CURVE_WITH_KNOTS('',1,(#3087,#3088),.UNSPECIFIED.,.F.,
  .F.,(2,2),(0.,0.6),.PIECEWISE_BEZIER_KNOTS.);
#3087 = CARTESIAN_POINT('',(31.395541084685,31.395541084681,
    25.699999999996));
#3088 = CARTESIAN_POINT('',(31.395541084684,31.395541084681,
    26.299999999996));
#3089 = ORIENTED_EDGE('',*,*,#3090,.T.);
#3090 = EDGE_CURVE('',#3084,#3038,#3091,.T.);
#3091 = B_SPLINE_CURVE_WITH_KNOTS('',1,(#3092,#3093),.UNSPECIFIED.,.F.,
  .F.,(2,2),(0.,2.059126028197),.PIECEWISE_BEZIER_KNOTS.);
#3092 = CARTESIAN_POINT('',(31.395541084684,31.395541084681,
    26.299999999996));
#3093 = CARTESIAN_POINT('',(32.668333290817,32.668333290817,27.3));
#3094 = PLANE('',#3095);
#3095 = AXIS2_PLACEMENT_3D('',#3096,#3097,#3098);
#3096 = CARTESIAN_POINT('',(32.205857434871,32.20585743487,
    25.999999999999));
#3097 = DIRECTION('',(-0.707106781188,0.707106781186,-6.692E-14));
#3098 = DIRECTION('',(-0.707106781186,-0.707106781188,0.));
#3099 = ADVANCED_FACE('',(#3100),#3148,.T.);
#3100 = FACE_BOUND('',#3101,.T.);
#3101 = EDGE_LOOP('',(#3102,#3103,#3110,#3147));
#3102 = ORIENTED_EDGE('',*,*,#2542,.F.);
#3103 = ORIENTED_EDGE('',*,*,#3104,.T.);
#3104 = EDGE_CURVE('',#2536,#3105,#3107,.T.);
#3105 = VERTEX_POINT('',#3106);
#3106 = CARTESIAN_POINT('',(44.4,1.4E-14,17.8));
#3107 = B_SPLINE_CURVE_WITH_KNOTS('',1,(#3108,#3109),.UNSPECIFIED.,.F.,
  .F.,(2,2),(0.,0.6),.PIECEWISE_BEZIER_KNOTS.);
#3108 = CARTESIAN_POINT('',(44.4,1.421E-14,17.2));
#3109 = CARTESIAN_POINT('',(44.4,0.,17.8));
#3110 = ORIENTED_EDGE('',*,*,#3111,.T.);
#3111 = EDGE_CURVE('',#3105,#3084,#3112,.T.);
#3112 = B_SPLINE_CURVE_WITH_KNOTS('',9,(#3113,#3114,#3115,#3116,#3117,
    #3118,#3119,#3120,#3121,#3122,#3123,#3124,#3125,#3126,#3127,#3128,
    #3129,#3130,#3131,#3132,#3133,#3134,#3135,#3136,#3137,#3138,#3139,
    #3140,#3141,#3142,#3143,#3144,#3145,#3146),.UNSPECIFIED.,.F.,.F.,(10
    ,8,8,8,10),(0.,3.347291157551,6.694582315101,10.041873472652,
    13.389164630203),.UNSPECIFIED.);
#3113 = CARTESIAN_POINT('',(44.4,0.,17.8));
#3114 = CARTESIAN_POINT('',(44.400000000023,16.467181492536,
    18.036111111121));
#3115 = CARTESIAN_POINT('',(37.529190655717,32.934656969322,
    18.272222222194));
#3116 = CARTESIAN_POINT('',(23.787485007107,46.123573612626,
    18.508333333381));
#3117 = CARTESIAN_POINT('',(4.998359245388,52.768173987965,18.7444444444
    ));
#3118 = CARTESIAN_POINT('',(-15.19687722956,50.779116806056,
    18.98055555558));
#3119 = CARTESIAN_POINT('',(-32.32867798134,40.596613969125,
    19.216666666661));
#3120 = CARTESIAN_POINT('',(-43.23331061426,24.980244880501,
    19.452777777782));
#3121 = CARTESIAN_POINT('',(-46.75945418998,7.488758920121,
    19.688888888882));
#3122 = CARTESIAN_POINT('',(-40.33427870983,-24.81277951514,
    20.161111111134));
#3123 = CARTESIAN_POINT('',(-30.38284494698,-39.62340866061,
    20.39722222212));
#3124 = CARTESIAN_POINT('',(-14.33215232408,-49.87803018895,
    20.633333333522));
#3125 = CARTESIAN_POINT('',(5.392242881388,-52.72937983573,
    20.869444444252));
#3126 = CARTESIAN_POINT('',(24.811387744294,-46.83864664304,
    21.105555555664));
#3127 = CARTESIAN_POINT('',(39.627497990974,-33.50954921729,
    21.341666666652));
#3128 = CARTESIAN_POINT('',(47.275998691347,-16.06585599014,
    21.577777777763));
#3129 = CARTESIAN_POINT('',(47.321968778453,1.777452457886,
    21.813888888893));
#3130 = CARTESIAN_POINT('',(34.718533708554,32.204836336131,
    22.28611111112));
#3131 = CARTESIAN_POINT('',(22.068903545837,44.78945497822,
    22.522222222142));
#3132 = CARTESIAN_POINT('',(4.326043064766,51.715702036888,
    22.758333333572));
#3133 = CARTESIAN_POINT('',(-15.57562413813,50.66422518764,
    22.994444444031));
#3134 = CARTESIAN_POINT('',(-33.47241054253,41.098193556708,
    23.230555556027));
#3135 = CARTESIAN_POINT('',(-45.40345547606,25.134731281602,
    23.466666666308));
#3136 = CARTESIAN_POINT('',(-49.50189665146,6.534065263844,
    23.702777777953));
#3137 = CARTESIAN_POINT('',(-46.06592664522,-10.97535733473,
    23.938888888845));
#3138 = CARTESIAN_POINT('',(-27.76857492725,-38.3592793574,
    24.411111111154));
#3139 = CARTESIAN_POINT('',(-12.90686655772,-48.23426765921,
    24.647222222087));
#3140 = CARTESIAN_POINT('',(5.846313603247,-51.56596845809,
    24.88333333355));
#3141 = CARTESIAN_POINT('',(25.160442894488,-46.65207277828,
    25.119444444259));
#3142 = CARTESIAN_POINT('',(40.847107374827,-33.77835994029,
    25.355555555611));
#3143 = CARTESIAN_POINT('',(49.434583629996,-15.79399971831,
    25.591666666723));
#3144 = CARTESIAN_POINT('',(49.825464484145,3.24882592612,
    25.827777777708));
#3145 = CARTESIAN_POINT('',(43.039596785106,19.751485384269,
    26.063888888921));
#3146 = CARTESIAN_POINT('',(31.395541084684,31.395541084681,
    26.299999999996));
#3147 = ORIENTED_EDGE('',*,*,#3083,.F.);
#3148 = B_SPLINE_SURFACE_WITH_KNOTS('',1,9,(
    (#3149,#3150,#3151,#3152,#3153,#3154,#3155,#3156,#3157,#3158,#3159
      ,#3160,#3161,#3162,#3163,#3164,#3165,#3166,#3167,#3168,#3169,#3170
      ,#3171,#3172,#3173,#3174,#3175,#3176,#3177,#3178,#3179,#3180,#3181
      ,#3182)
    ,(#3183,#3184,#3185,#3186,#3187,#3188,#3189,#3190,#3191,#3192,#3193
      ,#3194,#3195,#3196,#3197,#3198,#3199,#3200,#3201,#3202,#3203,#3204
      ,#3205,#3206,#3207,#3208,#3209,#3210,#3211,#3212,#3213,#3214,#3215
      ,#3216
    )),.UNSPECIFIED.,.F.,.F.,.F.,(2,2),(10,8,8,8,10),(0.,0.6),(0.,
    3.347291157551,6.694582315101,10.041873472652,13.389164630203),
  .UNSPECIFIED.);
#3149 = CARTESIAN_POINT('',(44.4,1.421E-14,17.2));
#3150 = CARTESIAN_POINT('',(44.40000000002,16.467181492536,
    17.436111111121));
#3151 = CARTESIAN_POINT('',(37.529190655727,32.934656969322,
    17.672222222194));
#3152 = CARTESIAN_POINT('',(23.787485007087,46.123573612625,
    17.908333333381));
#3153 = CARTESIAN_POINT('',(4.998359245416,52.768173987966,
    18.144444444401));
#3154 = CARTESIAN_POINT('',(-15.19687722958,50.779116806055,
    18.380555555579));
#3155 = CARTESIAN_POINT('',(-32.32867798132,40.596613969126,
    18.616666666662));
#3156 = CARTESIAN_POINT('',(-43.23331061426,24.980244880501,
    18.852777777782));
#3157 = CARTESIAN_POINT('',(-46.75945418998,7.48875892012,
    19.088888888882));
#3158 = CARTESIAN_POINT('',(-40.33427870982,-24.81277951514,
    19.561111111134));
#3159 = CARTESIAN_POINT('',(-30.38284494701,-39.62340866062,
    19.79722222212));
#3160 = CARTESIAN_POINT('',(-14.332152324,-49.87803018893,
    20.033333333522));
#3161 = CARTESIAN_POINT('',(5.392242881288,-52.72937983576,
    20.269444444252));
#3162 = CARTESIAN_POINT('',(24.811387744378,-46.83864664302,
    20.505555555664));
#3163 = CARTESIAN_POINT('',(39.627497990928,-33.50954921731,
    20.741666666652));
#3164 = CARTESIAN_POINT('',(47.27599869136,-16.06585599014,
    20.977777777763));
#3165 = CARTESIAN_POINT('',(47.321968778453,1.777452457886,
    21.213888888893));
#3166 = CARTESIAN_POINT('',(34.71853370855,32.20483633613,21.68611111112
    ));
#3167 = CARTESIAN_POINT('',(22.068903545849,44.789454978223,
    21.922222222143));
#3168 = CARTESIAN_POINT('',(4.326043064761,51.715702036895,
    22.15833333357));
#3169 = CARTESIAN_POINT('',(-15.57562413816,50.664225187608,
    22.394444444033));
#3170 = CARTESIAN_POINT('',(-33.47241054246,41.098193556763,
    22.630555556025));
#3171 = CARTESIAN_POINT('',(-45.40345547613,25.134731281549,
    22.866666666309));
#3172 = CARTESIAN_POINT('',(-49.50189665142,6.534065263874,
    23.102777777952));
#3173 = CARTESIAN_POINT('',(-46.06592664523,-10.97535733473,
    23.338888888845));
#3174 = CARTESIAN_POINT('',(-27.76857492724,-38.35927935739,
    23.811111111154));
#3175 = CARTESIAN_POINT('',(-12.90686655776,-48.23426765924,
    24.047222222087));
#3176 = CARTESIAN_POINT('',(5.846313603338,-51.56596845803,
    24.283333333551));
#3177 = CARTESIAN_POINT('',(25.160442894367,-46.65207277836,
    24.519444444258));
#3178 = CARTESIAN_POINT('',(40.847107374934,-33.77835994021,
    24.755555555612));
#3179 = CARTESIAN_POINT('',(49.43458362993,-15.79399971837,
    24.991666666723));
#3180 = CARTESIAN_POINT('',(49.825464484172,3.248825926145,
    25.227777777708));
#3181 = CARTESIAN_POINT('',(43.039596785099,19.751485384263,
    25.463888888921));
#3182 = CARTESIAN_POINT('',(31.395541084685,31.395541084681,
    25.699999999996));
#3183 = CARTESIAN_POINT('',(44.4,0.,17.8));
#3184 = CARTESIAN_POINT('',(44.400000000023,16.467181492536,
    18.036111111121));
#3185 = CARTESIAN_POINT('',(37.529190655717,32.934656969322,
    18.272222222194));
#3186 = CARTESIAN_POINT('',(23.787485007107,46.123573612626,
    18.508333333381));
#3187 = CARTESIAN_POINT('',(4.998359245388,52.768173987965,18.7444444444
    ));
#3188 = CARTESIAN_POINT('',(-15.19687722956,50.779116806056,
    18.98055555558));
#3189 = CARTESIAN_POINT('',(-32.32867798134,40.596613969125,
    19.216666666661));
#3190 = CARTESIAN_POINT('',(-43.23331061426,24.980244880501,
    19.452777777782));
#3191 = CARTESIAN_POINT('',(-46.75945418998,7.488758920121,
    19.688888888882));
#3192 = CARTESIAN_POINT('',(-40.33427870983,-24.81277951514,
    20.161111111134));
#3193 = CARTESIAN_POINT('',(-30.38284494698,-39.62340866061,
    20.39722222212));
#3194 = CARTESIAN_POINT('',(-14.33215232408,-49.87803018895,
    20.633333333522));
#3195 = CARTESIAN_POINT('',(5.392242881388,-52.72937983573,
    20.869444444252));
#3196 = CARTESIAN_POINT('',(24.811387744294,-46.83864664304,
    21.105555555664));
#3197 = CARTESIAN_POINT('',(39.627497990974,-33.50954921729,
    21.341666666652));
#3198 = CARTESIAN_POINT('',(47.275998691347,-16.06585599014,
    21.577777777763));
#3199 = CARTESIAN_POINT('',(47.321968778453,1.777452457886,
    21.813888888893));
#3200 = CARTESIAN_POINT('',(34.718533708554,32.204836336131,
    22.28611111112));
#3201 = CARTESIAN_POINT('',(22.068903545837,44.78945497822,
    22.522222222142));
#3202 = CARTESIAN_POINT('',(4.326043064766,51.715702036888,
    22.758333333572));
#3203 = CARTESIAN_POINT('',(-15.57562413813,50.66422518764,
    22.994444444031));
#3204 = CARTESIAN_POINT('',(-33.47241054253,41.098193556708,
    23.230555556027));
#3205 = CARTESIAN_POINT('',(-45.40345547606,25.134731281602,
    23.466666666308));
#3206 = CARTESIAN_POINT('',(-49.50189665146,6.534065263844,
    23.702777777953));
#3207 = CARTESIAN_POINT('',(-46.06592664522,-10.97535733473,
    23.938888888845));
#3208 = CARTESIAN_POINT('',(-27.76857492725,-38.3592793574,
    24.411111111154));
#3209 = CARTESIAN_POINT('',(-12.90686655772,-48.23426765921,
    24.647222222087));
#3210 = CARTESIAN_POINT('',(5.846313603247,-51.56596845809,
    24.88333333355));
#3211 = CARTESIAN_POINT('',(25.160442894488,-46.65207277828,
    25.119444444259));
#3212 = CARTESIAN_POINT('',(40.847107374827,-33.77835994029,
    25.355555555611));
#3213 = CARTESIAN_POINT('',(49.434583629996,-15.79399971831,
    25.591666666723));
#3214 = CARTESIAN_POINT('',(49.825464484145,3.24882592612,
    25.827777777708));
#3215 = CARTESIAN_POINT('',(43.039596785106,19.751485384269,
    26.063888888921));
#3216 = CARTESIAN_POINT('',(31.395541084684,31.395541084681,
    26.299999999996));
#3217 = ADVANCED_FACE('',(#3218),#3228,.F.);
#3218 = FACE_BOUND('',#3219,.F.);
#3219 = EDGE_LOOP('',(#3220,#3221,#3222,#3223));
#3220 = ORIENTED_EDGE('',*,*,#2802,.F.);
#3221 = ORIENTED_EDGE('',*,*,#2535,.T.);
#3222 = ORIENTED_EDGE('',*,*,#3104,.T.);
#3223 = ORIENTED_EDGE('',*,*,#3224,.T.);
#3224 = EDGE_CURVE('',#3105,#2795,#3225,.T.);
#3225 = B_SPLINE_CURVE_WITH_KNOTS('',1,(#3226,#3227),.UNSPECIFIED.,.F.,
  .F.,(2,2),(0.,2.059126028197),.PIECEWISE_BEZIER_KNOTS.);
#3226 = CARTESIAN_POINT('',(44.4,1.421E-14,17.8));
#3227 = CARTESIAN_POINT('',(46.2,-7.11E-15,18.8));
#3228 = PLANE('',#3229);
#3229 = AXIS2_PLACEMENT_3D('',#3230,#3231,#3232);
#3230 = CARTESIAN_POINT('',(45.545960372249,3.84E-15,17.5));
#3231 = DIRECTION('',(2.85E-15,1.,3.44E-15));
#3232 = DIRECTION('',(0.,-3.44E-15,1.));
#3233 = ADVANCED_FACE('',(#3234,#3245),#3248,.F.);
#3234 = FACE_BOUND('',#3235,.F.);
#3235 = EDGE_LOOP('',(#3236));
#3236 = ORIENTED_EDGE('',*,*,#3237,.T.);
#3237 = EDGE_CURVE('',#3238,#3238,#3240,.T.);
#3238 = VERTEX_POINT('',#3239);
#3239 = CARTESIAN_POINT('',(48.25,-1.2E-14,14.));
#3240 = CIRCLE('',#3241,48.25);
#3241 = AXIS2_PLACEMENT_3D('',#3242,#3243,#3244);
#3242 = CARTESIAN_POINT('',(0.,0.,14.));
#3243 = DIRECTION('',(0.,0.,1.));
#3244 = DIRECTION('',(1.,0.,0.));
#3245 = FACE_BOUND('',#3246,.F.);
#3246 = EDGE_LOOP('',(#3247));
#3247 = ORIENTED_EDGE('',*,*,#2785,.T.);
#3248 = PLANE('',#3249);
#3249 = AXIS2_PLACEMENT_3D('',#3250,#3251,#3252);
#3250 = CARTESIAN_POINT('',(0.,0.,14.));
#3251 = DIRECTION('',(0.,0.,1.));
#3252 = DIRECTION('',(1.,0.,0.));
#3253 = ADVANCED_FACE('',(#3254),#3262,.T.);
#3254 = FACE_BOUND('',#3255,.T.);
#3255 = EDGE_LOOP('',(#3256,#3257,#3258,#3259,#3260,#3261));
#3256 = ORIENTED_EDGE('',*,*,#3111,.F.);
#3257 = ORIENTED_EDGE('',*,*,#3224,.T.);
#3258 = ORIENTED_EDGE('',*,*,#2816,.T.);
#3259 = ORIENTED_EDGE('',*,*,#2937,.T.);
#3260 = ORIENTED_EDGE('',*,*,#3045,.T.);
#3261 = ORIENTED_EDGE('',*,*,#3090,.F.);
#3262 = B_SPLINE_SURFACE_WITH_KNOTS('',1,9,(
    (#3263,#3264,#3265,#3266,#3267,#3268,#3269,#3270,#3271,#3272,#3273
      ,#3274,#3275,#3276,#3277,#3278,#3279,#3280,#3281,#3282,#3283,#3284
      ,#3285,#3286,#3287,#3288,#3289,#3290,#3291,#3292,#3293,#3294,#3295
      ,#3296)
    ,(#3297,#3298,#3299,#3300,#3301,#3302,#3303,#3304,#3305,#3306,#3307
      ,#3308,#3309,#3310,#3311,#3312,#3313,#3314,#3315,#3316,#3317,#3318
      ,#3319,#3320,#3321,#3322,#3323,#3324,#3325,#3326,#3327,#3328,#3329
      ,#3330
    )),.UNSPECIFIED.,.F.,.F.,.F.,(2,2),(10,8,8,8,10),(0.,2.059126028197)
  ,(0.,3.347291157551,6.694582315101,10.041873472652,13.389164630203),
  .UNSPECIFIED.);
#3263 = CARTESIAN_POINT('',(44.4,1.421E-14,17.8));
#3264 = CARTESIAN_POINT('',(44.400000000022,16.467181492536,
    18.036111111121));
#3265 = CARTESIAN_POINT('',(37.529190655719,32.934656969322,
    18.272222222194));
#3266 = CARTESIAN_POINT('',(23.787485007104,46.123573612627,
    18.50833333338));
#3267 = CARTESIAN_POINT('',(4.998359245392,52.768173987964,
    18.744444444401));
#3268 = CARTESIAN_POINT('',(-15.19687722956,50.779116806057,
    18.980555555579));
#3269 = CARTESIAN_POINT('',(-32.32867798133,40.596613969125,
    19.216666666662));
#3270 = CARTESIAN_POINT('',(-43.23331061426,24.980244880501,
    19.452777777782));
#3271 = CARTESIAN_POINT('',(-46.75945418998,7.488758920121,
    19.688888888882));
#3272 = CARTESIAN_POINT('',(-40.33427870983,-24.81277951514,
    20.161111111134));
#3273 = CARTESIAN_POINT('',(-30.38284494698,-39.62340866061,
    20.39722222212));
#3274 = CARTESIAN_POINT('',(-14.33215232408,-49.87803018895,
    20.633333333523));
#3275 = CARTESIAN_POINT('',(5.392242881389,-52.72937983573,
    20.86944444425));
#3276 = CARTESIAN_POINT('',(24.811387744293,-46.83864664305,
    21.105555555666));
#3277 = CARTESIAN_POINT('',(39.627497990974,-33.50954921729,
    21.341666666651));
#3278 = CARTESIAN_POINT('',(47.275998691347,-16.06585599014,
    21.577777777763));
#3279 = CARTESIAN_POINT('',(47.321968778453,1.777452457886,
    21.813888888893));
#3280 = CARTESIAN_POINT('',(34.718533708554,32.204836336131,
    22.28611111112));
#3281 = CARTESIAN_POINT('',(22.068903545838,44.78945497822,
    22.522222222143));
#3282 = CARTESIAN_POINT('',(4.326043064765,51.715702036889,
    22.75833333357));
#3283 = CARTESIAN_POINT('',(-15.57562413813,50.664225187638,
    22.994444444033));
#3284 = CARTESIAN_POINT('',(-33.47241054253,41.098193556711,
    23.230555556025));
#3285 = CARTESIAN_POINT('',(-45.40345547606,25.1347312816,23.46666666631
    ));
#3286 = CARTESIAN_POINT('',(-49.50189665146,6.534065263845,
    23.702777777952));
#3287 = CARTESIAN_POINT('',(-46.06592664521,-10.97535733473,
    23.938888888845));
#3288 = CARTESIAN_POINT('',(-27.76857492725,-38.3592793574,
    24.411111111154));
#3289 = CARTESIAN_POINT('',(-12.90686655772,-48.23426765921,
    24.647222222087));
#3290 = CARTESIAN_POINT('',(5.84631360325,-51.56596845809,24.88333333355
    ));
#3291 = CARTESIAN_POINT('',(25.160442894483,-46.65207277828,
    25.119444444259));
#3292 = CARTESIAN_POINT('',(40.847107374832,-33.77835994029,
    25.355555555611));
#3293 = CARTESIAN_POINT('',(49.434583629992,-15.79399971831,
    25.591666666723));
#3294 = CARTESIAN_POINT('',(49.825464484147,3.24882592612,
    25.827777777708));
#3295 = CARTESIAN_POINT('',(43.039596785106,19.751485384269,
    26.063888888921));
#3296 = CARTESIAN_POINT('',(31.395541084684,31.395541084681,
    26.299999999996));
#3297 = CARTESIAN_POINT('',(46.2,-7.11E-15,18.8));
#3298 = CARTESIAN_POINT('',(46.200000000027,17.134769931466,
    19.036111111111));
#3299 = CARTESIAN_POINT('',(39.05064433093,34.269845765242,
    19.272222222222));
#3300 = CARTESIAN_POINT('',(24.751842507432,47.993448218776,
    19.508333333334));
#3301 = CARTESIAN_POINT('',(5.200995430954,54.907424284545,
    19.744444444444));
#3302 = CARTESIAN_POINT('',(-15.81296684692,52.837729649665,
    19.980555555556));
#3303 = CARTESIAN_POINT('',(-33.6393000617,42.242422643541,
    20.216666666666));
#3304 = CARTESIAN_POINT('',(-44.9860123959,25.992957510759,
    20.452777777778));
#3305 = CARTESIAN_POINT('',(-48.65510773822,7.792357254735,
    20.688888888889));
#3306 = CARTESIAN_POINT('',(-41.96945217104,-25.81870300902,
    21.161111111111));
#3307 = CARTESIAN_POINT('',(-31.61458190424,-41.22976306568,
    21.397222222222));
#3308 = CARTESIAN_POINT('',(-14.91318552652,-51.90011249406,
    21.633333333333));
#3309 = CARTESIAN_POINT('',(5.610847322691,-54.8670573965,
    21.869444444445));
#3310 = CARTESIAN_POINT('',(25.817254814849,-48.7375106962,
    22.105555555554));
#3311 = CARTESIAN_POINT('',(41.234018179907,-34.86804445585,
    22.341666666669));
#3312 = CARTESIAN_POINT('',(49.192593232845,-16.71717447619,
    22.577777777776));
#3313 = CARTESIAN_POINT('',(49.240426972181,1.849511341302,
    22.813888888889));
#3314 = CARTESIAN_POINT('',(36.126041831871,33.510437809236,
    23.286111111111));
#3315 = CARTESIAN_POINT('',(22.963588824722,46.605243693504,
    23.522222222222));
#3316 = CARTESIAN_POINT('',(4.501423188988,53.812284551965,
    23.758333333336));
#3317 = CARTESIAN_POINT('',(-16.20706835988,52.718180262794,
    23.994444444438));
#3318 = CARTESIAN_POINT('',(-34.82940015922,42.764336538674,
    24.230555555563));
#3319 = CARTESIAN_POINT('',(-47.24413610337,26.153706874195,
    24.46666666666));
#3320 = CARTESIAN_POINT('',(-51.50873029955,6.798959801496,
    24.702777777781));
#3321 = CARTESIAN_POINT('',(-47.9334642119,-11.42030425368,
    24.938888888888));
#3322 = CARTESIAN_POINT('',(-28.89432796485,-39.91438527732,
    25.411111111112));
#3323 = CARTESIAN_POINT('',(-13.43011790461,-50.18971094259,
    25.647222222218));
#3324 = CARTESIAN_POINT('',(6.083326316803,-53.65648069307,
    25.88333333334));
#3325 = CARTESIAN_POINT('',(26.180460849827,-48.54337302582,
    26.11944444444));
#3326 = CARTESIAN_POINT('',(42.503071187144,-35.147752911,
    26.355555555556));
#3327 = CARTESIAN_POINT('',(51.438688371894,-16.43429700412,
    26.59166666667));
#3328 = CARTESIAN_POINT('',(51.845415746944,3.380535085275,
    26.827777777775));
#3329 = CARTESIAN_POINT('',(44.784445303442,20.55222127823,
    27.06388888889));
#3330 = CARTESIAN_POINT('',(32.668333290817,32.668333290817,27.3));
#3331 = ADVANCED_FACE('',(#3332,#3335),#3346,.F.);
#3332 = FACE_BOUND('',#3333,.F.);
#3333 = EDGE_LOOP('',(#3334));
#3334 = ORIENTED_EDGE('',*,*,#3065,.T.);
#3335 = FACE_BOUND('',#3336,.F.);
#3336 = EDGE_LOOP('',(#3337));
#3337 = ORIENTED_EDGE('',*,*,#3338,.T.);
#3338 = EDGE_CURVE('',#3339,#3339,#3341,.T.);
#3339 = VERTEX_POINT('',#3340);
#3340 = CARTESIAN_POINT('',(11.,-3.E-15,30.));
#3341 = CIRCLE('',#3342,11.);
#3342 = AXIS2_PLACEMENT_3D('',#3343,#3344,#3345);
#3343 = CARTESIAN_POINT('',(0.,0.,30.));
#3344 = DIRECTION('',(0.,0.,-1.));
#3345 = DIRECTION('',(1.,0.,0.));
#3346 = PLANE('',#3347);
#3347 = AXIS2_PLACEMENT_3D('',#3348,#3349,#3350);
#3348 = CARTESIAN_POINT('',(0.,0.,30.));
#3349 = DIRECTION('',(0.,0.,1.));
#3350 = DIRECTION('',(1.,0.,0.));
#3351 = ADVANCED_FACE('',(#3352),#3371,.T.);
#3352 = FACE_BOUND('',#3353,.F.);
#3353 = EDGE_LOOP('',(#3354,#3362,#3369,#3370));
#3354 = ORIENTED_EDGE('',*,*,#3355,.T.);
#3355 = EDGE_CURVE('',#3238,#3356,#3358,.T.);
#3356 = VERTEX_POINT('',#3357);
#3357 = CARTESIAN_POINT('',(48.25,-1.2E-14,40.));
#3358 = LINE('',#3359,#3360);
#3359 = CARTESIAN_POINT('',(48.25,-1.182E-14,14.));
#3360 = VECTOR('',#3361,1.);
#3361 = DIRECTION('',(0.,0.,1.));
#3362 = ORIENTED_EDGE('',*,*,#3363,.T.);
#3363 = EDGE_CURVE('',#3356,#3356,#3364,.T.);
#3364 = CIRCLE('',#3365,48.25);
#3365 = AXIS2_PLACEMENT_3D('',#3366,#3367,#3368);
#3366 = CARTESIAN_POINT('',(0.,0.,40.));
#3367 = DIRECTION('',(0.,0.,1.));
#3368 = DIRECTION('',(1.,0.,0.));
#3369 = ORIENTED_EDGE('',*,*,#3355,.F.);
#3370 = ORIENTED_EDGE('',*,*,#3237,.F.);
#3371 = CYLINDRICAL_SURFACE('',#3372,48.25);
#3372 = AXIS2_PLACEMENT_3D('',#3373,#3374,#3375);
#3373 = CARTESIAN_POINT('',(0.,0.,14.));
#3374 = DIRECTION('',(-0.,-0.,-1.));
#3375 = DIRECTION('',(1.,0.,0.));
#3376 = ADVANCED_FACE('',(#3377),#3396,.F.);
#3377 = FACE_BOUND('',#3378,.T.);
#3378 = EDGE_LOOP('',(#3379,#3380,#3388,#3395));
#3379 = ORIENTED_EDGE('',*,*,#3338,.T.);
#3380 = ORIENTED_EDGE('',*,*,#3381,.T.);
#3381 = EDGE_CURVE('',#3339,#3382,#3384,.T.);
#3382 = VERTEX_POINT('',#3383);
#3383 = CARTESIAN_POINT('',(11.,-3.E-15,40.));
#3384 = LINE('',#3385,#3386);
#3385 = CARTESIAN_POINT('',(11.,-2.69E-15,29.99));
#3386 = VECTOR('',#3387,1.);
#3387 = DIRECTION('',(0.,0.,1.));
#3388 = ORIENTED_EDGE('',*,*,#3389,.F.);
#3389 = EDGE_CURVE('',#3382,#3382,#3390,.T.);
#3390 = CIRCLE('',#3391,11.);
#3391 = AXIS2_PLACEMENT_3D('',#3392,#3393,#3394);
#3392 = CARTESIAN_POINT('',(0.,0.,40.));
#3393 = DIRECTION('',(0.,0.,-1.));
#3394 = DIRECTION('',(1.,0.,0.));
#3395 = ORIENTED_EDGE('',*,*,#3381,.F.);
#3396 = CYLINDRICAL_SURFACE('',#3397,11.);
#3397 = AXIS2_PLACEMENT_3D('',#3398,#3399,#3400);
#3398 = CARTESIAN_POINT('',(0.,0.,29.99));
#3399 = DIRECTION('',(-0.,-0.,-1.));
#3400 = DIRECTION('',(1.,0.,0.));
#3401 = ADVANCED_FACE('',(#3402,#3405,#3416,#3427,#3438,#3441),#3452,.T.
  );
#3402 = FACE_BOUND('',#3403,.T.);
#3403 = EDGE_LOOP('',(#3404));
#3404 = ORIENTED_EDGE('',*,*,#3363,.T.);
#3405 = FACE_BOUND('',#3406,.T.);
#3406 = EDGE_LOOP('',(#3407));
#3407 = ORIENTED_EDGE('',*,*,#3408,.T.);
#3408 = EDGE_CURVE('',#3409,#3409,#3411,.T.);
#3409 = VERTEX_POINT('',#3410);
#3410 = CARTESIAN_POINT('',(-12.74213562373,-14.14213562373,40.));
#3411 = CIRCLE('',#3412,1.4);
#3412 = AXIS2_PLACEMENT_3D('',#3413,#3414,#3415);
#3413 = CARTESIAN_POINT('',(-14.14213562373,-14.14213562373,40.));
#3414 = DIRECTION('',(0.,0.,-1.));
#3415 = DIRECTION('',(1.,0.,0.));
#3416 = FACE_BOUND('',#3417,.T.);
#3417 = EDGE_LOOP('',(#3418));
#3418 = ORIENTED_EDGE('',*,*,#3419,.T.);
#3419 = EDGE_CURVE('',#3420,#3420,#3422,.T.);
#3420 = VERTEX_POINT('',#3421);
#3421 = CARTESIAN_POINT('',(15.542135623731,-14.14213562373,40.));
#3422 = CIRCLE('',#3423,1.4);
#3423 = AXIS2_PLACEMENT_3D('',#3424,#3425,#3426);
#3424 = CARTESIAN_POINT('',(14.142135623731,-14.14213562373,40.));
#3425 = DIRECTION('',(0.,0.,-1.));
#3426 = DIRECTION('',(1.,0.,0.));
#3427 = FACE_BOUND('',#3428,.T.);
#3428 = EDGE_LOOP('',(#3429));
#3429 = ORIENTED_EDGE('',*,*,#3430,.T.);
#3430 = EDGE_CURVE('',#3431,#3431,#3433,.T.);
#3431 = VERTEX_POINT('',#3432);
#3432 = CARTESIAN_POINT('',(-12.74213562373,14.142135623731,40.));
#3433 = CIRCLE('',#3434,1.4);
#3434 = AXIS2_PLACEMENT_3D('',#3435,#3436,#3437);
#3435 = CARTESIAN_POINT('',(-14.14213562373,14.142135623731,40.));
#3436 = DIRECTION('',(0.,0.,-1.));
#3437 = DIRECTION('',(1.,0.,0.));
#3438 = FACE_BOUND('',#3439,.T.);
#3439 = EDGE_LOOP('',(#3440));
#3440 = ORIENTED_EDGE('',*,*,#3389,.T.);
#3441 = FACE_BOUND('',#3442,.T.);
#3442 = EDGE_LOOP('',(#3443));
#3443 = ORIENTED_EDGE('',*,*,#3444,.T.);
#3444 = EDGE_CURVE('',#3445,#3445,#3447,.T.);
#3445 = VERTEX_POINT('',#3446);
#3446 = CARTESIAN_POINT('',(15.542135623731,14.142135623731,40.));
#3447 = CIRCLE('',#3448,1.4);
#3448 = AXIS2_PLACEMENT_3D('',#3449,#3450,#3451);
#3449 = CARTESIAN_POINT('',(14.142135623731,14.142135623731,40.));
#3450 = DIRECTION('',(0.,0.,-1.));
#3451 = DIRECTION('',(1.,0.,0.));
#3452 = PLANE('',#3453);
#3453 = AXIS2_PLACEMENT_3D('',#3454,#3455,#3456);
#3454 = CARTESIAN_POINT('',(0.,0.,40.));
#3455 = DIRECTION('',(0.,0.,1.));
#3456 = DIRECTION('',(1.,0.,0.));
#3457 = ADVANCED_FACE('',(#3458),#3477,.F.);
#3458 = FACE_BOUND('',#3459,.T.);
#3459 = EDGE_LOOP('',(#3460,#3469,#3475,#3476));
#3460 = ORIENTED_EDGE('',*,*,#3461,.F.);
#3461 = EDGE_CURVE('',#3462,#3462,#3464,.T.);
#3462 = VERTEX_POINT('',#3463);
#3463 = CARTESIAN_POINT('',(-12.74213562373,-14.14213562373,32.));
#3464 = CIRCLE('',#3465,1.4);
#3465 = AXIS2_PLACEMENT_3D('',#3466,#3467,#3468);
#3466 = CARTESIAN_POINT('',(-14.14213562373,-14.14213562373,32.));
#3467 = DIRECTION('',(0.,0.,1.));
#3468 = DIRECTION('',(1.,0.,0.));
#3469 = ORIENTED_EDGE('',*,*,#3470,.T.);
#3470 = EDGE_CURVE('',#3462,#3409,#3471,.T.);
#3471 = LINE('',#3472,#3473);
#3472 = CARTESIAN_POINT('',(-12.74213562373,-14.14213562373,32.));
#3473 = VECTOR('',#3474,1.);
#3474 = DIRECTION('',(0.,0.,1.));
#3475 = ORIENTED_EDGE('',*,*,#3408,.F.);
#3476 = ORIENTED_EDGE('',*,*,#3470,.F.);
#3477 = CYLINDRICAL_SURFACE('',#3478,1.4);
#3478 = AXIS2_PLACEMENT_3D('',#3479,#3480,#3481);
#3479 = CARTESIAN_POINT('',(-14.14213562373,-14.14213562373,32.));
#3480 = DIRECTION('',(-0.,-0.,-1.));
#3481 = DIRECTION('',(1.,0.,0.));
#3482 = ADVANCED_FACE('',(#3483),#3502,.F.);
#3483 = FACE_BOUND('',#3484,.T.);
#3484 = EDGE_LOOP('',(#3485,#3494,#3500,#3501));
#3485 = ORIENTED_EDGE('',*,*,#3486,.F.);
#3486 = EDGE_CURVE('',#3487,#3487,#3489,.T.);
#3487 = VERTEX_POINT('',#3488);
#3488 = CARTESIAN_POINT('',(15.542135623731,-14.14213562373,32.));
#3489 = CIRCLE('',#3490,1.4);
#3490 = AXIS2_PLACEMENT_3D('',#3491,#3492,#3493);
#3491 = CARTESIAN_POINT('',(14.142135623731,-14.14213562373,32.));
#3492 = DIRECTION('',(0.,0.,1.));
#3493 = DIRECTION('',(1.,0.,0.));
#3494 = ORIENTED_EDGE('',*,*,#3495,.T.);
#3495 = EDGE_CURVE('',#3487,#3420,#3496,.T.);
#3496 = LINE('',#3497,#3498);
#3497 = CARTESIAN_POINT('',(15.542135623731,-14.14213562373,32.));
#3498 = VECTOR('',#3499,1.);
#3499 = DIRECTION('',(0.,0.,1.));
#3500 = ORIENTED_EDGE('',*,*,#3419,.F.);
#3501 = ORIENTED_EDGE('',*,*,#3495,.F.);
#3502 = CYLINDRICAL_SURFACE('',#3503,1.4);
#3503 = AXIS2_PLACEMENT_3D('',#3504,#3505,#3506);
#3504 = CARTESIAN_POINT('',(14.142135623731,-14.14213562373,32.));
#3505 = DIRECTION('',(-0.,-0.,-1.));
#3506 = DIRECTION('',(1.,0.,0.));
#3507 = ADVANCED_FACE('',(#3508),#3527,.F.);
#3508 = FACE_BOUND('',#3509,.T.);
#3509 = EDGE_LOOP('',(#3510,#3519,#3525,#3526));
#3510 = ORIENTED_EDGE('',*,*,#3511,.F.);
#3511 = EDGE_CURVE('',#3512,#3512,#3514,.T.);
#3512 = VERTEX_POINT('',#3513);
#3513 = CARTESIAN_POINT('',(-12.74213562373,14.142135623731,32.));
#3514 = CIRCLE('',#3515,1.4);
#3515 = AXIS2_PLACEMENT_3D('',#3516,#3517,#3518);
#3516 = CARTESIAN_POINT('',(-14.14213562373,14.142135623731,32.));
#3517 = DIRECTION('',(0.,0.,1.));
#3518 = DIRECTION('',(1.,0.,0.));
#3519 = ORIENTED_EDGE('',*,*,#3520,.T.);
#3520 = EDGE_CURVE('',#3512,#3431,#3521,.T.);
#3521 = LINE('',#3522,#3523);
#3522 = CARTESIAN_POINT('',(-12.74213562373,14.142135623731,32.));
#3523 = VECTOR('',#3524,1.);
#3524 = DIRECTION('',(0.,0.,1.));
#3525 = ORIENTED_EDGE('',*,*,#3430,.F.);
#3526 = ORIENTED_EDGE('',*,*,#3520,.F.);
#3527 = CYLINDRICAL_SURFACE('',#3528,1.4);
#3528 = AXIS2_PLACEMENT_3D('',#3529,#3530,#3531);
#3529 = CARTESIAN_POINT('',(-14.14213562373,14.142135623731,32.));
#3530 = DIRECTION('',(-0.,-0.,-1.));
#3531 = DIRECTION('',(1.,0.,0.));
#3532 = ADVANCED_FACE('',(#3533),#3552,.F.);
#3533 = FACE_BOUND('',#3534,.T.);
#3534 = EDGE_LOOP('',(#3535,#3544,#3550,#3551));
#3535 = ORIENTED_EDGE('',*,*,#3536,.F.);
#3536 = EDGE_CURVE('',#3537,#3537,#3539,.T.);
#3537 = VERTEX_POINT('',#3538);
#3538 = CARTESIAN_POINT('',(15.542135623731,14.142135623731,32.));
#3539 = CIRCLE('',#3540,1.4);
#3540 = AXIS2_PLACEMENT_3D('',#3541,#3542,#3543);
#3541 = CARTESIAN_POINT('',(14.142135623731,14.142135623731,32.));
#3542 = DIRECTION('',(0.,0.,1.));
#3543 = DIRECTION('',(1.,0.,0.));
#3544 = ORIENTED_EDGE('',*,*,#3545,.T.);
#3545 = EDGE_CURVE('',#3537,#3445,#3546,.T.);
#3546 = LINE('',#3547,#3548);
#3547 = CARTESIAN_POINT('',(15.542135623731,14.142135623731,32.));
#3548 = VECTOR('',#3549,1.);
#3549 = DIRECTION('',(0.,0.,1.));
#3550 = ORIENTED_EDGE('',*,*,#3444,.F.);
#3551 = ORIENTED_EDGE('',*,*,#3545,.F.);
#3552 = CYLINDRICAL_SURFACE('',#3553,1.4);
#3553 = AXIS2_PLACEMENT_3D('',#3554,#3555,#3556);
#3554 = CARTESIAN_POINT('',(14.142135623731,14.142135623731,32.));
#3555 = DIRECTION('',(-0.,-0.,-1.));
#3556 = DIRECTION('',(1.,0.,0.));
#3557 = ADVANCED_FACE('',(#3558),#3561,.T.);
#3558 = FACE_BOUND('',#3559,.F.);
#3559 = EDGE_LOOP('',(#3560));
#3560 = ORIENTED_EDGE('',*,*,#3461,.F.);
#3561 = PLANE('',#3562);
#3562 = AXIS2_PLACEMENT_3D('',#3563,#3564,#3565);
#3563 = CARTESIAN_POINT('',(-14.14213562373,-14.14213562373,32.));
#3564 = DIRECTION('',(0.,0.,1.));
#3565 = DIRECTION('',(1.,0.,0.));
#3566 = ADVANCED_FACE('',(#3567),#3570,.T.);
#3567 = FACE_BOUND('',#3568,.F.);
#3568 = EDGE_LOOP('',(#3569));
#3569 = ORIENTED_EDGE('',*,*,#3486,.F.);
#3570 = PLANE('',#3571);
#3571 = AXIS2_PLACEMENT_3D('',#3572,#3573,#3574);
#3572 = CARTESIAN_POINT('',(14.142135623731,-14.14213562373,32.));
#3573 = DIRECTION('',(0.,0.,1.));
#3574 = DIRECTION('',(1.,0.,0.));
#3575 = ADVANCED_FACE('',(#3576),#3579,.T.);
#3576 = FACE_BOUND('',#3577,.F.);
#3577 = EDGE_LOOP('',(#3578));
#3578 = ORIENTED_EDGE('',*,*,#3511,.F.);
#3579 = PLANE('',#3580);
#3580 = AXIS2_PLACEMENT_3D('',#3581,#3582,#3583);
#3581 = CARTESIAN_POINT('',(-14.14213562373,14.142135623731,32.));
#3582 = DIRECTION('',(0.,0.,1.));
#3583 = DIRECTION('',(1.,0.,0.));
#3584 = ADVANCED_FACE('',(#3585),#3588,.T.);
#3585 = FACE_BOUND('',#3586,.F.);
#3586 = EDGE_LOOP('',(#3587));
#3587 = ORIENTED_EDGE('',*,*,#3536,.F.);
#3588 = PLANE('',#3589);
#3589 = AXIS2_PLACEMENT_3D('',#3590,#3591,#3592);
#3590 = CARTESIAN_POINT('',(14.142135623731,14.142135623731,32.));
#3591 = DIRECTION('',(0.,0.,1.));
#3592 = DIRECTION('',(1.,0.,0.));
#3593 = ( GEOMETRIC_REPRESENTATION_CONTEXT(3) 
GLOBAL_UNCERTAINTY_ASSIGNED_CONTEXT((#3597)) 
GLOBAL_UNIT_ASSIGNED_CONTEXT((#3594,#3595,#3596)) REPRESENTATION_CONTEXT
('Context #1','3D Context with UNIT and UNCERTAINTY') );
#3594 = ( LENGTH_UNIT() NAMED_UNIT(*) SI_UNIT(.MILLI.,.METRE.) );
#3595 = ( NAMED_UNIT(*) PLANE_ANGLE_UNIT() SI_UNIT($,.RADIAN.) );
#3596 = ( NAMED_UNIT(*) SI_UNIT($,.STERADIAN.) SOLID_ANGLE_UNIT() );
#3597 = UNCERTAINTY_MEASURE_WITH_UNIT(LENGTH_MEASURE(5.E-06),#3594,
  'distance_accuracy_value','confusion accuracy');
#3598 = PRODUCT_RELATED_PRODUCT_CATEGORY('part',$,(#7));
ENDSEC;
END-ISO-10303-21;
